# Blender 4.2.0
# www.blender.org
mtllib answering-machine-low.mtl
g body_body
v 14.608651 -0.249723 36.930298
v 15.390823 -0.229292 36.872227
v 16.153736 -0.168503 36.699451
v 16.878603 -0.068852 36.416218
v 17.547577 0.067207 36.029510
v 18.144184 0.236323 35.548840
v 18.653736 0.434333 34.986050
v 19.063683 0.656360 34.354996
v 19.363934 0.896939 33.671215
v 19.547092 1.150144 32.951546
v 19.608650 1.409740 32.213711
v 19.608650 -0.476894 31.549925
v 19.547092 -0.736492 32.287762
v 19.363934 -0.989697 33.007431
v 19.063683 -1.230274 33.691212
v 18.653736 -1.452302 34.322266
v 18.144184 -1.650311 34.885056
v 17.547577 -1.819428 35.365723
v 16.878603 -1.955486 35.752434
v 16.153736 -2.055137 36.035664
v 15.390823 -2.115926 36.208443
v 14.608651 -2.136357 36.266510
v -14.608651 -0.249723 36.930298
v -14.608651 -2.136357 36.266510
v -19.608650 1.409740 32.213711
v -19.547092 1.150144 32.951546
v -19.363934 0.896939 33.671215
v -19.063683 0.656360 34.354996
v -18.653736 0.434333 34.986050
v -18.144184 0.236323 35.548840
v -17.547577 0.067207 36.029510
v -16.878603 -0.068852 36.416218
v -16.153736 -0.168503 36.699451
v -15.390823 -0.229292 36.872227
v -15.390823 -2.115926 36.208443
v -16.153736 -2.055137 36.035664
v -16.878603 -1.955486 35.752434
v -17.547577 -1.819428 35.365723
v -18.144184 -1.650311 34.885056
v -18.653736 -1.452302 34.322266
v -19.063683 -1.230274 33.691212
v -19.363934 -0.989697 33.007431
v -19.547092 -0.736492 32.287762
v -19.608650 -0.476894 31.549925
v -19.608650 3.016286 27.647530
v -19.608650 1.129652 26.983744
v 19.608650 3.016286 27.647530
v 19.547092 3.275883 26.909693
v 19.363934 3.529088 26.190025
v 19.063683 3.769667 25.506245
v 18.653736 3.991694 24.875191
v 18.144184 4.189704 24.312401
v 17.547577 4.358820 23.831732
v 16.878603 4.494879 23.445021
v 16.153736 4.594530 23.161791
v 15.390823 4.655319 22.989014
v 14.608651 4.675750 22.930944
v 14.608651 2.789115 22.267159
v 15.390823 2.768685 22.325228
v 16.153736 2.707895 22.498005
v 16.878603 2.608245 22.781237
v 17.547577 2.472186 23.167946
v 18.144184 2.303070 23.648615
v 18.653736 2.105060 24.211405
v 19.063683 1.883032 24.842459
v 19.363934 1.642454 25.526239
v 19.547092 1.389249 26.245909
v 19.608650 1.129652 26.983744
v -14.608651 4.675750 22.930944
v -15.390823 4.655319 22.989014
v -16.153736 4.594530 23.161791
v -16.878603 4.494879 23.445021
v -17.547577 4.358820 23.831732
v -18.144184 4.189704 24.312401
v -18.653736 3.991694 24.875191
v -19.063683 3.769667 25.506245
v -19.363934 3.529088 26.190025
v -19.547092 3.275883 26.909693
v -19.547092 1.389249 26.245909
v -19.363934 1.642454 25.526239
v -19.063683 1.883032 24.842459
v -18.653736 2.105060 24.211405
v -18.144184 2.303070 23.648615
v -17.547577 2.472186 23.167946
v -16.878603 2.608245 22.781237
v -16.153736 2.707895 22.498005
v -15.390823 2.768685 22.325228
v -14.608651 2.789115 22.267159
v -20.000000 22.582193 -27.963388
v -19.925962 22.011572 -26.341547
v -19.704403 21.445173 -24.731712
v -19.336956 20.887196 -23.145805
v -18.826345 20.341764 -21.595566
v -18.176353 19.812923 -20.092470
v -17.391788 19.304583 -18.647650
v -16.478460 18.820509 -17.271799
v -15.443132 18.364286 -15.975104
v -14.293468 17.939291 -14.767167
v -13.037980 17.548670 -13.656930
v -11.685963 17.195314 -12.652614
v -10.247428 16.881845 -11.761653
v -8.733025 16.610577 -10.990643
v -7.153965 16.383518 -10.345295
v -5.521939 16.202354 -9.830384
v -3.849032 16.068424 -9.449724
v -2.147627 15.982720 -9.206132
v -0.430322 15.945876 -9.101413
v 1.290169 15.958165 -9.136341
v 3.001108 16.019497 -9.310657
v 4.689828 16.129416 -9.623073
v 6.343826 16.287109 -10.071273
v 7.950856 16.491407 -10.651941
v 9.499021 16.740803 -11.360776
v 10.976859 17.033443 -12.192531
v 12.373428 17.367163 -13.141047
v 13.678388 17.739496 -14.199305
v 14.882079 18.147682 -15.359466
v 15.975587 18.588699 -16.612944
v 16.950817 19.059284 -17.950455
v 17.800552 19.555950 -19.362097
v 18.518496 20.075022 -20.837421
v 19.099335 20.612656 -22.365503
v 19.538771 21.164871 -23.935030
v 19.833546 21.727581 -25.534380
v 19.981482 22.296618 -27.151716
v 19.981482 22.867767 -28.775061
v 19.833546 23.436806 -30.392395
v 19.538771 23.999514 -31.991747
v 19.099335 24.551729 -33.561272
v 18.518496 25.089365 -35.089355
v 17.800552 25.608435 -36.564682
v 16.950817 26.105101 -37.976326
v 15.975587 26.575684 -39.313835
v 14.882079 27.016703 -40.567310
v 13.678388 27.424889 -41.727474
v 12.373428 27.797222 -42.785728
v 10.976859 28.130943 -43.734245
v 9.499021 28.423584 -44.566002
v 7.950856 28.672977 -45.274837
v 6.343826 28.877277 -45.855503
v 4.689828 29.034969 -46.303707
v 3.001108 29.144890 -46.616119
v 1.290169 29.206221 -46.790440
v -0.430322 29.218510 -46.825367
v -2.147627 29.181665 -46.720646
v -3.849032 29.095961 -46.477055
v -5.521939 28.962030 -46.096394
v -7.153965 28.780867 -45.581482
v -8.733025 28.553810 -44.936134
v -10.247428 28.282541 -44.165127
v -11.685963 27.969069 -43.274166
v -13.037980 27.615715 -42.269848
v -14.293468 27.225094 -41.159611
v -15.443132 26.800098 -39.951675
v -16.478460 26.343876 -38.654980
v -17.391788 25.859802 -37.279129
v -18.176353 25.351463 -35.834309
v -18.826345 24.822620 -34.331207
v -19.336956 24.277191 -32.780968
v -19.704403 23.719212 -31.195065
v -19.925962 23.152815 -29.585230
v -20.000000 15.978973 -30.286638
v -19.925962 16.549595 -31.908480
v -19.704403 17.115992 -33.518311
v -19.336956 17.673971 -35.104218
v -18.826345 18.219400 -36.654457
v -18.176353 18.748241 -38.157555
v -17.391788 19.256580 -39.602375
v -16.478460 19.740656 -40.978226
v -15.443132 20.196878 -42.274918
v -14.293468 20.621874 -43.482857
v -13.037980 21.012495 -44.593094
v -11.685963 21.365849 -45.597408
v -10.247428 21.679321 -46.488373
v -8.733025 21.950590 -47.259380
v -7.153965 22.177647 -47.904728
v -5.521939 22.358810 -48.419640
v -3.849032 22.492741 -48.800301
v -2.147627 22.578445 -49.043892
v -0.430322 22.615290 -49.148609
v 1.290169 22.603001 -49.113682
v 3.001108 22.541670 -48.939365
v 4.689828 22.431749 -48.626949
v 6.343826 22.274057 -48.178749
v 7.950856 22.069757 -47.598083
v 9.499021 21.820364 -46.889248
v 10.976859 21.527723 -46.057491
v 12.373428 21.194000 -45.108974
v 13.678388 20.821669 -44.050720
v 14.882079 20.413483 -42.890556
v 15.975587 19.972464 -41.637081
v 16.950817 19.501881 -40.299572
v 17.800552 19.005215 -38.887928
v 18.518496 18.486145 -37.412605
v 19.099335 17.948509 -35.884521
v 19.538771 17.396294 -34.314995
v 19.833546 16.833586 -32.715645
v 19.981482 16.264547 -31.098310
v 19.981482 15.693398 -29.474966
v 19.833546 15.124361 -27.857632
v 19.538771 14.561652 -26.258280
v 19.099335 14.009438 -24.688751
v 18.518496 13.471803 -23.160669
v 17.800552 12.952731 -21.685347
v 16.950817 12.456064 -20.273701
v 15.975587 11.985481 -18.936190
v 14.882079 11.544463 -17.682714
v 13.678388 11.136277 -16.522552
v 12.373428 10.763945 -15.464297
v 10.976859 10.430223 -14.515779
v 9.499021 10.137581 -13.684025
v 7.950856 9.888187 -12.975190
v 6.343826 9.683888 -12.394522
v 4.689828 9.526195 -11.946321
v 3.001108 9.416276 -11.633907
v 1.290169 9.354945 -11.459590
v -0.430322 9.342656 -11.424662
v -2.147627 9.379500 -11.529381
v -3.849032 9.465204 -11.772973
v -5.521939 9.599134 -12.153633
v -7.153965 9.780298 -12.668544
v -8.733025 10.007355 -13.313893
v -10.247428 10.278624 -14.084902
v -11.685963 10.592096 -14.975863
v -13.037980 10.945450 -15.980180
v -14.293468 11.336071 -17.090414
v -15.443132 11.761067 -18.298351
v -16.478460 12.217289 -19.595045
v -17.391788 12.701364 -20.970900
v -18.176353 13.209703 -22.415720
v -18.826345 13.738545 -23.918816
v -19.336956 14.283975 -25.469055
v -19.704403 14.841954 -27.054962
v -19.925962 15.408351 -28.664797
v -33.309750 -2.409724 43.069530
v -35.403126 -2.392214 43.019760
v -37.457188 -2.340063 42.871536
v -39.459618 -2.253839 42.626465
v -41.398094 -2.134110 42.286167
v -43.260303 -1.981445 41.852257
v -45.033920 -1.796411 41.326347
v -46.704922 -1.579822 40.710751
v -47.495052 -1.460399 40.371323
v -48.252838 -1.333819 40.011551
v -48.977070 -1.200235 39.631874
v -49.666542 -1.059800 39.232727
v -50.320038 -0.912670 38.814548
v -50.936356 -0.758996 38.377769
v -51.514282 -0.598933 37.922836
v -52.054211 -0.432111 37.448685
v -52.561939 -0.255908 36.947880
v -53.034340 -0.069917 36.419247
v -53.466995 0.125895 35.862705
v -53.855492 0.331560 35.278156
v -54.195412 0.547109 34.665512
v -54.480587 0.771128 34.028797
v -54.706219 1.002108 33.372299
v -54.869499 1.239380 32.697918
v -54.967438 1.479892 32.014324
v -55.000000 1.722737 31.324100
v -51.751221 -0.215557 30.435360
v -48.528553 -2.176666 29.573256
v -45.335838 -4.162538 28.742418
v -42.177719 -6.174880 27.948572
v -39.059307 -8.215105 27.198048
v -35.986210 -10.283908 26.498100
v -32.964169 -12.381435 25.856318
v -30.000000 -14.505515 25.279825
v -29.981939 -14.505515 25.881910
v -29.926874 -14.505515 26.478064
v -29.833473 -14.505515 27.067240
v -29.700409 -14.505515 27.648396
v -29.526348 -14.505515 28.220488
v -29.310049 -14.505515 28.782274
v -29.054062 -14.505515 29.325178
v -28.761042 -14.505515 29.845022
v -28.432243 -14.505515 30.341736
v -28.068926 -14.505515 30.815254
v -27.672342 -14.505515 31.265511
v -27.244862 -14.505514 31.691408
v -26.316837 -14.505514 32.460480
v -25.307880 -14.505514 33.122925
v -24.236732 -14.505514 33.684200
v -23.117266 -14.505514 34.151699
v -21.961048 -14.505514 34.532207
v -20.781376 -14.505514 34.831284
v -19.588516 -14.505514 35.055000
v -18.381205 -14.505514 35.210079
v -17.165800 -14.505514 35.300438
v -15.949749 -14.505514 35.329742
v -17.986797 -12.865223 36.379322
v -20.075178 -11.271000 37.399426
v -22.206400 -9.717168 38.393684
v -24.373688 -8.199037 39.365097
v -26.571926 -6.712735 40.316143
v -28.796230 -5.254468 41.249249
v -30.868355 -13.874747 26.077454
v -40.075344 -7.656955 28.136375
v -39.918030 -7.833231 28.804831
v -39.742382 -7.981623 29.475489
v -39.548805 -8.101807 30.146854
v -39.337700 -8.193462 30.817423
v -39.109470 -8.256284 31.485695
v -38.864647 -8.290165 32.150188
v -38.603832 -8.295125 32.809437
v -38.327621 -8.271185 33.461967
v -38.036625 -8.218365 34.106304
v -37.731438 -8.136689 34.740986
v -37.412727 -8.026306 35.364586
v -37.081249 -7.887563 35.975754
v -36.737774 -7.720824 36.573147
v -36.383057 -7.526450 37.155422
v -36.017872 -7.304805 37.721233
v -35.516033 -6.967612 38.447803
v -34.999027 -6.584200 39.140034
v -34.468941 -6.156189 39.795235
v -33.927856 -5.685195 40.410728
v -33.377892 -5.172945 40.983932
v -32.821243 -4.621597 41.512730
v -32.260139 -4.033419 41.995106
v -37.713600 -2.600246 42.609238
v -38.264587 -3.134115 42.006161
v -38.806049 -3.623562 41.358440
v -39.335739 -4.066690 40.668972
v -39.851421 -4.461721 39.940765
v -40.350876 -4.806882 39.176830
v -40.713497 -5.032017 38.582283
v -41.064926 -5.227721 37.970837
v -41.404358 -5.393610 37.343990
v -41.730984 -5.529305 36.703251
v -42.043999 -5.634423 36.050114
v -42.342602 -5.708604 35.386093
v -42.626102 -5.751709 34.712772
v -42.893871 -5.763751 34.031784
v -43.145298 -5.744737 33.344761
v -43.379749 -5.694681 32.653332
v -43.596607 -5.613595 31.959141
v -43.795341 -5.501640 31.263821
v -43.975540 -5.359198 30.569023
v -44.136810 -5.186668 29.876398
v -44.278763 -4.984457 29.187599
v -44.648552 -2.390267 40.601196
v -45.010788 -2.616455 39.983341
v -45.361214 -2.811346 39.348236
v -45.698990 -2.974542 38.697521
v -46.023273 -3.105646 38.032841
v -46.333218 -3.204262 37.355835
v -46.627987 -3.270015 36.668159
v -46.906868 -3.302779 35.971535
v -47.169220 -3.302596 35.267738
v -47.414406 -3.269508 34.558556
v -47.641788 -3.203556 33.845757
v -47.850723 -3.104786 33.131126
v -48.040672 -2.973403 32.416447
v -48.211235 -2.809861 31.703493
v -48.362022 -2.614639 30.994055
v -48.492653 -2.388212 30.289913
v -44.148724 -2.040847 41.395424
v -50.963970 -0.851530 37.972843
v -51.237854 -0.875128 37.256252
v -51.494511 -0.864139 36.532993
v -51.733292 -0.818638 35.804977
v -51.953545 -0.738700 35.074108
v -52.154621 -0.624402 34.342300
v -52.335976 -0.475997 33.611458
v -52.497211 -0.294011 32.883472
v -52.637951 -0.078993 32.160248
v -52.757816 0.168508 31.443686
v -36.956097 -9.702321 27.395828
v -36.786640 -9.856807 28.045492
v -36.599728 -9.984987 28.696093
v -36.395763 -10.086599 29.346254
v -36.175144 -10.161383 29.994606
v -35.938286 -10.209092 30.639772
v -35.685696 -10.229654 31.280407
v -35.417961 -10.223110 31.915167
v -35.135658 -10.189502 32.542721
v -34.839375 -10.128873 33.161736
v -34.529690 -10.041266 33.770870
v -34.207237 -9.926839 34.368835
v -33.872746 -9.785919 34.954411
v -33.526936 -9.618851 35.526382
v -33.170540 -9.425980 36.083538
v -32.804279 -9.207648 36.624660
v -32.301895 -8.877642 37.319195
v -31.785240 -8.504470 37.980640
v -31.256285 -8.089616 38.606579
v -30.716993 -7.634562 39.194588
v -30.169359 -7.140887 39.742348
v -29.615446 -6.610554 40.247932
v -29.057348 -6.045619 40.709530
v -33.884918 -11.775231 26.707308
v -33.702141 -11.906546 27.334248
v -33.502907 -12.013344 27.960833
v -33.287621 -12.095421 28.585827
v -33.056675 -12.152577 29.207991
v -32.810482 -12.184620 29.826092
v -32.549541 -12.191513 30.438919
v -32.274403 -12.173315 31.045284
v -31.985628 -12.130084 31.643991
v -31.683775 -12.061885 32.233852
v -31.369402 -11.968777 32.813671
v -31.043114 -11.850921 33.382301
v -30.705589 -11.708623 33.938663
v -30.357513 -11.542205 34.481670
v -29.999571 -11.351988 35.010254
v -29.632444 -11.138294 35.523327
v -29.129877 -10.817497 36.181511
v -28.614040 -10.456869 36.808067
v -28.086763 -10.057746 37.400856
v -27.549887 -9.621465 37.957726
v -27.005257 -9.149446 38.476624
v -26.454802 -8.643438 38.955853
v -25.900455 -8.105274 39.393799
v -30.671150 -13.981876 26.676886
v -30.458637 -14.066498 27.274687
v -30.231207 -14.128469 27.869762
v -29.989250 -14.167638 28.461029
v -29.733168 -14.183872 29.047398
v -29.463434 -14.177160 29.627810
v -29.180578 -14.147576 30.201223
v -28.885126 -14.095196 30.766603
v -28.577608 -14.020093 31.322906
v -28.258551 -13.922342 31.869095
v -27.928526 -13.802104 32.404163
v -27.588160 -13.659658 32.927181
v -27.238091 -13.495299 33.437206
v -26.878956 -13.309320 33.933308
v -26.511389 -13.102015 34.414551
v -26.009314 -12.793019 35.031536
v -25.495068 -12.447808 35.618584
v -24.970337 -12.067561 36.173847
v -24.436808 -11.653455 36.695469
v -23.896185 -11.206738 37.181664
v -23.350227 -10.728936 37.630970
v -22.800711 -10.221648 38.041988
v -21.390919 -13.739264 35.402264
v -20.855717 -13.322124 35.851498
v -20.315718 -12.877031 36.266911
v -19.772520 -12.405334 36.647327
v -22.440649 -14.484728 34.407539
v -21.919743 -14.127153 34.920448
v -18.650902 -14.114402 35.481365
v -18.112078 -13.664968 35.842880
v 33.309750 -2.409724 43.069530
v 35.034950 -2.397861 43.035812
v 36.763229 -2.361695 42.933018
v 38.485474 -2.300358 42.758682
v 40.192562 -2.212985 42.510349
v 41.877579 -2.098534 42.185055
v 43.552799 -1.953800 41.773685
v 45.205215 -1.776320 41.269245
v 46.813931 -1.564119 40.666122
v 48.358040 -1.315223 39.958698
v 49.103481 -1.175521 39.561634
v 49.831173 -1.024136 39.131359
v 50.535454 -0.860789 38.667091
v 51.210659 -0.685202 38.168030
v 51.851131 -0.497095 37.633385
v 52.451206 -0.296191 37.062370
v 53.004627 -0.082353 36.454594
v 53.504539 0.144370 35.810192
v 53.944263 0.383951 35.129246
v 54.317112 0.636364 34.411831
v 54.613979 0.899156 33.664913
v 54.827606 1.168201 32.900223
v 54.956696 1.442911 32.119431
v 55.000000 1.722737 31.324100
v 55.000000 3.476598 26.339214
v 55.000000 5.230458 21.354328
v 55.000000 8.738180 11.384558
v 55.000000 12.245901 1.414788
v 55.000000 15.753622 -8.554982
v 55.000000 19.261343 -18.524754
v 55.000000 22.769066 -28.494524
v 55.000000 29.784508 -48.434067
v 54.975960 30.159700 -49.500454
v 54.900421 30.535387 -50.568237
v 54.768269 30.909010 -51.630165
v 54.574383 31.278023 -52.678986
v 54.311543 31.642244 -53.714195
v 53.971375 31.999901 -54.730736
v 53.546764 32.346493 -55.715828
v 53.030651 32.677441 -56.656460
v 52.416664 32.987549 -57.537857
v 51.698849 33.271374 -58.344559
v 51.299236 33.401707 -58.714993
v 50.875862 33.522236 -59.057564
v 50.431091 33.631996 -59.369534
v 49.965191 33.730770 -59.650269
v 49.478424 33.818325 -59.899124
v 48.971062 33.894444 -60.115467
v 48.445736 33.958641 -60.297932
v 47.910648 34.010197 -60.444469
v 46.817646 34.077011 -60.634373
v 45.702255 34.098469 -60.695358
v -45.702255 34.098469 -60.695358
v -46.817806 34.077003 -60.634350
v -47.911915 34.010090 -60.444160
v -48.447861 33.958405 -60.297268
v -48.972950 33.894188 -60.114738
v -49.479378 33.818169 -59.898674
v -49.966072 33.730595 -59.649773
v -50.432659 33.631638 -59.368511
v -50.878780 33.521461 -59.055363
v -51.303474 33.400414 -58.711327
v -51.701637 33.270412 -58.341831
v -52.417435 32.987209 -57.536896
v -53.030560 32.677490 -56.656605
v -53.546612 32.346603 -55.716148
v -53.971275 31.999994 -54.730999
v -54.311478 31.642321 -53.714405
v -54.574345 31.278088 -52.679169
v -54.768250 30.909058 -51.630302
v -54.900414 30.535418 -50.568325
v -54.975956 30.159716 -49.500496
v -55.000000 29.784508 -48.434067
v -55.000000 22.769066 -28.494524
v -55.000000 19.261343 -18.524754
v -55.000000 15.753622 -8.554982
v -55.000000 12.245901 1.414788
v -55.000000 8.738180 11.384558
v -55.000000 5.230458 21.354328
v -55.000000 3.476598 26.339214
v 15.949749 -14.505514 35.329742
v 17.986822 -12.865203 36.379337
v 20.075211 -11.270976 37.399441
v 22.206429 -9.717147 38.393696
v 24.373711 -8.199020 39.365108
v 26.571943 -6.712723 40.316151
v 28.796242 -5.254461 41.249252
v 17.304869 -14.505514 35.293259
v 18.626904 -14.505514 35.183956
v 19.909252 -14.505514 35.002052
v 21.145315 -14.505514 34.747768
v 22.328491 -14.505514 34.421326
v 23.452181 -14.505514 34.022945
v 24.524200 -14.505514 33.545719
v 25.549694 -14.505514 32.977589
v 26.512167 -14.505514 32.313366
v 27.395033 -14.505515 31.547901
v 28.172840 -14.505515 30.686558
v 28.515808 -14.505515 30.222525
v 28.826483 -14.505515 29.736256
v 29.103609 -14.505515 29.227758
v 29.345840 -14.505515 28.697254
v 29.549873 -14.505515 28.151026
v 29.715027 -14.505515 27.592535
v 29.841946 -14.505515 27.022600
v 29.930891 -14.505515 26.445309
v 30.000000 -14.505515 25.279825
v 32.964169 -12.381435 25.856318
v 35.986210 -10.283908 26.498100
v 39.059307 -8.215105 27.198048
v 42.177719 -6.174880 27.948572
v 45.335838 -4.162538 28.742418
v 48.528553 -2.176666 29.573256
v 51.751221 -0.215557 30.435360
v 51.148441 -0.871109 37.495949
v 46.815712 -3.295521 36.204624
v 51.494511 -0.864139 36.532993
v 51.808800 -0.795815 35.561577
v 52.089767 -0.666313 34.586224
v 52.335976 -0.475997 33.611458
v 52.546421 -0.225982 32.641773
v 52.720203 0.082433 31.681683
v 44.020996 -1.945133 41.588348
v 44.400928 -2.222304 41.002716
v 44.770557 -2.469116 40.397263
v 45.128948 -2.684916 39.773476
v 45.475254 -2.869286 39.132984
v 45.808624 -3.021829 38.477432
v 46.128223 -3.142148 37.808460
v 46.433197 -3.229846 37.127712
v 47.169220 -3.302596 35.267738
v 47.492210 -3.251173 34.321266
v 47.783165 -3.141351 33.369431
v 48.040672 -2.973403 32.416447
v 48.263714 -2.748284 31.466536
v 48.451370 -2.467126 30.523928
v 50.772137 -0.816547 38.445927
v 37.689877 -2.614094 42.600483
v 38.104958 -3.017887 42.152950
v 38.515007 -3.397009 41.679932
v 38.919064 -3.750591 41.182575
v 39.316181 -4.077881 40.662155
v 39.705425 -4.378130 40.119934
v 40.085857 -4.650587 39.557182
v 40.456535 -4.894505 38.975178
v 40.816566 -5.109271 38.375271
v 41.165146 -5.294485 37.758953
v 41.501453 -5.449764 37.127724
v 41.824688 -5.574726 36.483089
v 42.134041 -5.668988 35.826546
v 42.523598 -5.746408 34.935284
v 42.885555 -5.768594 34.029396
v 43.218452 -5.735567 33.112755
v 43.520802 -5.647353 32.189236
v 43.791218 -5.504128 31.262716
v 44.028683 -5.306688 30.337107
v 44.232250 -5.055984 29.416323
v 32.119427 -3.880885 42.108212
v 32.541107 -4.331970 41.759846
v 32.960911 -4.762975 41.384804
v 33.377892 -5.172945 40.983932
v 33.791115 -5.560921 40.558083
v 34.199642 -5.925963 40.108112
v 34.602573 -6.267284 39.635052
v 34.999027 -6.584200 39.140034
v 35.388123 -6.876029 38.624184
v 35.768978 -7.142087 38.088642
v 36.140717 -7.381695 37.534542
v 36.502499 -7.594289 36.963093
v 36.853554 -7.779492 36.375629
v 37.193115 -7.936940 35.773495
v 37.520420 -8.066269 35.158035
v 37.834705 -8.167118 34.530590
v 38.232239 -8.256786 33.677731
v 38.603832 -8.295125 32.809437
v 38.948063 -8.282086 31.929201
v 39.263500 -8.217618 31.040508
v 39.548805 -8.101807 30.146854
v 39.802944 -7.935277 29.251783
v 40.024967 -7.718792 28.358856
v 28.925800 -5.893837 40.821285
v 29.345184 -6.326951 40.487743
v 29.762798 -6.741177 40.128941
v 30.177765 -7.135647 39.745651
v 30.589199 -7.509493 39.338634
v 30.996223 -7.861858 38.908672
v 31.397987 -8.192025 38.456692
v 31.793661 -8.499367 37.983715
v 32.182415 -8.783258 37.490761
v 32.563419 -9.043072 36.978855
v 32.935841 -9.278184 36.449017
v 33.298889 -9.488076 35.902348
v 33.651833 -9.672388 35.340046
v 33.993942 -9.830777 34.763332
v 34.324493 -9.962898 34.173420
v 34.642757 -10.068407 33.571522
v 35.046791 -10.167213 32.752495
v 35.426308 -10.217998 31.917494
v 35.779926 -10.220660 31.069683
v 36.106266 -10.175099 30.212229
v 36.404018 -10.081334 29.348314
v 36.672165 -9.939866 28.481186
v 36.909752 -9.751314 27.614100
v 25.777994 -7.954882 39.503704
v 26.194515 -8.367336 39.187050
v 26.609394 -8.762211 38.846710
v 27.021811 -9.138733 38.483372
v 27.430948 -9.496128 38.097710
v 27.835991 -9.833633 37.690414
v 28.236145 -10.150605 37.262306
v 28.630638 -10.446478 36.814293
v 29.018694 -10.720687 36.347279
v 29.399540 -10.972670 35.862167
v 29.772402 -11.201861 35.359863
v 30.136538 -11.407791 34.841343
v 30.491259 -11.590124 34.307671
v 30.835880 -11.748541 33.759930
v 31.169718 -11.882719 33.199196
v 31.492086 -11.992338 32.626545
v 31.902937 -12.099840 31.846394
v 32.290859 -12.162968 31.049805
v 32.654526 -12.181575 30.239609
v 32.992622 -12.155520 29.418634
v 33.303883 -12.084764 28.589724
v 33.587299 -11.969680 27.755793
v 33.841930 -11.810753 26.919777
v 22.687233 -10.073344 38.149506
v 23.100084 -10.462020 37.852097
v 23.511435 -10.834545 37.532745
v 23.920530 -11.190248 37.192039
v 24.326624 -11.528451 36.830570
v 24.728966 -11.848491 36.448933
v 25.126829 -12.149803 36.047840
v 25.519505 -12.431889 35.628075
v 25.906279 -12.694249 35.190418
v 26.286436 -12.936388 34.735653
v 26.659269 -13.157809 34.264565
v 27.024094 -13.358092 33.778000
v 27.380268 -13.536932 33.276875
v 27.727158 -13.694036 32.762135
v 28.064123 -13.829111 32.234715
v 28.390532 -13.941862 31.695549
v 28.808260 -14.057055 30.960049
v 29.204834 -14.131860 30.207798
v 29.579000 -14.166105 29.441265
v 29.929510 -14.159612 28.662918
v 30.255161 -14.112292 27.875244
v 30.554974 -14.024407 27.080809
v 30.828016 -13.896308 26.282194
v 19.667900 -12.259891 36.751862
v 20.075970 -12.621212 36.476353
v 20.482685 -12.967933 36.180813
v 20.887377 -13.299481 35.865730
v 21.289366 -13.615285 35.531605
v 21.687983 -13.914783 35.178936
v 22.082569 -14.197491 34.808331
v 22.472485 -14.462983 34.420437
v 17.992552 -13.536847 35.935658
v 18.397278 -13.880877 35.673862
v 18.800741 -14.211231 35.393188
v -38.933872 21.878534 -51.637985
v -32.070679 9.692790 -42.605957
v -28.592360 3.617036 -38.102631
v -25.074289 -2.443892 -33.610291
v -21.507595 -8.486478 -29.131548
v -17.879728 -14.505519 -24.670256
v -19.124056 -14.505519 -24.617088
v -20.353382 -14.505519 -24.453674
v -21.559221 -14.505519 -24.174147
v -22.733089 -14.505519 -23.772640
v -23.856672 -14.505519 -23.248219
v -24.908234 -14.505519 -22.606897
v -25.881310 -14.505519 -21.850527
v -26.768190 -14.505519 -20.982418
v -27.549837 -14.505519 -20.022739
v -28.222197 -14.505519 -18.984097
v -28.785414 -14.505518 -17.875755
v -29.236744 -14.505518 -16.716576
v -29.579006 -14.505518 -15.519797
v -29.816809 -14.505518 -14.296192
v -29.955185 -14.505518 -13.056919
v -30.000000 -14.505518 -11.810095
v -33.269211 -9.082775 -16.545118
v -36.474056 -3.613435 -21.214067
v -39.631615 1.892432 -25.832445
v -42.752254 7.428395 -30.409763
v -45.844357 12.989086 -34.953770
v -48.913479 18.570694 -39.469715
v -29.063190 2.818196 -37.480267
v -41.850151 25.591269 -54.364418
v -42.562309 25.372490 -54.126133
v -43.270596 25.179214 -53.856335
v -43.973068 25.012007 -53.555725
v -44.667816 24.871376 -53.225044
v -45.352970 24.757647 -52.865257
v -46.026676 24.671091 -52.477386
v -46.687080 24.611980 -52.062447
v -47.332359 24.580542 -51.621506
v -47.960800 24.576794 -51.155819
v -48.570709 24.600710 -50.666683
v -49.160404 24.652264 -50.155407
v -49.728237 24.731379 -49.623325
v -50.272713 24.837774 -49.071926
v -50.792385 24.971127 -48.502743
v -51.285805 25.131107 -47.917294
v -51.751568 25.317343 -47.317146
v -52.188473 25.529268 -46.703949
v -52.595375 25.766275 -46.079391
v -35.504608 14.188172 -45.910343
v -36.243782 13.958434 -45.657566
v -36.978596 13.756405 -45.370720
v -37.706879 13.582721 -45.050610
v -38.426468 13.437963 -44.698086
v -39.135269 13.322484 -44.314270
v -39.831215 13.236584 -43.900341
v -40.512218 13.180559 -43.457474
v -41.176247 13.154648 -42.986908
v -41.821384 13.158854 -42.490086
v -42.445763 13.193118 -41.968517
v -43.047497 13.257386 -41.423702
v -43.624767 13.351542 -40.857193
v -44.175938 13.475234 -40.270706
v -44.699413 13.628054 -39.665997
v -45.193611 13.809595 -39.044830
v -45.657005 14.019391 -38.408997
v -46.088306 14.256757 -37.760395
v -46.486298 14.520955 -37.100956
v -32.297890 8.498324 -41.691788
v -33.052345 8.262022 -41.430370
v -33.802151 8.054737 -41.133381
v -34.544979 7.877154 -40.801678
v -35.278534 7.729896 -40.436199
v -36.000584 7.613337 -40.038151
v -36.708912 7.527790 -39.608814
v -37.401318 7.473567 -39.149464
v -38.075619 7.450916 -38.661434
v -38.729794 7.459826 -38.146309
v -39.361855 7.500221 -37.605709
v -39.969814 7.572023 -37.041267
v -40.551743 7.675094 -36.454666
v -41.105915 7.809035 -35.847759
v -41.630665 7.973386 -35.222450
v -42.124321 8.167686 -34.580650
v -42.585289 8.391413 -33.924286
v -43.012238 8.643806 -33.255413
v -43.403900 8.924041 -32.576111
v -29.834347 2.574379 -37.209011
v -30.600510 2.361067 -36.900482
v -31.359196 2.178999 -36.555622
v -32.107929 2.028848 -36.175446
v -32.844326 1.911011 -35.761272
v -33.566025 1.825819 -35.314499
v -34.270653 1.773601 -34.836525
v -34.955887 1.754614 -34.328804
v -35.619576 1.768831 -33.793060
v -36.259602 1.816152 -33.231068
v -36.873852 1.896477 -32.644611
v -37.460274 2.009637 -32.035515
v -38.017048 2.155176 -31.405807
v -38.542419 2.332571 -30.757561
v -39.034634 2.541297 -30.092848
v -39.492016 2.780766 -29.413773
v -39.913177 3.050124 -28.722561
v -40.296818 3.348451 -28.021465
v -23.623884 -6.570532 -30.518524
v -24.426489 -6.829643 -30.227434
v -25.223410 -7.055274 -29.895708
v -26.011814 -7.246562 -29.524450
v -26.788895 -7.402734 -29.114853
v -27.551943 -7.523344 -28.668474
v -28.298281 -7.608023 -28.186960
v -29.025227 -7.656410 -27.671961
v -29.730156 -7.668226 -27.125195
v -30.410646 -7.643536 -26.548683
v -31.064335 -7.582492 -25.944521
v -31.688848 -7.485247 -25.314802
v -32.281895 -7.352037 -24.661680
v -32.841480 -7.183438 -23.987522
v -33.365677 -6.980111 -23.294760
v -33.852566 -6.742716 -22.585815
v -34.300308 -6.471992 -21.863150
v -34.707447 -6.168988 -21.129347
v -35.072613 -5.834836 -20.387020
v -37.698009 -1.253524 -24.219137
v -37.322662 -1.568732 -24.939974
v -36.907700 -1.853935 -25.651525
v -36.454456 -2.108118 -26.351366
v -35.964359 -2.330338 -27.037107
v -35.439156 -2.519937 -27.706478
v -34.880680 -2.676327 -28.357244
v -34.290775 -2.798923 -28.987167
v -33.671337 -2.887216 -29.594065
v -33.024532 -2.941005 -30.175955
v -32.352600 -2.960166 -30.730917
v -31.657770 -2.944575 -31.257025
v -30.942322 -2.894188 -31.752419
v -30.208721 -2.809272 -32.215523
v -29.459482 -2.690173 -32.644821
v -28.697115 -2.537237 -33.038807
v -27.924156 -2.350885 -33.396046
v -27.143236 -2.131836 -33.715443
v -26.357000 -1.880885 -33.995983
v -20.858917 -11.248978 -27.049160
v -21.679377 -11.517544 -26.745943
v -22.493725 -11.750824 -26.400078
v -23.298918 -11.947883 -26.012768
v -24.091936 -12.107878 -25.585327
v -24.869879 -12.230330 -25.119467
v -25.629875 -12.314853 -24.616987
v -26.369053 -12.361060 -24.079704
v -27.084595 -12.368659 -23.509501
v -27.773928 -12.337742 -22.908596
v -28.434528 -12.268496 -22.279284
v -29.063879 -12.161108 -21.623861
v -29.659542 -12.015858 -20.944681
v -30.219416 -11.833402 -20.244337
v -30.741478 -11.614491 -19.525480
v -31.223709 -11.359872 -18.790756
v -31.664194 -11.070384 -18.042852
v -32.061428 -10.747203 -17.284576
v -32.414017 -10.391596 -16.518766
v -30.000000 -14.505515 20.643585
v -30.000000 -14.505516 16.007345
v -30.000000 -14.505516 11.371105
v -30.000000 -14.505516 6.734865
v 17.879728 -14.505519 -24.670256
v 19.124458 -14.505519 -24.617054
v 20.354092 -14.505519 -24.453548
v 21.560139 -14.505519 -24.173891
v 22.734110 -14.505519 -23.772232
v 23.858347 -14.505519 -23.247320
v 24.910685 -14.505519 -22.605204
v 25.884531 -14.505519 -21.847710
v 26.771452 -14.505519 -20.978855
v 27.551605 -14.505519 -20.020361
v 28.222078 -14.505519 -18.984346
v 28.783697 -14.505518 -17.879593
v 29.235947 -14.505518 -16.719185
v 29.578400 -14.505518 -15.523171
v 29.816257 -14.505518 -14.300658
v 29.954973 -14.505518 -13.060136
v 30.000000 -14.505518 -11.810095
v 30.000000 -14.505516 6.734865
v 30.000000 -14.505516 11.371105
v 30.000000 -14.505516 16.007345
v 30.000000 -14.505515 20.643585
v 38.933872 21.878534 -51.637985
v 32.070679 9.692790 -42.605957
v 28.592360 3.617036 -38.102631
v 25.074289 -2.443892 -33.610291
v 21.507595 -8.486478 -29.131548
v 48.913479 18.570694 -39.469715
v 45.844357 12.989086 -34.953770
v 42.752254 7.428395 -30.409763
v 39.631615 1.892432 -25.832445
v 36.474056 -3.613435 -21.214067
v 33.269211 -9.082775 -16.545118
v 26.357000 -1.880885 -33.995983
v 52.595375 25.766275 -46.079391
v 52.188473 25.529268 -46.703949
v 51.751568 25.317343 -47.317146
v 51.285805 25.131107 -47.917294
v 50.792385 24.971127 -48.502743
v 50.272713 24.837774 -49.071926
v 49.728237 24.731379 -49.623325
v 49.160404 24.652264 -50.155407
v 48.570709 24.600710 -50.666683
v 47.960800 24.576794 -51.155819
v 47.332359 24.580542 -51.621506
v 46.687080 24.611980 -52.062447
v 46.026676 24.671091 -52.477386
v 45.352970 24.757647 -52.865257
v 44.667816 24.871376 -53.225044
v 43.973068 25.012007 -53.555725
v 43.270596 25.179214 -53.856335
v 42.562309 25.372490 -54.126133
v 41.850151 25.591269 -54.364418
v 46.486298 14.520955 -37.100956
v 46.088306 14.256757 -37.760395
v 45.657005 14.019391 -38.408997
v 45.193611 13.809595 -39.044830
v 44.699413 13.628054 -39.665997
v 44.175938 13.475234 -40.270706
v 43.624767 13.351542 -40.857193
v 43.047497 13.257386 -41.423702
v 42.445763 13.193118 -41.968517
v 41.821384 13.158854 -42.490086
v 41.176247 13.154648 -42.986908
v 40.512218 13.180559 -43.457474
v 39.831215 13.236584 -43.900341
v 39.135269 13.322484 -44.314270
v 38.426468 13.437963 -44.698086
v 37.706879 13.582721 -45.050610
v 36.978596 13.756405 -45.370720
v 36.243782 13.958434 -45.657566
v 35.504608 14.188172 -45.910343
v 43.403900 8.924041 -32.576111
v 43.012238 8.643806 -33.255413
v 42.585289 8.391413 -33.924286
v 42.124321 8.167686 -34.580650
v 41.630665 7.973386 -35.222450
v 41.105915 7.809035 -35.847759
v 40.551743 7.675094 -36.454666
v 39.969814 7.572023 -37.041267
v 39.361855 7.500221 -37.605709
v 38.729794 7.459826 -38.146309
v 38.075619 7.450916 -38.661434
v 37.401318 7.473567 -39.149464
v 36.708912 7.527790 -39.608814
v 36.000584 7.613337 -40.038151
v 35.278534 7.729896 -40.436199
v 34.544979 7.877154 -40.801678
v 33.802151 8.054737 -41.133381
v 33.052345 8.262022 -41.430370
v 32.297890 8.498324 -41.691788
v 40.296818 3.348451 -28.021465
v 39.913177 3.050124 -28.722561
v 39.492016 2.780766 -29.413773
v 39.034634 2.541297 -30.092848
v 38.542419 2.332571 -30.757561
v 38.017048 2.155176 -31.405807
v 37.460274 2.009637 -32.035515
v 36.873852 1.896477 -32.644611
v 36.259602 1.816152 -33.231068
v 35.619576 1.768831 -33.793060
v 34.955887 1.754614 -34.328804
v 34.270653 1.773601 -34.836525
v 33.566025 1.825819 -35.314499
v 32.844326 1.911011 -35.761272
v 32.107929 2.028848 -36.175446
v 31.359196 2.178999 -36.555622
v 30.600510 2.361067 -36.900482
v 29.834347 2.574379 -37.209011
v 29.063190 2.818196 -37.480267
v 37.698009 -1.253524 -24.219137
v 37.322662 -1.568732 -24.939974
v 36.907700 -1.853935 -25.651525
v 36.454456 -2.108118 -26.351366
v 35.964359 -2.330338 -27.037107
v 35.439156 -2.519937 -27.706478
v 34.880680 -2.676327 -28.357244
v 34.290775 -2.798923 -28.987167
v 33.671337 -2.887216 -29.594065
v 33.024532 -2.941005 -30.175955
v 32.352600 -2.960166 -30.730917
v 31.657770 -2.944575 -31.257025
v 30.942322 -2.894188 -31.752419
v 30.208721 -2.809272 -32.215523
v 29.459482 -2.690173 -32.644821
v 28.697115 -2.537237 -33.038807
v 27.924156 -2.350885 -33.396046
v 27.143236 -2.131836 -33.715443
v 35.072613 -5.834836 -20.387020
v 34.707447 -6.168988 -21.129347
v 34.300308 -6.471992 -21.863150
v 33.852566 -6.742716 -22.585815
v 33.365677 -6.980111 -23.294760
v 32.841480 -7.183438 -23.987522
v 32.281895 -7.352037 -24.661680
v 31.688848 -7.485247 -25.314802
v 31.064335 -7.582492 -25.944521
v 30.410646 -7.643536 -26.548683
v 29.730156 -7.668226 -27.125195
v 29.025227 -7.656410 -27.671961
v 28.298281 -7.608023 -28.186960
v 27.551943 -7.523344 -28.668474
v 26.788895 -7.402734 -29.114853
v 26.011814 -7.246562 -29.524450
v 25.223410 -7.055274 -29.895708
v 24.426489 -6.829643 -30.227434
v 23.623884 -6.570532 -30.518524
v 32.414017 -10.391596 -16.518766
v 32.061428 -10.747203 -17.284576
v 31.664194 -11.070384 -18.042852
v 31.223709 -11.359872 -18.790756
v 30.741478 -11.614491 -19.525480
v 30.219416 -11.833402 -20.244337
v 29.659542 -12.015858 -20.944681
v 29.063879 -12.161108 -21.623861
v 28.434528 -12.268496 -22.279284
v 27.773928 -12.337742 -22.908596
v 27.084595 -12.368659 -23.509501
v 26.369053 -12.361060 -24.079704
v 25.629875 -12.314853 -24.616987
v 24.869879 -12.230330 -25.119467
v 24.091936 -12.107878 -25.585327
v 23.298918 -11.947883 -26.012768
v 22.493725 -11.750824 -26.400078
v 21.679377 -11.517544 -26.745943
v 20.858917 -11.248978 -27.049160
v 31.562500 -13.325761 24.162338
v 33.906250 -11.694038 25.741789
v 32.343750 -10.680050 -14.353734
v 37.812500 -8.882560 25.846453
v 35.468750 -5.579426 -17.688225
v 40.937500 -6.633378 25.930183
v 37.812500 -1.753958 -20.189091
v 44.062500 -4.880659 28.059587
v 41.718750 4.621822 -24.357201
v 46.406250 -3.276517 28.221577
v 44.843750 9.722446 -27.691689
v 49.531250 -1.137660 28.437563
v 47.968750 14.823071 -31.026178
v 53.437500 1.535911 28.707544
v 51.875000 21.198851 -35.194286
v 53.437500 2.363351 26.265108
v 53.437500 3.190790 23.822672
v 53.437500 4.018229 21.380236
v 53.437500 4.845669 18.937799
v 53.437500 5.673110 16.495363
v 53.437500 6.500548 14.052926
v 53.437500 7.327988 11.610490
v 53.437500 8.155428 9.168054
v 53.437500 8.982868 6.725618
v 53.437500 9.810306 4.283182
v 53.437500 10.637746 1.840746
v 53.437500 11.465186 -0.601690
v 53.437500 12.292626 -3.044127
v 53.437500 13.120065 -5.486563
v 53.437500 13.947504 -7.928999
v 53.437500 15.581114 -12.751088
v 53.437500 17.214724 -17.573177
v 53.437500 18.848333 -22.395267
v 53.437500 20.481943 -27.217356
v 53.437500 22.115553 -32.039440
v 53.437500 23.749163 -36.861530
v 51.093750 19.923695 -34.360664
v 51.875000 19.674149 -30.502754
v 51.875000 18.149445 -25.811220
v 51.875000 16.624743 -21.119686
v 51.875000 15.100041 -16.428152
v 51.875000 13.575339 -11.736617
v 51.875000 12.050636 -7.045083
v 51.875000 11.278360 -4.668774
v 51.875000 10.506083 -2.292465
v 51.875000 9.733806 0.083844
v 51.875000 8.961529 2.460153
v 51.875000 8.189251 4.836462
v 51.875000 7.416975 7.212770
v 51.875000 6.644698 9.589079
v 51.875000 5.872421 11.965389
v 51.875000 5.100144 14.341698
v 51.875000 4.327868 16.718006
v 51.875000 3.555590 19.094316
v 51.875000 2.783314 21.470625
v 51.875000 2.011037 23.846933
v 51.875000 1.238760 26.223242
v 51.875000 0.466483 28.599550
v 51.093750 -0.068232 28.545555
v 51.093750 0.676464 26.202309
v 51.093750 1.421160 23.859064
v 51.093750 2.165856 21.515820
v 51.093750 2.910550 19.172573
v 51.093750 3.655246 16.829329
v 51.093750 4.399942 14.486083
v 51.093750 5.144638 12.142838
v 51.093750 5.889333 9.799593
v 51.093750 6.634028 7.456347
v 51.093750 7.378725 5.113101
v 51.093750 8.123420 2.769856
v 51.093750 8.868116 0.426611
v 51.093750 9.612811 -1.916634
v 51.093750 10.357507 -4.259880
v 51.093750 11.102202 -6.603125
v 51.093750 12.572451 -11.229382
v 51.093750 14.042700 -15.855639
v 51.093750 15.512948 -20.481895
v 51.093750 16.983196 -25.108152
v 51.093750 18.453445 -29.734409
v 48.750000 16.098227 -31.859800
v 48.750000 14.791339 -27.429377
v 48.750000 13.484451 -22.998951
v 48.750000 12.177564 -18.568523
v 48.750000 10.870676 -14.138100
v 48.750000 9.563788 -9.707676
v 48.750000 8.256901 -5.277250
v 48.750000 7.594949 -3.033195
v 48.750000 6.932997 -0.789142
v 48.750000 6.271045 1.454913
v 48.750000 5.609094 3.698967
v 48.750000 4.947143 5.943021
v 48.750000 4.285191 8.187076
v 48.750000 3.623239 10.431131
v 48.750000 2.961287 12.675185
v 48.750000 2.299335 14.919239
v 48.750000 1.637384 17.163294
v 48.750000 0.975433 19.407349
v 48.750000 0.313481 21.651402
v 48.750000 -0.348471 23.895456
v 48.750000 -1.010422 26.139511
v 48.750000 -1.672374 28.383566
v 47.968750 -2.207088 28.329569
v 47.968750 -1.572718 26.118578
v 47.968750 -0.938348 23.907587
v 47.968750 -0.303977 21.696596
v 47.968750 0.330392 19.485605
v 47.968750 0.964763 17.274614
v 47.968750 1.599133 15.063625
v 47.968750 2.233504 12.852634
v 47.968750 2.867874 10.641643
v 47.968750 3.502245 8.430653
v 47.968750 4.136614 6.219662
v 47.968750 4.770986 4.008670
v 47.968750 5.405355 1.797680
v 47.968750 6.039726 -0.413310
v 47.968750 6.674096 -2.624301
v 47.968750 7.308466 -4.835292
v 47.968750 8.560900 -9.200440
v 47.968750 9.813334 -13.565588
v 47.968750 11.065768 -17.930735
v 47.968750 12.318202 -22.295881
v 47.968750 13.570636 -26.661032
v 47.187500 13.547915 -30.192556
v 45.625000 10.997602 -28.525311
v 45.625000 9.908529 -24.355995
v 45.625000 8.819456 -20.186680
v 45.625000 7.730382 -16.017365
v 45.625000 6.641310 -11.848050
v 45.625000 5.552238 -7.678733
v 45.625000 4.463163 -3.509418
v 45.625000 3.911538 -1.397618
v 45.625000 3.359911 0.714182
v 45.625000 2.808285 2.825982
v 45.625000 2.256659 4.937782
v 45.625000 1.705032 7.049581
v 45.625000 1.153406 9.161381
v 45.625000 0.601780 11.273181
v 45.625000 0.050153 13.384981
v 45.625000 -0.501473 15.496781
v 45.625000 -1.053100 17.608582
v 45.625000 -1.604726 19.720381
v 45.625000 -2.156352 21.832180
v 45.625000 -2.707978 23.943979
v 45.625000 -3.259605 26.055780
v 45.625000 -3.811231 28.167580
v 44.843750 -4.345945 28.113583
v 44.843750 -3.821900 26.034847
v 44.843750 -3.297855 23.956112
v 44.843750 -2.773810 21.877375
v 44.843750 -2.249766 19.798639
v 44.843750 -1.725720 17.719902
v 44.843750 -1.201675 15.641166
v 44.843750 -0.677630 13.562430
v 44.843750 -0.153585 11.483694
v 44.843750 0.370460 9.404958
v 44.843750 0.894505 7.326221
v 44.843750 1.418550 5.247485
v 44.843750 1.942595 3.168749
v 44.843750 2.466640 1.090013
v 44.843750 2.990685 -0.988723
v 44.843750 3.514730 -3.067460
v 44.843750 4.549349 -7.171498
v 44.843750 5.583969 -11.275536
v 44.843750 6.618588 -15.379575
v 44.843750 7.653208 -19.483612
v 44.843750 8.687826 -23.587650
v 42.500000 5.896978 -25.190823
v 42.500000 5.025720 -21.282616
v 42.500000 4.154461 -17.374411
v 42.500000 3.283203 -13.466204
v 42.500000 2.411944 -9.557998
v 42.500000 1.540686 -5.649792
v 42.500000 0.669428 -1.741586
v 42.500000 0.228127 0.237960
v 42.500000 -0.213174 2.217505
v 42.500000 -0.654476 4.197050
v 42.500000 -1.095777 6.176596
v 42.500000 -1.537077 8.156141
v 42.500000 -1.978378 10.135686
v 42.500000 -2.419679 12.115232
v 42.500000 -2.860981 14.094777
v 42.500000 -3.302282 16.074322
v 42.500000 -3.743582 18.053867
v 42.500000 -4.184884 20.033413
v 42.500000 -4.626184 22.012959
v 42.500000 -5.067485 23.992504
v 42.500000 -5.508787 25.972050
v 42.500000 -5.950088 27.951593
v 41.718750 -6.071082 25.951117
v 41.718750 -5.657362 24.004635
v 41.718750 -5.243643 22.058153
v 41.718750 -4.829924 20.111671
v 41.718750 -4.416203 18.165190
v 41.718750 -4.002483 16.218708
v 41.718750 -3.588764 14.272226
v 41.718750 -3.175044 12.325744
v 41.718750 -2.761324 10.379263
v 41.718750 -2.347604 8.432781
v 41.718750 -1.933886 6.486299
v 41.718750 -1.520166 4.539817
v 41.718750 -1.106446 2.593336
v 41.718750 -0.692726 0.646854
v 41.718750 -0.279006 -1.299628
v 41.718750 0.537799 -5.142556
v 41.718750 1.354603 -8.985485
v 41.718750 2.171408 -12.828414
v 41.718750 2.988213 -16.671343
v 41.718750 3.805017 -20.514271
v 39.375000 0.796354 -21.856335
v 39.375000 0.142911 -18.209236
v 39.375000 -0.510533 -14.562141
v 39.375000 -1.163977 -10.915044
v 39.375000 -1.817421 -7.267947
v 39.375000 -2.470864 -3.620850
v 39.375000 -3.124308 0.026246
v 39.375000 -3.455284 1.873537
v 39.375000 -3.786260 3.720828
v 39.375000 -4.117236 5.568120
v 39.375000 -4.448212 7.415411
v 39.375000 -4.779188 9.262701
v 39.375000 -5.110163 11.109991
v 39.375000 -5.441139 12.957282
v 39.375000 -5.772114 14.804573
v 39.375000 -6.103089 16.651863
v 39.375000 -6.434065 18.499155
v 39.375000 -6.765041 20.346445
v 39.375000 -7.096017 22.193735
v 39.375000 -7.426993 24.041027
v 39.375000 -7.757969 25.888317
v 37.812500 -8.606747 24.065289
v 37.812500 -8.330933 22.284124
v 37.812500 -8.055120 20.502962
v 37.812500 -7.779307 18.721798
v 37.812500 -7.503495 16.940636
v 37.812500 -7.227681 15.159472
v 37.812500 -6.951868 13.378308
v 37.812500 -6.676055 11.597145
v 37.812500 -6.400242 9.815981
v 37.812500 -6.124429 8.034817
v 37.812500 -5.848616 6.253654
v 37.812500 -5.572803 4.472490
v 37.812500 -5.296990 2.691326
v 37.812500 -5.021176 0.910162
v 37.812500 -4.476640 -2.606380
v 37.812500 -3.932103 -6.122921
v 37.812500 -3.387567 -9.639464
v 37.812500 -2.843031 -13.156006
v 37.812500 -2.298494 -16.672548
v 36.250000 -4.304270 -18.521847
v 36.250000 -4.739899 -15.135858
v 36.250000 -5.175528 -11.749871
v 36.250000 -5.611157 -8.363884
v 36.250000 -6.046786 -4.977896
v 36.250000 -6.482415 -1.591909
v 36.250000 -6.918045 1.794078
v 36.250000 -7.138694 3.509115
v 36.250000 -7.359345 5.224152
v 36.250000 -7.579996 6.939188
v 36.250000 -7.800646 8.654225
v 36.250000 -8.021297 10.369261
v 36.250000 -8.241947 12.084297
v 36.250000 -8.462598 13.799334
v 36.250000 -8.683249 15.514370
v 36.250000 -8.903899 17.229404
v 36.250000 -9.124550 18.944443
v 36.250000 -9.345199 20.659477
v 36.250000 -9.565850 22.374514
v 36.250000 -9.786500 24.089552
v 36.250000 -10.007151 25.804586
v 35.468750 -10.569447 25.783653
v 35.468750 -10.376377 24.101683
v 35.468750 -10.183308 22.419708
v 35.468750 -9.990239 20.737736
v 35.468750 -9.797169 19.055763
v 35.468750 -9.604101 17.373791
v 35.468750 -9.411032 15.691819
v 35.468750 -9.217963 14.009846
v 35.468750 -9.024893 12.327874
v 35.468750 -8.831824 10.645901
v 35.468750 -8.638755 8.963928
v 35.468750 -8.445685 7.281955
v 35.468750 -8.252617 5.599982
v 35.468750 -8.059548 3.918010
v 35.468750 -7.866479 2.236037
v 35.468750 -7.485303 -1.084673
v 35.468750 -7.104127 -4.405384
v 35.468750 -6.722952 -7.726093
v 35.468750 -6.341777 -11.046803
v 35.468750 -5.960601 -14.367514
v 34.687500 -6.854582 -16.854603
v 33.125000 -9.404894 -15.187356
v 33.125000 -9.622709 -12.062478
v 33.125000 -9.840523 -8.937600
v 33.125000 -10.058337 -5.812722
v 33.125000 -10.276152 -2.687845
v 33.125000 -10.493966 0.437033
v 33.125000 -10.711781 3.561911
v 33.125000 -10.822106 5.144693
v 33.125000 -10.932430 6.727475
v 33.125000 -11.042756 8.310257
v 33.125000 -11.153081 9.893039
v 33.125000 -11.263406 11.475821
v 33.125000 -11.373732 13.058602
v 33.125000 -11.484057 14.641384
v 33.125000 -11.594382 16.224165
v 33.125000 -11.704708 17.806948
v 33.125000 -11.815032 19.389729
v 33.125000 -11.925357 20.972511
v 33.125000 -12.035682 22.555292
v 33.125000 -12.146008 24.138075
v 33.125000 -12.256333 25.720856
v 32.343750 -12.818629 25.699924
v 32.343750 -12.735885 24.150208
v 32.343750 -12.653141 22.600489
v 32.343750 -12.570397 21.050770
v 32.343750 -12.487653 19.501051
v 32.343750 -12.404910 17.951332
v 32.343750 -12.322166 16.401613
v 32.343750 -12.239422 14.851897
v 32.343750 -12.156678 13.302179
v 32.343750 -12.073934 11.752460
v 32.343750 -11.991190 10.202742
v 32.343750 -11.908446 8.653024
v 32.343750 -11.825702 7.103306
v 32.343750 -11.742959 5.553588
v 32.343750 -11.660215 4.003869
v 32.343750 -11.496854 0.944269
v 32.343750 -11.333493 -2.115332
v 32.343750 -11.170132 -5.174932
v 32.343750 -11.006772 -8.234533
v 32.343750 -10.843410 -11.294134
v 30.781250 -13.230362 -12.686490
v 30.781250 -13.284816 -9.757444
v 30.781250 -13.339269 -6.828398
v 30.781250 -13.393722 -3.899352
v 30.781250 -13.448176 -0.970306
v 30.781250 -13.502629 1.958740
v 30.781250 -13.557083 4.887785
v 30.781250 -13.584663 6.371376
v 30.781250 -13.612245 7.854967
v 30.781250 -13.639826 9.338558
v 30.781250 -13.667407 10.822149
v 30.781250 -13.694989 12.305740
v 30.781250 -13.722570 13.789330
v 30.781250 -13.750151 15.272922
v 30.781250 -13.777733 16.756514
v 30.781250 -13.805314 18.240105
v 30.781250 -13.832894 19.723696
v 30.781250 -13.860476 21.207287
v 30.781250 -13.888057 22.690878
v 30.781250 -13.915638 24.174469
v 33.906250 -8.129738 -16.020979
v 33.906250 -8.402006 -12.830823
v 33.906250 -8.674273 -9.640668
v 33.906250 -8.946543 -6.450513
v 33.906250 -9.218810 -3.260357
v 33.906250 -9.491078 -0.070202
v 33.906250 -9.763347 3.119953
v 33.906250 -9.901253 4.735799
v 33.906250 -10.039159 6.351644
v 33.906250 -10.177066 7.967490
v 33.906250 -10.314972 9.583335
v 33.906250 -10.452879 11.199181
v 33.906250 -10.590786 12.815026
v 33.906250 -10.728692 14.430872
v 33.906250 -10.866599 16.046717
v 33.906250 -11.004505 17.662561
v 33.906250 -11.142411 19.278406
v 33.906250 -11.280318 20.894253
v 33.906250 -11.418224 22.510098
v 33.906250 -11.556131 24.125942
v 40.937500 3.346666 -23.523579
v 40.937500 2.584315 -19.745928
v 40.937500 1.821964 -15.968275
v 40.937500 1.059613 -12.190624
v 40.937500 0.297262 -8.412972
v 40.937500 -0.465089 -4.635321
v 40.937500 -1.227440 -0.857670
v 40.937500 -1.613579 1.055748
v 40.937500 -1.999717 2.969167
v 40.937500 -2.385855 4.882585
v 40.937500 -2.771994 6.796003
v 40.937500 -3.158132 8.709421
v 40.937500 -3.544270 10.622839
v 40.937500 -3.930409 12.536257
v 40.937500 -4.316547 14.449675
v 40.937500 -4.702685 16.363092
v 40.937500 -5.088825 18.276510
v 40.937500 -5.474963 20.189928
v 40.937500 -5.861102 22.103348
v 40.937500 -6.247239 24.016766
v 44.062500 8.447290 -26.858067
v 44.062500 7.467124 -22.819305
v 44.062500 6.486959 -18.780544
v 44.062500 5.506793 -14.741784
v 44.062500 4.526627 -10.703023
v 44.062500 3.546462 -6.664262
v 44.062500 2.566296 -2.625502
v 44.062500 2.069832 -0.579829
v 44.062500 1.573368 1.465843
v 44.062500 1.076905 3.511516
v 44.062500 0.580441 5.557189
v 44.062500 0.083978 7.602861
v 44.062500 -0.412486 9.648534
v 44.062500 -0.908950 11.694206
v 44.062500 -1.405414 13.739879
v 44.062500 -1.901877 15.785552
v 44.062500 -2.398340 17.831224
v 44.062500 -2.894804 19.876898
v 44.062500 -3.391268 21.922569
v 44.062500 -3.887732 23.968243
v 44.062500 -4.384196 26.013914
v 46.406250 12.272758 -29.358932
v 46.406250 11.129231 -25.124340
v 46.406250 9.985704 -20.889748
v 46.406250 8.842178 -16.655153
v 46.406250 7.698651 -12.420562
v 46.406250 6.555125 -8.185970
v 46.406250 5.411598 -3.951376
v 46.406250 4.832391 -1.806512
v 46.406250 4.253183 0.338351
v 46.406250 3.673975 2.483215
v 46.406250 3.094767 4.628078
v 46.406250 2.515559 6.772942
v 46.406250 1.936352 8.917805
v 46.406250 1.357145 11.062669
v 46.406250 0.777937 13.207532
v 46.406250 0.198729 15.352395
v 46.406250 -0.380479 17.497259
v 46.406250 -0.959687 19.642122
v 46.406250 -1.538893 21.786985
v 46.406250 -2.118101 23.931849
v 46.406250 -2.697309 26.076714
v 47.187500 -2.741803 28.275574
v 49.531250 17.373383 -32.693420
v 49.531250 16.012041 -28.197721
v 49.531250 14.650699 -23.702019
v 49.531250 13.289358 -19.206316
v 49.531250 11.928017 -14.710613
v 49.531250 10.566675 -10.214911
v 49.531250 9.205335 -5.719208
v 49.531250 8.515802 -3.442091
v 49.531250 7.826268 -1.164973
v 49.531250 7.136735 1.112145
v 49.531250 6.447203 3.389264
v 49.531250 5.757669 5.666381
v 49.531250 5.068137 7.943500
v 49.531250 4.378604 10.220618
v 49.531250 3.689071 12.497736
v 49.531250 2.999538 14.774854
v 49.531250 2.310005 17.051971
v 49.531250 1.620471 19.329090
v 49.531250 0.930939 21.606209
v 49.531250 0.241406 23.883326
v 49.531250 -0.448127 26.160444
v 50.312500 -0.602946 28.491558
v 31.562500 -11.955206 -13.520112
v 31.562500 -12.064113 -10.525789
v 31.562500 -12.173021 -7.531466
v 31.562500 -12.281927 -4.537142
v 31.562500 -12.390834 -1.542819
v 31.562500 -12.499742 1.451504
v 31.562500 -12.608649 4.445827
v 31.562500 -12.663812 5.962482
v 31.562500 -12.718973 7.479137
v 31.562500 -12.774136 8.995790
v 31.562500 -12.829299 10.512446
v 31.562500 -12.884461 12.029100
v 31.562500 -12.939624 13.545755
v 31.562500 -12.994787 15.062409
v 31.562500 -13.049949 16.579065
v 31.562500 -13.105112 18.095720
v 31.562500 -13.160274 19.612373
v 31.562500 -13.215436 21.129028
v 31.562500 -13.270599 22.645683
v 34.687500 -7.181304 -13.599168
v 34.687500 -7.508026 -10.343735
v 34.687500 -7.834747 -7.088304
v 34.687500 -8.161469 -3.832870
v 34.687500 -8.488191 -0.577437
v 34.687500 -8.814913 2.677995
v 34.687500 -8.980401 4.326903
v 34.687500 -9.145889 5.975813
v 34.687500 -9.311376 7.624722
v 34.687500 -9.476864 9.273632
v 34.687500 -9.642351 10.922541
v 34.687500 -9.807839 12.571450
v 34.687500 -9.973327 14.220359
v 34.687500 -10.138815 15.869268
v 34.687500 -10.304303 17.518175
v 34.687500 -10.469790 19.167086
v 34.687500 -10.635278 20.815994
v 34.687500 -10.800766 22.464903
v 34.687500 -10.966254 24.113811
v 34.687500 -11.131742 25.762722
v 47.187500 12.349934 -25.892685
v 47.187500 11.151953 -21.592813
v 47.187500 9.953973 -17.292944
v 47.187500 8.755993 -12.993075
v 47.187500 7.558012 -8.693205
v 47.187500 6.360032 -4.393334
v 47.187500 5.753243 -2.215407
v 47.187500 5.146454 -0.037480
v 47.187500 4.539665 2.140448
v 47.187500 3.932876 4.318375
v 47.187500 3.326087 6.496302
v 47.187500 2.719299 8.674229
v 47.187500 2.112509 10.852156
v 47.187500 1.505720 13.030083
v 47.187500 0.898931 15.208010
v 47.187500 0.292142 17.385937
v 47.187500 -0.314647 19.563864
v 47.187500 -0.921435 21.741791
v 47.187500 -1.528224 23.919718
v 47.187500 -2.135014 26.097647
v 50.312500 18.648539 -33.527042
v 50.312500 17.232742 -28.966064
v 50.312500 15.816948 -24.405087
v 50.312500 14.401154 -19.844107
v 50.312500 12.985358 -15.283126
v 50.312500 11.569563 -10.722146
v 50.312500 10.153769 -6.161167
v 50.312500 9.436654 -3.850985
v 50.312500 8.719540 -1.540804
v 50.312500 8.002425 0.769378
v 50.312500 7.285311 3.079561
v 50.312500 6.568197 5.389741
v 50.312500 5.851082 7.699924
v 50.312500 5.133969 10.010105
v 50.312500 4.416854 12.320287
v 50.312500 3.699740 14.630469
v 50.312500 2.982625 16.940651
v 50.312500 2.265512 19.250832
v 50.312500 1.548397 21.561012
v 50.312500 0.831283 23.871195
v 50.312500 0.114169 26.181377
v -32.343750 -12.818629 25.699924
v -34.687500 -6.854582 -16.854603
v -34.687500 -11.131742 25.762722
v -37.812500 -1.753958 -20.189091
v -37.812500 -8.882560 25.846453
v -40.937500 4.109017 -27.301229
v -40.937500 -6.633378 25.930183
v -44.062500 9.427456 -30.896828
v -44.062500 -4.880659 28.059587
v -47.187500 14.745894 -34.492424
v -47.187500 -2.741803 28.275574
v -50.312500 20.064333 -38.088024
v -50.312500 -0.602946 28.491558
v -53.437500 1.535911 28.707544
v -30.781250 -13.915638 24.174469
v -30.781250 -13.888057 22.690878
v -30.781250 -13.860476 21.207287
v -30.781250 -13.832894 19.723696
v -30.781250 -13.777733 16.756514
v -30.781250 -13.750151 15.272922
v -30.781250 -13.722570 13.789330
v -30.781250 -13.694989 12.305740
v -30.781250 -13.667407 10.822149
v -30.781250 -13.639826 9.338558
v -30.781250 -13.612245 7.854967
v -30.781250 -13.557083 4.887785
v -30.781250 -13.502629 1.958740
v -30.781250 -13.448176 -0.970306
v -30.781250 -13.393722 -3.899352
v -30.781250 -13.339269 -6.828398
v -30.781250 -13.284816 -9.757444
v -30.781250 -13.230362 -12.686490
v -33.125000 -12.256333 25.720856
v -33.125000 -12.146008 24.138075
v -33.125000 -12.035682 22.555292
v -33.125000 -11.925357 20.972511
v -33.125000 -11.815032 19.389729
v -33.125000 -11.594382 16.224165
v -33.125000 -11.484057 14.641384
v -33.125000 -11.373732 13.058602
v -33.125000 -11.263406 11.475821
v -33.125000 -11.153081 9.893039
v -33.125000 -11.042756 8.310257
v -33.125000 -10.932430 6.727475
v -33.125000 -10.711781 3.561911
v -33.125000 -10.493966 0.437033
v -33.125000 -10.276152 -2.687845
v -33.125000 -10.058337 -5.812722
v -33.125000 -9.840523 -8.937600
v -33.125000 -9.622709 -12.062478
v -33.125000 -9.404894 -15.187356
v -32.343750 -10.680050 -14.353734
v -32.343750 -10.843410 -11.294134
v -32.343750 -11.006772 -8.234533
v -32.343750 -11.170132 -5.174932
v -32.343750 -11.333493 -2.115332
v -32.343750 -11.496854 0.944269
v -32.343750 -11.660215 4.003869
v -32.343750 -11.825702 7.103306
v -32.343750 -11.908446 8.653024
v -32.343750 -11.991190 10.202742
v -32.343750 -12.073934 11.752460
v -32.343750 -12.156678 13.302179
v -32.343750 -12.239422 14.851897
v -32.343750 -12.322166 16.401613
v -32.343750 -12.487653 19.501051
v -32.343750 -12.570397 21.050770
v -32.343750 -12.653141 22.600489
v -32.343750 -12.735885 24.150208
v -36.250000 -10.007151 25.804586
v -36.250000 -9.786500 24.089552
v -36.250000 -9.565850 22.374514
v -36.250000 -9.345199 20.659477
v -36.250000 -9.124550 18.944443
v -36.250000 -8.683249 15.514370
v -36.250000 -8.462598 13.799334
v -36.250000 -8.241947 12.084297
v -36.250000 -8.021297 10.369261
v -36.250000 -7.800646 8.654225
v -36.250000 -7.579996 6.939188
v -36.250000 -7.359345 5.224152
v -36.250000 -6.918045 1.794078
v -36.250000 -6.482415 -1.591909
v -36.250000 -6.046786 -4.977896
v -36.250000 -5.611157 -8.363884
v -36.250000 -5.175528 -11.749871
v -36.250000 -4.739899 -15.135858
v -36.250000 -4.304270 -18.521847
v -35.468750 -5.579426 -17.688225
v -35.468750 -5.960601 -14.367514
v -35.468750 -6.341777 -11.046803
v -35.468750 -6.722952 -7.726093
v -35.468750 -7.104127 -4.405384
v -35.468750 -7.485303 -1.084673
v -35.468750 -7.866479 2.236037
v -35.468750 -8.252617 5.599982
v -35.468750 -8.445685 7.281955
v -35.468750 -8.638755 8.963928
v -35.468750 -8.831824 10.645901
v -35.468750 -9.024893 12.327874
v -35.468750 -9.217963 14.009846
v -35.468750 -9.411032 15.691819
v -35.468750 -9.797169 19.055763
v -35.468750 -9.990239 20.737736
v -35.468750 -10.183308 22.419708
v -35.468750 -10.376377 24.101683
v -35.468750 -10.569447 25.783653
v -39.375000 -7.757969 25.888317
v -39.375000 -7.426993 24.041027
v -39.375000 -7.096017 22.193735
v -39.375000 -6.765041 20.346445
v -39.375000 -6.434065 18.499155
v -39.375000 -5.772114 14.804573
v -39.375000 -5.441139 12.957282
v -39.375000 -5.110163 11.109991
v -39.375000 -4.779188 9.262701
v -39.375000 -4.448212 7.415411
v -39.375000 -4.117236 5.568120
v -39.375000 -3.786260 3.720828
v -39.375000 -3.124308 0.026246
v -39.375000 -2.470864 -3.620850
v -39.375000 -1.817421 -7.267947
v -39.375000 -1.163977 -10.915044
v -39.375000 -0.510533 -14.562141
v -39.375000 0.142911 -18.209236
v -39.375000 0.796354 -21.856335
v -38.593750 -0.478802 -21.022713
v -38.593750 -1.077792 -17.440891
v -38.593750 -1.676782 -13.859073
v -38.593750 -2.275772 -10.277254
v -38.593750 -2.874763 -6.695434
v -38.593750 -3.473752 -3.113615
v -38.593750 -4.072742 0.468204
v -38.593750 -4.679531 4.096660
v -38.593750 -4.982925 5.910886
v -38.593750 -5.286321 7.725113
v -38.593750 -5.589714 9.539340
v -38.593750 -5.893109 11.353568
v -38.593750 -6.196503 13.167795
v -38.593750 -6.499898 14.982023
v -38.593750 -7.106687 18.610476
v -38.593750 -7.410081 20.424704
v -38.593750 -7.713475 22.238932
v -38.593750 -8.016870 24.053158
v -38.593750 -8.320264 25.867386
v -42.500000 -5.950088 27.951593
v -42.500000 -5.508787 25.972050
v -42.500000 -5.067485 23.992504
v -42.500000 -4.626184 22.012959
v -42.500000 -4.184884 20.033413
v -42.500000 -3.743582 18.053867
v -42.500000 -2.860981 14.094777
v -42.500000 -2.419679 12.115232
v -42.500000 -1.978378 10.135686
v -42.500000 -1.537077 8.156141
v -42.500000 -1.095777 6.176596
v -42.500000 -0.654476 4.197050
v -42.500000 -0.213174 2.217505
v -42.500000 0.669428 -1.741586
v -42.500000 1.540686 -5.649792
v -42.500000 2.411944 -9.557998
v -42.500000 3.283203 -13.466204
v -42.500000 4.154461 -17.374411
v -42.500000 5.025720 -21.282616
v -42.500000 5.896978 -25.190823
v -42.500000 6.768237 -29.099028
v -41.718750 5.438627 -28.200129
v -41.718750 4.621822 -24.357201
v -41.718750 3.805017 -20.514271
v -41.718750 2.988213 -16.671343
v -41.718750 2.171408 -12.828414
v -41.718750 1.354603 -8.985485
v -41.718750 0.537799 -5.142556
v -41.718750 -0.279006 -1.299628
v -41.718750 -1.106446 2.593336
v -41.718750 -1.520166 4.539817
v -41.718750 -1.933886 6.486299
v -41.718750 -2.347604 8.432781
v -41.718750 -2.761324 10.379263
v -41.718750 -3.175044 12.325744
v -41.718750 -3.588764 14.272226
v -41.718750 -4.416203 18.165190
v -41.718750 -4.829924 20.111671
v -41.718750 -5.243643 22.058153
v -41.718750 -5.657362 24.004635
v -41.718750 -6.071082 25.951117
v -45.625000 -3.811231 28.167580
v -45.625000 -3.259605 26.055780
v -45.625000 -2.707978 23.943979
v -45.625000 -2.156352 21.832180
v -45.625000 -1.604726 19.720381
v -45.625000 -1.053100 17.608582
v -45.625000 0.050153 13.384981
v -45.625000 0.601780 11.273181
v -45.625000 1.153406 9.161381
v -45.625000 1.705032 7.049581
v -45.625000 2.256659 4.937782
v -45.625000 2.808285 2.825982
v -45.625000 3.359911 0.714182
v -45.625000 4.463163 -3.509418
v -45.625000 5.552238 -7.678733
v -45.625000 6.641310 -11.848050
v -45.625000 7.730382 -16.017365
v -45.625000 8.819456 -20.186680
v -45.625000 9.908529 -24.355995
v -45.625000 10.997602 -28.525311
v -45.625000 12.086675 -32.694626
v -44.843750 10.757065 -31.795727
v -44.843750 9.722446 -27.691689
v -44.843750 8.687826 -23.587650
v -44.843750 7.653208 -19.483612
v -44.843750 6.618588 -15.379575
v -44.843750 5.583969 -11.275536
v -44.843750 4.549349 -7.171498
v -44.843750 3.514730 -3.067460
v -44.843750 2.466640 1.090013
v -44.843750 1.942595 3.168749
v -44.843750 1.418550 5.247485
v -44.843750 0.894505 7.326221
v -44.843750 0.370460 9.404958
v -44.843750 -0.153585 11.483694
v -44.843750 -0.677630 13.562430
v -44.843750 -1.725720 17.719902
v -44.843750 -2.249766 19.798639
v -44.843750 -2.773810 21.877375
v -44.843750 -3.297855 23.956112
v -44.843750 -3.821900 26.034847
v -44.843750 -4.345945 28.113583
v -48.750000 -1.672374 28.383566
v -48.750000 -1.010422 26.139511
v -48.750000 -0.348471 23.895456
v -48.750000 0.313481 21.651402
v -48.750000 0.975433 19.407349
v -48.750000 1.637384 17.163294
v -48.750000 2.961287 12.675185
v -48.750000 3.623239 10.431131
v -48.750000 4.285191 8.187076
v -48.750000 4.947143 5.943021
v -48.750000 5.609094 3.698967
v -48.750000 6.271045 1.454913
v -48.750000 6.932997 -0.789142
v -48.750000 8.256901 -5.277250
v -48.750000 9.563788 -9.707676
v -48.750000 10.870676 -14.138100
v -48.750000 12.177564 -18.568523
v -48.750000 13.484451 -22.998951
v -48.750000 14.791339 -27.429377
v -48.750000 16.098227 -31.859800
v -48.750000 17.405113 -36.290222
v -47.187500 13.547915 -30.192556
v -47.187500 12.349934 -25.892685
v -47.187500 11.151953 -21.592813
v -47.187500 9.953973 -17.292944
v -47.187500 8.755993 -12.993075
v -47.187500 7.558012 -8.693205
v -47.187500 6.360032 -4.393334
v -47.187500 5.146454 -0.037480
v -47.187500 4.539665 2.140448
v -47.187500 3.932876 4.318375
v -47.187500 3.326087 6.496302
v -47.187500 2.719299 8.674229
v -47.187500 2.112509 10.852156
v -47.187500 1.505720 13.030083
v -47.187500 0.292142 17.385937
v -47.187500 -0.314647 19.563864
v -47.187500 -0.921435 21.741791
v -47.187500 -1.528224 23.919718
v -47.187500 -2.135014 26.097647
v -51.875000 0.466483 28.599550
v -51.875000 1.238760 26.223242
v -51.875000 2.011037 23.846933
v -51.875000 2.783314 21.470625
v -51.875000 3.555590 19.094316
v -51.875000 4.327868 16.718006
v -51.875000 5.872421 11.965389
v -51.875000 6.644698 9.589079
v -51.875000 7.416975 7.212770
v -51.875000 8.189251 4.836462
v -51.875000 8.961529 2.460153
v -51.875000 9.733806 0.083844
v -51.875000 10.506083 -2.292465
v -51.875000 12.050636 -7.045083
v -51.875000 13.575339 -11.736617
v -51.875000 15.100041 -16.428152
v -51.875000 16.624743 -21.119686
v -51.875000 18.149445 -25.811220
v -51.875000 19.674149 -30.502754
v -51.875000 21.198851 -35.194286
v -51.875000 22.723551 -39.885822
v -50.312500 18.648539 -33.527042
v -50.312500 17.232742 -28.966064
v -50.312500 15.816948 -24.405087
v -50.312500 14.401154 -19.844107
v -50.312500 12.985358 -15.283126
v -50.312500 11.569563 -10.722146
v -50.312500 10.153769 -6.161167
v -50.312500 8.719540 -1.540804
v -50.312500 8.002425 0.769378
v -50.312500 7.285311 3.079561
v -50.312500 6.568197 5.389741
v -50.312500 5.851082 7.699924
v -50.312500 5.133969 10.010105
v -50.312500 4.416854 12.320287
v -50.312500 2.982625 16.940651
v -50.312500 2.265512 19.250832
v -50.312500 1.548397 21.561012
v -50.312500 0.831283 23.871195
v -50.312500 0.114169 26.181377
v -53.437500 25.382771 -41.683624
v -53.437500 23.749163 -36.861530
v -53.437500 22.115553 -32.039440
v -53.437500 20.481943 -27.217356
v -53.437500 18.848333 -22.395267
v -53.437500 17.214724 -17.573177
v -53.437500 15.581114 -12.751088
v -53.437500 13.947504 -7.928999
v -53.437500 12.292626 -3.044127
v -53.437500 11.465186 -0.601690
v -53.437500 10.637746 1.840746
v -53.437500 9.810306 4.283182
v -53.437500 8.982868 6.725618
v -53.437500 8.155428 9.168054
v -53.437500 7.327988 11.610490
v -53.437500 5.673110 16.495363
v -53.437500 4.845669 18.937799
v -53.437500 4.018229 21.380236
v -53.437500 3.190790 23.822672
v -53.437500 2.363351 26.265108
v -49.531250 -1.137660 28.437563
v -49.531250 -0.448127 26.160444
v -49.531250 0.241406 23.883326
v -49.531250 0.930939 21.606209
v -49.531250 1.620471 19.329090
v -49.531250 2.310005 17.051971
v -49.531250 3.689071 12.497736
v -49.531250 4.378604 10.220618
v -49.531250 5.068137 7.943500
v -49.531250 5.757669 5.666381
v -49.531250 6.447203 3.389264
v -49.531250 7.136735 1.112145
v -49.531250 7.826268 -1.164973
v -49.531250 9.205335 -5.719208
v -49.531250 10.566675 -10.214911
v -49.531250 11.928017 -14.710613
v -49.531250 13.289358 -19.206316
v -49.531250 14.650699 -23.702019
v -49.531250 16.012041 -28.197721
v -49.531250 17.373383 -32.693420
v -49.531250 18.734724 -37.189121
v -43.281250 -5.415374 28.005590
v -43.281250 -4.946491 25.992983
v -43.281250 -4.477609 23.980373
v -43.281250 -4.008727 21.967764
v -43.281250 -3.539845 19.955154
v -43.281250 -3.070961 17.942547
v -43.281250 -2.133197 13.917328
v -43.281250 -1.664315 11.904719
v -43.281250 -1.195432 9.892110
v -43.281250 -0.726550 7.879501
v -43.281250 -0.257668 5.866892
v -43.281250 0.211215 3.854283
v -43.281250 0.680097 1.841674
v -43.281250 1.617862 -2.183544
v -43.281250 2.543574 -6.157027
v -43.281250 3.469286 -10.130511
v -43.281250 4.394998 -14.103994
v -43.281250 5.320710 -18.077477
v -43.281250 6.246423 -22.050961
v -43.281250 7.172134 -26.024445
v -43.281250 8.097846 -29.997929
v -40.156250 -7.195673 25.909250
v -40.156250 -6.837116 24.028896
v -40.156250 -6.478559 22.148542
v -40.156250 -6.120003 20.268187
v -40.156250 -5.761445 18.387833
v -40.156250 -5.044331 14.627124
v -40.156250 -4.685774 12.746770
v -40.156250 -4.327217 10.866415
v -40.156250 -3.968659 8.986061
v -40.156250 -3.610102 7.105707
v -40.156250 -3.251545 5.225352
v -40.156250 -2.892989 3.344997
v -40.156250 -2.175874 -0.415712
v -40.156250 -1.467977 -4.128086
v -40.156250 -0.760080 -7.840460
v -40.156250 -0.052182 -11.552834
v -40.156250 0.655715 -15.265208
v -40.156250 1.363613 -18.977583
v -40.156250 2.071510 -22.689957
v -40.156250 2.779407 -26.402330
v -37.031250 -9.444855 25.825520
v -37.031250 -9.196623 24.077419
v -37.031250 -8.948392 22.329321
v -37.031250 -8.700160 20.581221
v -37.031250 -8.451929 18.833120
v -37.031250 -7.955465 15.336921
v -37.031250 -7.707233 13.588821
v -37.031250 -7.459001 11.840721
v -37.031250 -7.210769 10.092621
v -37.031250 -6.962537 8.344521
v -37.031250 -6.714305 6.596420
v -37.031250 -6.466074 4.848320
v -37.031250 -5.969610 1.352121
v -37.031250 -5.479528 -2.099144
v -37.031250 -4.989446 -5.550408
v -37.031250 -4.499362 -9.001674
v -37.031250 -4.009280 -12.452938
v -37.031250 -3.519197 -15.904203
v -37.031250 -3.029114 -19.355469
v -33.906250 -11.694038 25.741789
v -33.906250 -11.556131 24.125942
v -33.906250 -11.418224 22.510098
v -33.906250 -11.280318 20.894253
v -33.906250 -11.142411 19.278406
v -33.906250 -10.866599 16.046717
v -33.906250 -10.728692 14.430872
v -33.906250 -10.590786 12.815026
v -33.906250 -10.452879 11.199181
v -33.906250 -10.314972 9.583335
v -33.906250 -10.177066 7.967490
v -33.906250 -10.039159 6.351644
v -33.906250 -9.763347 3.119953
v -33.906250 -9.491078 -0.070202
v -33.906250 -9.218810 -3.260357
v -33.906250 -8.946543 -6.450513
v -33.906250 -8.674273 -9.640668
v -33.906250 -8.402006 -12.830823
v -33.906250 -8.129738 -16.020979
v -44.062500 8.447290 -26.858067
v -44.062500 7.467124 -22.819305
v -44.062500 6.486959 -18.780544
v -44.062500 5.506793 -14.741784
v -44.062500 4.526627 -10.703023
v -44.062500 3.546462 -6.664262
v -44.062500 2.566296 -2.625502
v -44.062500 1.573368 1.465843
v -44.062500 1.076905 3.511516
v -44.062500 0.580441 5.557189
v -44.062500 0.083978 7.602861
v -44.062500 -0.412486 9.648534
v -44.062500 -0.908950 11.694206
v -44.062500 -1.405414 13.739879
v -44.062500 -2.398340 17.831224
v -44.062500 -2.894804 19.876898
v -44.062500 -3.391268 21.922569
v -44.062500 -3.887732 23.968243
v -44.062500 -4.384196 26.013914
v -40.937500 3.346666 -23.523579
v -40.937500 2.584315 -19.745928
v -40.937500 1.821964 -15.968275
v -40.937500 1.059613 -12.190624
v -40.937500 0.297262 -8.412972
v -40.937500 -0.465089 -4.635321
v -40.937500 -1.227440 -0.857670
v -40.937500 -1.999717 2.969167
v -40.937500 -2.385855 4.882585
v -40.937500 -2.771994 6.796003
v -40.937500 -3.158132 8.709421
v -40.937500 -3.544270 10.622839
v -40.937500 -3.930409 12.536257
v -40.937500 -4.316547 14.449675
v -40.937500 -5.088825 18.276510
v -40.937500 -5.474963 20.189928
v -40.937500 -5.861102 22.103348
v -40.937500 -6.247239 24.016766
v -37.812500 -2.298494 -16.672548
v -37.812500 -2.843031 -13.156006
v -37.812500 -3.387567 -9.639464
v -37.812500 -3.932103 -6.122921
v -37.812500 -4.476640 -2.606380
v -37.812500 -5.021176 0.910162
v -37.812500 -5.572803 4.472490
v -37.812500 -5.848616 6.253654
v -37.812500 -6.124429 8.034817
v -37.812500 -6.400242 9.815981
v -37.812500 -6.676055 11.597145
v -37.812500 -6.951868 13.378308
v -37.812500 -7.227681 15.159472
v -37.812500 -7.779307 18.721798
v -37.812500 -8.055120 20.502962
v -37.812500 -8.330933 22.284124
v -37.812500 -8.606747 24.065289
v -34.687500 -7.181304 -13.599168
v -34.687500 -7.508026 -10.343735
v -34.687500 -7.834747 -7.088304
v -34.687500 -8.161469 -3.832870
v -34.687500 -8.488191 -0.577437
v -34.687500 -8.814913 2.677995
v -34.687500 -9.145889 5.975813
v -34.687500 -9.311376 7.624722
v -34.687500 -9.476864 9.273632
v -34.687500 -9.642351 10.922541
v -34.687500 -9.807839 12.571450
v -34.687500 -9.973327 14.220359
v -34.687500 -10.138815 15.869268
v -34.687500 -10.469790 19.167086
v -34.687500 -10.635278 20.815994
v -34.687500 -10.800766 22.464903
v -34.687500 -10.966254 24.113811
v -31.562500 -11.955206 -13.520112
v -31.562500 -12.064113 -10.525789
v -31.562500 -12.173021 -7.531466
v -31.562500 -12.281927 -4.537142
v -31.562500 -12.390834 -1.542819
v -31.562500 -12.499742 1.451504
v -31.562500 -12.608649 4.445827
v -31.562500 -12.718973 7.479137
v -31.562500 -12.774136 8.995790
v -31.562500 -12.829299 10.512446
v -31.562500 -12.884461 12.029100
v -31.562500 -12.939624 13.545755
v -31.562500 -12.994787 15.062409
v -31.562500 -13.049949 16.579065
v -31.562500 -13.160274 19.612373
v -31.562500 -13.215436 21.129028
v -31.562500 -13.270599 22.645683
v -31.562500 -13.325761 24.162338
vn -0.0000 0.3319 -0.9433
vn -0.1564 0.3278 -0.9317
vn -0.3090 0.3156 -0.8972
vn -0.1565 0.3278 -0.9317
vn -0.3090 0.3156 -0.8971
vn -0.3090 0.3157 -0.8971
vn -0.4540 0.2957 -0.8405
vn -0.5878 0.2685 -0.7632
vn -0.5878 0.2685 -0.7631
vn -0.7071 0.2347 -0.6670
vn -0.8090 0.1951 -0.5545
vn -0.8910 0.1507 -0.4283
vn -0.8090 0.1951 -0.5544
vn -0.8910 0.1507 -0.4282
vn -0.9510 0.1026 -0.2915
vn -0.9511 0.1026 -0.2915
vn -0.9877 0.0519 -0.1476
vn -1.0000 -0.0000 -0.0000
vn 1.0000 -0.0000 -0.0000
vn 0.9877 0.0519 -0.1476
vn 0.9511 0.1026 -0.2915
vn 0.8910 0.1507 -0.4282
vn 0.8910 0.1507 -0.4283
vn 0.8090 0.1951 -0.5545
vn 0.7071 0.2347 -0.6670
vn 0.5878 0.2685 -0.7632
vn 0.5878 0.2685 -0.7631
vn 0.4540 0.2957 -0.8405
vn 0.3090 0.3156 -0.8971
vn 0.3090 0.3157 -0.8971
vn 0.3090 0.3157 -0.8972
vn 0.1564 0.3278 -0.9317
vn 0.1565 0.3278 -0.9317
vn -0.9877 -0.0519 0.1476
vn -0.9511 -0.1026 0.2915
vn -0.8910 -0.1507 0.4282
vn -0.8910 -0.1507 0.4283
vn -0.8090 -0.1951 0.5545
vn -0.7071 -0.2347 0.6670
vn -0.5878 -0.2685 0.7631
vn -0.5878 -0.2685 0.7632
vn -0.4540 -0.2957 0.8405
vn -0.3090 -0.3157 0.8971
vn -0.3090 -0.3156 0.8971
vn -0.3090 -0.3156 0.8972
vn -0.3090 -0.3157 0.8972
vn -0.1565 -0.3278 0.9317
vn -0.1564 -0.3278 0.9317
vn -0.0000 -0.3319 0.9433
vn 0.1564 -0.3278 0.9317
vn 0.1565 -0.3278 0.9317
vn 0.3090 -0.3157 0.8972
vn 0.3090 -0.3156 0.8972
vn 0.3090 -0.3156 0.8971
vn 0.4540 -0.2957 0.8405
vn 0.5878 -0.2685 0.7632
vn 0.5878 -0.2685 0.7631
vn 0.7071 -0.2347 0.6670
vn 0.8090 -0.1951 0.5545
vn 0.8910 -0.1507 0.4283
vn 0.8910 -0.1507 0.4282
vn 0.9511 -0.1026 0.2915
vn 0.9877 -0.0519 0.1476
vn -0.0000 0.9433 0.3319
vn 0.9963 0.0285 -0.0811
vn 0.9963 -0.0285 0.0811
vn 0.9852 -0.0568 0.1616
vn 0.9669 -0.0847 0.2408
vn 0.9668 -0.0848 0.2409
vn 0.9413 -0.1120 0.3184
vn 0.9088 -0.1385 0.3936
vn 0.8696 -0.1639 0.4658
vn 0.8239 -0.1881 0.5346
vn 0.7722 -0.2109 0.5994
vn 0.7147 -0.2321 0.6598
vn 0.7147 -0.2322 0.6598
vn 0.6519 -0.2517 0.7153
vn 0.7146 -0.2322 0.6598
vn 0.5843 -0.2693 0.7655
vn 0.5843 -0.2693 0.7656
vn 0.5124 -0.2850 0.8101
vn 0.5123 -0.2850 0.8101
vn 0.4367 -0.2986 0.8486
vn 0.4366 -0.2986 0.8487
vn 0.3577 -0.3099 0.8809
vn 0.2761 -0.3190 0.9066
vn 0.2761 -0.3190 0.9067
vn 0.1924 -0.3257 0.9257
vn 0.1074 -0.3300 0.9379
vn 0.0215 -0.3318 0.9431
vn -0.0645 -0.3312 0.9414
vn -0.1501 -0.3281 0.9326
vn -0.2345 -0.3226 0.9170
vn -0.3172 -0.3148 0.8946
vn -0.3172 -0.3147 0.8946
vn -0.3975 -0.3045 0.8656
vn -0.4749 -0.2921 0.8301
vn -0.3976 -0.3045 0.8656
vn -0.4750 -0.2921 0.8301
vn -0.5488 -0.2774 0.7886
vn -0.5489 -0.2774 0.7885
vn -0.6186 -0.2608 0.7411
vn -0.5488 -0.2774 0.7885
vn -0.6187 -0.2608 0.7411
vn -0.6839 -0.2421 0.6882
vn -0.6187 -0.2607 0.7411
vn -0.7441 -0.2217 0.6302
vn -0.7988 -0.1997 0.5675
vn -0.8475 -0.1762 0.5007
vn -0.8475 -0.1761 0.5007
vn -0.8900 -0.1513 0.4301
vn -0.8900 -0.1513 0.4300
vn -0.9259 -0.1254 0.3563
vn -0.9550 -0.0985 0.2799
vn -0.9769 -0.0709 0.2015
vn -0.9769 -0.0709 0.2014
vn -0.9917 -0.0427 0.1215
vn -0.9917 -0.0427 0.1214
vn -0.9991 -0.0143 0.0406
vn -0.9991 0.0143 -0.0406
vn -0.9917 0.0427 -0.1214
vn -0.9917 0.0427 -0.1215
vn -0.9769 0.0709 -0.2014
vn -0.9550 0.0985 -0.2799
vn -0.9769 0.0709 -0.2015
vn -0.9259 0.1254 -0.3563
vn -0.8900 0.1513 -0.4300
vn -0.8900 0.1513 -0.4301
vn -0.8475 0.1761 -0.5007
vn -0.8475 0.1762 -0.5007
vn -0.7988 0.1997 -0.5675
vn -0.7441 0.2217 -0.6302
vn -0.6839 0.2421 -0.6882
vn -0.6187 0.2608 -0.7411
vn -0.6186 0.2608 -0.7411
vn -0.5489 0.2774 -0.7885
vn -0.5488 0.2774 -0.7885
vn -0.5488 0.2774 -0.7886
vn -0.4749 0.2921 -0.8301
vn -0.4750 0.2921 -0.8301
vn -0.3975 0.3045 -0.8656
vn -0.3172 0.3148 -0.8946
vn -0.3172 0.3147 -0.8946
vn -0.2345 0.3226 -0.9170
vn -0.1501 0.3281 -0.9326
vn -0.0645 0.3312 -0.9414
vn 0.0215 0.3318 -0.9431
vn 0.1074 0.3300 -0.9379
vn 0.1073 0.3300 -0.9379
vn 0.0216 0.3318 -0.9431
vn 0.1924 0.3257 -0.9257
vn 0.2761 0.3190 -0.9066
vn 0.3577 0.3099 -0.8809
vn 0.4366 0.2986 -0.8487
vn 0.4366 0.2986 -0.8486
vn 0.5123 0.2850 -0.8101
vn 0.5124 0.2850 -0.8101
vn 0.5843 0.2693 -0.7655
vn 0.5843 0.2693 -0.7656
vn 0.6519 0.2517 -0.7153
vn 0.7146 0.2322 -0.6598
vn 0.7147 0.2322 -0.6598
vn 0.7722 0.2109 -0.5994
vn 0.7147 0.2321 -0.6598
vn 0.8239 0.1881 -0.5346
vn 0.8696 0.1639 -0.4658
vn 0.9088 0.1385 -0.3936
vn 0.9088 0.1385 -0.3935
vn 0.9413 0.1120 -0.3184
vn 0.9668 0.0848 -0.2409
vn 0.9669 0.0847 -0.2408
vn 0.9852 0.0568 -0.1616
vn 0.9852 0.0568 -0.1615
vn -0.0000 -0.5390 0.8423
vn -0.0376 -0.5806 0.8133
vn -0.0485 -0.5937 0.8033
vn -0.0485 -0.5936 0.8033
vn -0.0750 -0.6197 0.7812
vn -0.0485 -0.5937 0.8032
vn -0.0955 -0.6443 0.7588
vn -0.1120 -0.6564 0.7461
vn -0.0955 -0.6444 0.7587
vn -0.1126 -0.6616 0.7413
vn -0.1495 -0.6972 0.7011
vn -0.1126 -0.6617 0.7413
vn -0.1414 -0.6911 0.7088
vn -0.1495 -0.6973 0.7010
vn -0.1413 -0.6911 0.7088
vn -0.1858 -0.7335 0.6538
vn -0.2284 -0.7710 0.5944
vn -0.2211 -0.7593 0.6120
vn -0.1858 -0.7299 0.6578
vn -0.1495 -0.6973 0.7011
vn -0.1487 -0.6906 0.7078
vn -0.1120 -0.6564 0.7460
vn -0.1114 -0.6518 0.7502
vn -0.0746 -0.6165 0.7838
vn -0.0740 -0.6128 0.7868
vn -0.0740 -0.6127 0.7868
vn -0.0372 -0.5770 0.8159
vn -0.0371 -0.5769 0.8159
vn -0.0368 -0.5747 0.8175
vn -0.0364 -0.5721 0.8193
vn -0.0364 -0.5722 0.8193
vn -0.0361 -0.5706 0.8205
vn -0.0360 -0.5705 0.8205
vn -0.0399 -0.5729 0.8187
vn -0.0719 -0.6005 0.7964
vn -0.0720 -0.6005 0.7964
vn -0.0797 -0.6060 0.7914
vn -0.0725 -0.6036 0.7940
vn -0.1085 -0.6332 0.7664
vn -0.1097 -0.6403 0.7603
vn -0.1458 -0.6701 0.7278
vn -0.1470 -0.6780 0.7203
vn -0.1459 -0.6701 0.7278
vn -0.1829 -0.7071 0.6831
vn -0.1829 -0.7071 0.6830
vn -0.1470 -0.6780 0.7202
vn -0.1840 -0.7151 0.6743
vn -0.2192 -0.7427 0.6327
vn -0.2201 -0.7505 0.6231
vn -0.2201 -0.7506 0.6231
vn -0.2545 -0.7761 0.5770
vn -0.2202 -0.7506 0.6230
vn -0.2555 -0.7855 0.5636
vn -0.2556 -0.7855 0.5636
vn -0.2890 -0.8085 0.5126
vn -0.2556 -0.7856 0.5636
vn -0.2897 -0.8165 0.4993
vn -0.2890 -0.8086 0.5126
vn -0.2897 -0.8166 0.4993
vn -0.3139 -0.8317 0.4580
vn -0.3084 -0.8312 0.4626
vn -0.3085 -0.8312 0.4626
vn -0.3271 -0.8428 0.4274
vn -0.2693 -0.8037 0.5307
vn -0.2563 -0.7932 0.5524
vn -0.2202 -0.7506 0.6231
vn -0.1849 -0.7221 0.6666
vn -0.1480 -0.6847 0.7136
vn -0.1107 -0.6464 0.7549
vn -0.0734 -0.6085 0.7902
vn -0.2555 -0.7856 0.5636
vn -0.3372 -0.8447 0.4157
vn -0.3271 -0.8428 0.4275
vn -0.3451 -0.8529 0.3916
vn -0.3451 -0.8530 0.3915
vn -0.3597 -0.8555 0.3725
vn -0.3626 -0.8616 0.3552
vn -0.3597 -0.8555 0.3724
vn -0.3626 -0.8616 0.3551
vn -0.3813 -0.8642 0.3282
vn -0.3794 -0.8689 0.3180
vn -0.3813 -0.8642 0.3283
vn -0.3956 -0.8747 0.2801
vn -0.4020 -0.8708 0.2830
vn -0.4112 -0.8789 0.2415
vn -0.4217 -0.8752 0.2370
vn -0.4212 -0.8805 0.2174
vn -0.4394 -0.8821 0.1696
vn -0.4262 -0.8817 0.2025
vn -0.4404 -0.8829 0.1631
vn -0.4565 -0.8814 0.1216
vn -0.4542 -0.8825 0.1225
vn -0.4565 -0.8814 0.1215
vn -0.4674 -0.8803 0.0808
vn -0.4674 -0.8803 0.0809
vn -0.4724 -0.8783 0.0731
vn -0.4801 -0.8764 0.0380
vn -0.4871 -0.8730 0.0244
vn -0.4921 -0.8705 -0.0061
vn -0.5005 -0.8654 -0.0246
vn -0.5005 -0.8654 -0.0245
vn -0.5035 -0.8625 -0.0512
vn -0.5126 -0.8555 -0.0734
vn -0.5138 -0.8524 -0.0968
vn -0.5139 -0.8524 -0.0968
vn -0.5234 -0.8434 -0.1218
vn -0.5232 -0.8402 -0.1425
vn -0.5327 -0.8291 -0.1699
vn -0.5315 -0.8259 -0.1882
vn -0.5407 -0.8126 -0.2176
vn -0.5387 -0.8095 -0.2335
vn -0.5446 -0.7912 -0.2783
vn -0.5446 -0.7912 -0.2784
vn -0.5488 -0.7953 -0.2576
vn -0.5488 -0.7953 -0.2575
vn -0.5459 -0.8165 -0.1880
vn -0.5460 -0.8165 -0.1880
vn -0.5373 -0.8315 -0.1411
vn -0.5372 -0.8315 -0.1411
vn -0.5459 -0.8165 -0.1879
vn -0.5424 -0.8333 -0.1070
vn -0.5372 -0.8315 -0.1410
vn -0.5316 -0.8448 -0.0610
vn -0.5364 -0.8437 -0.0213
vn -0.5235 -0.8517 0.0234
vn -0.5266 -0.8482 0.0569
vn -0.5266 -0.8482 0.0570
vn -0.5119 -0.8532 0.1002
vn -0.5142 -0.8467 0.1369
vn -0.4977 -0.8488 0.1783
vn -0.4977 -0.8488 0.1782
vn -0.4989 -0.8388 0.2180
vn -0.4865 -0.8366 0.2516
vn -0.5034 -0.8368 0.2153
vn -0.5160 -0.8377 0.1788
vn -0.5196 -0.8355 0.1785
vn -0.5321 -0.8351 0.1393
vn -0.5321 -0.8351 0.1394
vn -0.5350 -0.8328 0.1421
vn -0.5473 -0.8310 0.0997
vn -0.5496 -0.8287 0.1061
vn -0.5614 -0.8254 0.0600
vn -0.5614 -0.8253 0.0600
vn -0.5634 -0.8232 0.0704
vn -0.5746 -0.8182 0.0200
vn -0.5764 -0.8164 0.0351
vn -0.5764 -0.8164 0.0350
vn -0.5888 -0.8083 -0.0000
vn -0.5827 -0.8109 -0.0538
vn -0.5694 -0.8215 -0.0297
vn -0.5764 -0.8110 -0.1006
vn -0.5639 -0.8226 -0.0729
vn -0.5701 -0.8094 -0.1411
vn -0.5586 -0.8221 -0.1104
vn -0.5641 -0.8067 -0.1764
vn -0.5641 -0.8066 -0.1764
vn -0.5519 -0.8198 -0.1528
vn -0.5585 -0.8032 -0.2071
vn -0.5519 -0.8198 -0.1529
vn -0.5534 -0.7994 -0.2340
vn -0.4866 -0.8366 0.2516
vn -0.4809 -0.8383 0.2567
vn -0.4693 -0.8350 0.2873
vn -0.4621 -0.8364 0.2949
vn -0.4692 -0.8350 0.2873
vn -0.4515 -0.8321 0.3222
vn -0.4515 -0.8320 0.3222
vn -0.4424 -0.8329 0.3325
vn -0.4333 -0.8277 0.3565
vn -0.4219 -0.8279 0.3696
vn -0.4220 -0.8279 0.3695
vn -0.4146 -0.8221 0.3902
vn -0.4147 -0.8221 0.3902
vn -0.4006 -0.8213 0.4061
vn -0.3955 -0.8152 0.4230
vn -0.3786 -0.8133 0.4418
vn -0.3955 -0.8152 0.4231
vn -0.3569 -0.7983 0.4851
vn -0.3559 -0.8038 0.4766
vn -0.3326 -0.7929 0.5105
vn -0.3326 -0.7929 0.5106
vn -0.3574 -0.8171 0.4523
vn -0.3574 -0.8171 0.4524
vn -0.3343 -0.8060 0.4884
vn -0.3342 -0.8060 0.4884
vn -0.3584 -0.8281 0.4310
vn -0.3584 -0.8282 0.4310
vn -0.3342 -0.8060 0.4885
vn -0.3354 -0.8170 0.4690
vn -0.3354 -0.8171 0.4690
vn -0.3589 -0.8374 0.4121
vn -0.3589 -0.8374 0.4122
vn -0.3361 -0.8264 0.4519
vn -0.3590 -0.8374 0.4121
vn -0.3361 -0.8264 0.4518
vn -0.3594 -0.8475 0.3905
vn -0.3368 -0.8366 0.4322
vn -0.3368 -0.8365 0.4322
vn -0.3178 -0.7777 0.5423
vn -0.3177 -0.7777 0.5424
vn -0.3087 -0.7805 0.5436
vn -0.3104 -0.7934 0.5236
vn -0.3116 -0.8042 0.5061
vn -0.3361 -0.8263 0.4519
vn -0.3125 -0.8134 0.4906
vn -0.3368 -0.8366 0.4321
vn -0.3133 -0.8236 0.4728
vn -0.3133 -0.8236 0.4729
vn -0.2782 -0.7540 0.5950
vn -0.2841 -0.7667 0.5757
vn -0.2842 -0.7667 0.5757
vn -0.3104 -0.7934 0.5237
vn -0.2859 -0.7791 0.5580
vn -0.2859 -0.7791 0.5579
vn -0.2871 -0.7896 0.5423
vn -0.3125 -0.8134 0.4907
vn -0.2881 -0.7986 0.5285
vn -0.2506 -0.7460 0.6169
vn -0.2385 -0.7278 0.6430
vn -0.2506 -0.7460 0.6170
vn -0.2164 -0.7231 0.6560
vn -0.2142 -0.7108 0.6700
vn -0.2142 -0.7107 0.6701
vn -0.1988 -0.6995 0.6864
vn -0.1591 -0.6696 0.7255
vn -0.1795 -0.6870 0.7042
vn -0.1989 -0.6995 0.6864
vn -0.1815 -0.6978 0.6930
vn -0.2180 -0.7337 0.6436
vn -0.2523 -0.7576 0.6019
vn -0.2523 -0.7577 0.6019
vn -0.2536 -0.7676 0.5887
vn -0.2872 -0.7896 0.5423
vn -0.1194 -0.6383 0.7604
vn -0.1442 -0.6610 0.7364
vn -0.1442 -0.6611 0.7364
vn -0.1814 -0.6977 0.6930
vn -0.1795 -0.6869 0.7042
vn -0.0374 -0.5789 0.8146
vn -0.0745 -0.6165 0.7839
vn -0.0750 -0.6197 0.7813
vn -0.0374 -0.5789 0.8145
vn -0.5481 -0.8338 -0.0659
vn -0.5460 -0.8165 -0.1879
vn -0.5402 -0.8414 0.0136
vn -0.5364 -0.8437 -0.0212
vn -0.5402 -0.8414 0.0137
vn -0.5296 -0.8429 0.0954
vn -0.5526 -0.8329 -0.0296
vn -0.5572 -0.8303 0.0121
vn -0.5639 -0.8226 -0.0728
vn -0.5694 -0.8216 -0.0296
vn -0.5694 -0.8215 -0.0296
vn -0.5614 -0.8254 0.0599
vn -0.5094 -0.8578 0.0682
vn -0.5195 -0.8544 -0.0147
vn -0.5195 -0.8543 -0.0148
vn -0.5094 -0.8578 0.0681
vn -0.5061 -0.8619 0.0316
vn -0.5195 -0.8544 -0.0148
vn -0.5062 -0.8619 0.0316
vn -0.5159 -0.8554 -0.0465
vn -0.5032 -0.8642 0.0012
vn -0.5032 -0.8642 0.0013
vn -0.4941 -0.8620 0.1129
vn -0.4942 -0.8620 0.1129
vn -0.4916 -0.8673 0.0781
vn -0.4892 -0.8708 0.0491
vn -0.4961 -0.8564 0.1434
vn -0.4960 -0.8564 0.1434
vn -0.4792 -0.8577 0.1861
vn -0.4778 -0.8643 0.1572
vn -0.4614 -0.8573 0.2283
vn -0.4605 -0.8646 0.2010
vn -0.4426 -0.8551 0.2700
vn -0.4426 -0.8551 0.2701
vn -0.4421 -0.8630 0.2444
vn -0.4229 -0.8510 0.3113
vn -0.4227 -0.8595 0.2874
vn -0.4022 -0.8452 0.3521
vn -0.4023 -0.8540 0.3298
vn -0.4023 -0.8540 0.3299
vn -0.4021 -0.8452 0.3521
vn -0.3806 -0.8375 0.3920
vn -0.3810 -0.8467 0.3715
vn -0.4759 -0.8707 0.1241
vn -0.4741 -0.8752 0.0966
vn -0.4759 -0.8707 0.1242
vn -0.4591 -0.8720 0.1698
vn -0.4740 -0.8752 0.0966
vn -0.4577 -0.8774 0.1438
vn -0.4724 -0.8783 0.0732
vn -0.4724 -0.8784 0.0731
vn -0.4577 -0.8774 0.1437
vn -0.4412 -0.8713 0.2151
vn -0.4412 -0.8713 0.2150
vn -0.4403 -0.8774 0.1905
vn -0.4403 -0.8774 0.1906
vn -0.4222 -0.8684 0.2599
vn -0.4022 -0.8635 0.3043
vn -0.4020 -0.8708 0.2831
vn -0.3810 -0.8467 0.3714
vn -0.3812 -0.8565 0.3479
vn -0.2880 -0.7986 0.5285
vn -0.2546 -0.7761 0.5770
vn -0.1085 -0.6332 0.7663
vn -0.1849 -0.7221 0.6667
vn -0.1107 -0.6465 0.7549
vn -0.0741 -0.6128 0.7868
vn -0.5272 -0.8445 -0.0939
vn -0.5234 -0.8433 -0.1219
vn -0.5481 -0.8338 -0.0658
vn -0.5439 -0.8374 0.0538
vn -0.5296 -0.8429 0.0953
vn -0.4803 -0.8493 0.2191
vn -0.4620 -0.8481 0.2594
vn -0.4428 -0.8452 0.2993
vn -0.4428 -0.8452 0.2992
vn -0.4227 -0.8407 0.3385
vn -0.4227 -0.8407 0.3386
vn -0.4016 -0.8344 0.3774
vn -0.3799 -0.8266 0.4153
vn -0.4621 -0.8364 0.2948
vn -0.4620 -0.8481 0.2595
vn -0.4219 -0.8279 0.3695
vn -0.4006 -0.8214 0.4061
vn -0.3559 -0.8039 0.4766
vn -0.2841 -0.7667 0.5758
vn 0.0001 0.9433 0.3319
vn -0.0000 0.9433 0.3318
vn 0.5446 -0.7912 -0.2784
vn 0.5376 -0.8122 -0.2266
vn 0.5488 -0.7953 -0.2576
vn 0.5376 -0.8121 -0.2267
vn 0.5382 -0.8183 -0.2017
vn 0.5432 -0.8217 -0.1724
vn 0.5266 -0.8388 -0.1379
vn 0.5432 -0.8217 -0.1723
vn 0.5307 -0.8404 -0.1097
vn 0.5126 -0.8555 -0.0734
vn 0.5159 -0.8554 -0.0465
vn 0.4962 -0.8682 -0.0082
vn 0.4987 -0.8666 0.0172
vn 0.4774 -0.8768 0.0569
vn 0.4792 -0.8740 0.0808
vn 0.4565 -0.8814 0.1215
vn 0.4577 -0.8774 0.1437
vn 0.4577 -0.8774 0.1438
vn 0.4565 -0.8814 0.1216
vn 0.4335 -0.8818 0.1856
vn 0.4342 -0.8769 0.2061
vn 0.4335 -0.8819 0.1856
vn 0.4183 -0.8804 0.2234
vn 0.4083 -0.8782 0.2491
vn 0.4010 -0.8763 0.2670
vn 0.4087 -0.8725 0.2677
vn 0.4086 -0.8725 0.2678
vn 0.3834 -0.8704 0.3087
vn 0.4087 -0.8725 0.2678
vn 0.3883 -0.8667 0.3133
vn 0.3656 -0.8630 0.3485
vn 0.3670 -0.8586 0.3578
vn 0.3477 -0.8543 0.3865
vn 0.3448 -0.8485 0.4014
vn 0.3218 -0.8363 0.4440
vn 0.3444 -0.8404 0.4184
vn 0.3444 -0.8404 0.4185
vn 0.3218 -0.8362 0.4440
vn 0.3212 -0.8281 0.4594
vn 0.3438 -0.8303 0.4387
vn 0.3204 -0.8179 0.4778
vn 0.3438 -0.8302 0.4387
vn 0.3431 -0.8210 0.4564
vn 0.3196 -0.8087 0.4938
vn 0.3420 -0.8100 0.4764
vn 0.3184 -0.7978 0.5119
vn 0.3405 -0.7968 0.4991
vn 0.3168 -0.7849 0.5325
vn 0.3405 -0.7968 0.4992
vn 0.3167 -0.7849 0.5325
vn 0.3269 -0.7828 0.5294
vn 0.2924 -0.7716 0.5650
vn 0.2887 -0.7605 0.5816
vn 0.2675 -0.7567 0.5965
vn 0.2886 -0.7605 0.5816
vn 0.2503 -0.7358 0.6293
vn 0.2422 -0.7406 0.6268
vn 0.2502 -0.7357 0.6293
vn 0.2164 -0.7232 0.6559
vn 0.2180 -0.7337 0.6435
vn 0.2180 -0.7337 0.6436
vn 0.1918 -0.7140 0.6733
vn 0.1917 -0.7140 0.6734
vn 0.1929 -0.7223 0.6641
vn 0.1917 -0.7140 0.6733
vn 0.1661 -0.7003 0.6942
vn 0.1669 -0.7067 0.6875
vn 0.1661 -0.7003 0.6943
vn 0.1396 -0.6823 0.7176
vn 0.1404 -0.6886 0.7115
vn 0.1403 -0.6886 0.7115
vn 0.1126 -0.6616 0.7413
vn 0.1190 -0.6687 0.7340
vn 0.1126 -0.6616 0.7414
vn 0.0796 -0.6275 0.7745
vn 0.5376 -0.8121 -0.2266
vn 0.5292 -0.8304 -0.1746
vn 0.5382 -0.8183 -0.2018
vn 0.5192 -0.8458 -0.1223
vn 0.5192 -0.8459 -0.1223
vn 0.5078 -0.8587 -0.0695
vn 0.4950 -0.8687 -0.0172
vn 0.4962 -0.8682 -0.0083
vn 0.4812 -0.8759 0.0340
vn 0.4666 -0.8805 0.0836
vn 0.4774 -0.8768 0.0570
vn 0.4665 -0.8805 0.0836
vn 0.4511 -0.8827 0.1317
vn 0.4350 -0.8826 0.1783
vn 0.3110 -0.8328 0.4579
vn 0.2979 -0.8218 0.4857
vn 0.2979 -0.8218 0.4856
vn 0.3212 -0.8281 0.4595
vn 0.2972 -0.8137 0.4995
vn 0.2963 -0.8038 0.5159
vn 0.2963 -0.8037 0.5160
vn 0.2954 -0.7947 0.5303
vn 0.2941 -0.7841 0.5465
vn 0.3184 -0.7978 0.5120
vn 0.2942 -0.7841 0.5465
vn 0.2733 -0.8066 0.5241
vn 0.2731 -0.8053 0.5262
vn 0.2724 -0.7974 0.5385
vn 0.2714 -0.7877 0.5530
vn 0.2705 -0.7790 0.5657
vn 0.2692 -0.7687 0.5801
vn 0.2478 -0.7868 0.5652
vn 0.2478 -0.7868 0.5653
vn 0.2351 -0.7766 0.5845
vn 0.2470 -0.7792 0.5760
vn 0.2211 -0.7593 0.6120
vn 0.2212 -0.7593 0.6120
vn 0.2460 -0.7700 0.5888
vn 0.2460 -0.7700 0.5887
vn 0.2202 -0.7506 0.6230
vn 0.2451 -0.7616 0.5999
vn 0.2202 -0.7506 0.6231
vn 0.2192 -0.7427 0.6327
vn 0.2192 -0.7428 0.6327
vn 0.2438 -0.7520 0.6125
vn 0.1967 -0.7435 0.6392
vn 0.1968 -0.7435 0.6392
vn 0.1947 -0.7375 0.6466
vn 0.2201 -0.7505 0.6231
vn 0.1938 -0.7295 0.6560
vn 0.1678 -0.7140 0.6798
vn 0.1967 -0.7434 0.6392
vn 0.1582 -0.7075 0.6888
vn 0.0400 -0.5843 0.8106
vn 0.0563 -0.6005 0.7977
vn 0.0797 -0.6275 0.7745
vn 0.0563 -0.6004 0.7977
vn 0.0842 -0.6291 0.7728
vn 0.0797 -0.6276 0.7745
vn 0.0843 -0.6291 0.7727
vn 0.0842 -0.6291 0.7727
vn 0.1120 -0.6564 0.7461
vn 0.1120 -0.6564 0.7460
vn 0.1389 -0.6767 0.7230
vn 0.1651 -0.6929 0.7019
vn 0.1903 -0.7044 0.6838
vn 0.2142 -0.7109 0.6699
vn 0.2502 -0.7358 0.6293
vn 0.2114 -0.7086 0.6732
vn 0.1883 -0.6932 0.6957
vn 0.1882 -0.6932 0.6957
vn 0.1713 -0.6789 0.7140
vn 0.1620 -0.6744 0.7204
vn 0.1619 -0.6744 0.7204
vn 0.1300 -0.6468 0.7515
vn 0.1353 -0.6544 0.7440
vn 0.1085 -0.6333 0.7663
vn 0.1353 -0.6543 0.7440
vn 0.1097 -0.6403 0.7602
vn 0.0825 -0.6167 0.7829
vn 0.0832 -0.6214 0.7791
vn 0.0825 -0.6166 0.7829
vn 0.0556 -0.5951 0.8017
vn 0.0560 -0.5980 0.7995
vn 0.0560 -0.5980 0.7996
vn 0.0281 -0.5691 0.8218
vn 0.0282 -0.5704 0.8209
vn 0.0283 -0.5704 0.8209
vn 0.0279 -0.5676 0.8228
vn 0.0279 -0.5677 0.8228
vn 0.0551 -0.5919 0.8042
vn 0.0551 -0.5919 0.8041
vn 0.0815 -0.6112 0.7873
vn 0.0878 -0.6127 0.7854
vn 0.0276 -0.5660 0.8240
vn 0.0277 -0.5660 0.8239
vn 0.0545 -0.5881 0.8069
vn 0.0552 -0.5919 0.8041
vn 0.0816 -0.6112 0.7873
vn 0.0809 -0.6077 0.7900
vn 0.0877 -0.6127 0.7855
vn 0.0540 -0.5858 0.8087
vn 0.0445 -0.5767 0.8157
vn 0.0271 -0.5628 0.8261
vn 0.0444 -0.5767 0.8158
vn 0.0273 -0.5640 0.8253
vn 0.0273 -0.5641 0.8253
vn 0.3647 -0.8021 0.4729
vn 0.3647 -0.8021 0.4730
vn 0.3636 -0.8073 0.4649
vn 0.3421 -0.8100 0.4764
vn 0.3650 -0.8205 0.4400
vn 0.3659 -0.8315 0.4180
vn 0.3664 -0.8407 0.3987
vn 0.3668 -0.8507 0.3765
vn 0.3648 -0.8021 0.4729
vn 0.3860 -0.8163 0.4298
vn 0.4021 -0.8177 0.4119
vn 0.4021 -0.8177 0.4118
vn 0.4078 -0.8238 0.3937
vn 0.4384 -0.8291 0.3471
vn 0.4357 -0.8315 0.3446
vn 0.4559 -0.8329 0.3138
vn 0.4621 -0.8365 0.2946
vn 0.4730 -0.8355 0.2797
vn 0.4621 -0.8365 0.2945
vn 0.4870 -0.8388 0.2436
vn 0.4870 -0.8388 0.2435
vn 0.4896 -0.8368 0.2451
vn 0.4896 -0.8368 0.2450
vn 0.5059 -0.8367 0.2097
vn 0.5104 -0.8383 0.1916
vn 0.5215 -0.8353 0.1741
vn 0.5321 -0.8352 0.1390
vn 0.5365 -0.8325 0.1386
vn 0.5507 -0.8283 0.1034
vn 0.5507 -0.8283 0.1033
vn 0.5521 -0.8293 0.0861
vn 0.5641 -0.8228 0.0684
vn 0.5703 -0.8208 0.0330
vn 0.5702 -0.8208 0.0329
vn 0.5641 -0.8229 0.0684
vn 0.5888 -0.8083 -0.0000
vn 0.5703 -0.8208 0.0329
vn 0.5827 -0.8109 -0.0538
vn 0.5654 -0.8247 -0.0160
vn 0.5764 -0.8110 -0.1006
vn 0.5603 -0.8262 -0.0586
vn 0.5701 -0.8094 -0.1411
vn 0.5552 -0.8262 -0.0956
vn 0.5641 -0.8066 -0.1764
vn 0.5489 -0.8245 -0.1376
vn 0.5488 -0.8245 -0.1376
vn 0.5641 -0.8067 -0.1764
vn 0.5585 -0.8032 -0.2071
vn 0.5534 -0.7994 -0.2340
vn 0.3670 -0.8587 0.3578
vn 0.3883 -0.8590 0.3335
vn 0.3882 -0.8493 0.3577
vn 0.3879 -0.8403 0.3787
vn 0.3879 -0.8403 0.3788
vn 0.3872 -0.8294 0.4026
vn 0.3872 -0.8294 0.4027
vn 0.4083 -0.8782 0.2490
vn 0.4350 -0.8705 0.2301
vn 0.4591 -0.8720 0.1698
vn 0.4591 -0.8720 0.1699
vn 0.4605 -0.8646 0.2010
vn 0.4834 -0.8637 0.1425
vn 0.4849 -0.8575 0.1718
vn 0.5067 -0.8545 0.1146
vn 0.5088 -0.8476 0.1505
vn 0.5296 -0.8429 0.0952
vn 0.5296 -0.8429 0.0951
vn 0.5321 -0.8352 0.1389
vn 0.4090 -0.8653 0.2896
vn 0.4090 -0.8653 0.2897
vn 0.3883 -0.8590 0.3336
vn 0.4092 -0.8561 0.3158
vn 0.4092 -0.8473 0.3385
vn 0.4087 -0.8368 0.3644
vn 0.4088 -0.8368 0.3644
vn 0.4342 -0.8769 0.2060
vn 0.4812 -0.8698 0.1089
vn 0.4578 -0.8774 0.1437
vn 0.4813 -0.8698 0.1088
vn 0.5014 -0.8639 0.0472
vn 0.5014 -0.8639 0.0471
vn 0.5195 -0.8543 -0.0147
vn 0.5195 -0.8544 -0.0148
vn 0.5353 -0.8412 -0.0763
vn 0.5307 -0.8404 -0.1096
vn 0.5488 -0.8245 -0.1375
vn 0.1947 -0.7375 0.6467
vn 0.1678 -0.7139 0.6798
vn 0.2470 -0.7793 0.5760
vn 0.2714 -0.7877 0.5531
vn 0.4357 -0.8621 0.2588
vn 0.4614 -0.8573 0.2283
vn 0.4614 -0.8573 0.2282
vn 0.4862 -0.8494 0.2053
vn 0.5104 -0.8383 0.1915
vn 0.4834 -0.8638 0.1425
vn 0.4813 -0.8698 0.1089
vn 0.4834 -0.8637 0.1424
vn 0.5044 -0.8594 0.0831
vn 0.5045 -0.8594 0.0831
vn 0.5235 -0.8517 0.0234
vn 0.5195 -0.8544 -0.0147
vn 0.5404 -0.8406 -0.0361
vn 0.5552 -0.8262 -0.0955
vn 0.5489 -0.8245 -0.1375
vn 0.0838 -0.6255 0.7757
vn 0.1114 -0.6518 0.7502
vn 0.4361 -0.8540 0.2838
vn 0.4362 -0.8439 0.3123
vn 0.4091 -0.8474 0.3385
vn 0.4088 -0.8368 0.3643
vn 0.5067 -0.8545 0.1145
vn 0.5266 -0.8482 0.0568
vn 0.5444 -0.8388 -0.0008
vn 0.5445 -0.8388 -0.0008
vn 0.5404 -0.8406 -0.0362
vn 0.5444 -0.8388 -0.0009
vn 0.5603 -0.8262 -0.0585
vn 0.1107 -0.6464 0.7549
vn 0.1106 -0.6464 0.7549
vn 0.1107 -0.6465 0.7549
vn 0.1380 -0.6703 0.7291
vn 0.2705 -0.7790 0.5658
vn 0.2438 -0.7519 0.6125
vn 0.4362 -0.8540 0.2838
vn 0.4620 -0.8481 0.2592
vn 0.4862 -0.8494 0.2054
vn 0.4620 -0.8481 0.2593
vn 0.4362 -0.8440 0.3122
vn 0.5266 -0.8482 0.0569
vn 0.5485 -0.8352 0.0397
vn 0.5484 -0.8352 0.0397
vn 0.1368 -0.6629 0.7361
vn 0.1369 -0.6629 0.7361
vn 0.1638 -0.6843 0.7106
vn 0.2692 -0.7688 0.5801
vn 0.2675 -0.7568 0.5965
vn 0.5654 -0.8247 -0.0159
vn 0.1098 -0.6403 0.7602
vn 0.1637 -0.6843 0.7106
vn 0.1903 -0.7044 0.6839
vn 0.0540 -0.5857 0.8087
vn 0.0541 -0.5858 0.8087
vn -0.8000 -0.5752 -0.1706
vn -0.7837 -0.5860 -0.2062
vn -0.7639 -0.6001 -0.2374
vn -0.7592 -0.6022 -0.2467
vn -0.7320 -0.6175 -0.2880
vn -0.7368 -0.6158 -0.2789
vn -0.7368 -0.6159 -0.2790
vn -0.7017 -0.6316 -0.3298
vn -0.7017 -0.6315 -0.3298
vn -0.7078 -0.6299 -0.3198
vn -0.7017 -0.6316 -0.3299
vn -0.6682 -0.6442 -0.3722
vn -0.6767 -0.6424 -0.3598
vn -0.6766 -0.6424 -0.3598
vn -0.6437 -0.6531 -0.3989
vn -0.6953 -0.6378 -0.3312
vn -0.6954 -0.6378 -0.3311
vn -0.6624 -0.6499 -0.3726
vn -0.7055 -0.6352 -0.3143
vn -0.6726 -0.6481 -0.3571
vn -0.7163 -0.6322 -0.2954
vn -0.7163 -0.6322 -0.2953
vn -0.6835 -0.6461 -0.3398
vn -0.6835 -0.6461 -0.3397
vn -0.7257 -0.6294 -0.2777
vn -0.6930 -0.6443 -0.3235
vn -0.7356 -0.6264 -0.2580
vn -0.7031 -0.6422 -0.3053
vn -0.7356 -0.6264 -0.2579
vn -0.7459 -0.6231 -0.2355
vn -0.7136 -0.6401 -0.2846
vn -0.7355 -0.6309 -0.2470
vn -0.7137 -0.6401 -0.2846
vn -0.6933 -0.6508 -0.3094
vn -0.6933 -0.6509 -0.3094
vn -0.6789 -0.6547 -0.3324
vn -0.6789 -0.6546 -0.3324
vn -0.6459 -0.6672 -0.3710
vn -0.6417 -0.6668 -0.3790
vn -0.6019 -0.6765 -0.4244
vn -0.5914 -0.6759 -0.4398
vn -0.5914 -0.6759 -0.4399
vn -0.5497 -0.6824 -0.4819
vn -0.5401 -0.6814 -0.4939
vn -0.4971 -0.6850 -0.5327
vn -0.4887 -0.6837 -0.5420
vn -0.4445 -0.6846 -0.5777
vn -0.4886 -0.6837 -0.5421
vn -0.4357 -0.6829 -0.5863
vn -0.3907 -0.6814 -0.6189
vn -0.3833 -0.6798 -0.6253
vn -0.3378 -0.6760 -0.6549
vn -0.3832 -0.6798 -0.6253
vn -0.3260 -0.6731 -0.6639
vn -0.2811 -0.6673 -0.6897
vn -0.3260 -0.6730 -0.6639
vn -0.2926 -0.6680 -0.6842
vn -0.2605 -0.6632 -0.7016
vn -0.6681 -0.6442 -0.3722
vn -0.6311 -0.6554 -0.4150
vn -0.6091 -0.6619 -0.4368
vn -0.6091 -0.6620 -0.4368
vn -0.6275 -0.6601 -0.4129
vn -0.6726 -0.6481 -0.3572
vn -0.6376 -0.6591 -0.3988
vn -0.6377 -0.6591 -0.3988
vn -0.6485 -0.6579 -0.3829
vn -0.6581 -0.6569 -0.3680
vn -0.6682 -0.6557 -0.3514
vn -0.5902 -0.6646 -0.4581
vn -0.5902 -0.6646 -0.4582
vn -0.5729 -0.6690 -0.4735
vn -0.5908 -0.6683 -0.4519
vn -0.6008 -0.6680 -0.4392
vn -0.6115 -0.6676 -0.4248
vn -0.6114 -0.6676 -0.4248
vn -0.6209 -0.6673 -0.4113
vn -0.6580 -0.6569 -0.3680
vn -0.6682 -0.6558 -0.3514
vn -0.6310 -0.6670 -0.3963
vn -0.6789 -0.6547 -0.3325
vn -0.6310 -0.6670 -0.3962
vn -0.5453 -0.6718 -0.5014
vn -0.5350 -0.6743 -0.5090
vn -0.5523 -0.6746 -0.4898
vn -0.5908 -0.6684 -0.4519
vn -0.5523 -0.6746 -0.4897
vn -0.5619 -0.6749 -0.4783
vn -0.5723 -0.6751 -0.4655
vn -0.6209 -0.6673 -0.4114
vn -0.5815 -0.6755 -0.4534
vn -0.4961 -0.6764 -0.5444
vn -0.5349 -0.6743 -0.5091
vn -0.4956 -0.6777 -0.5432
vn -0.4956 -0.6778 -0.5432
vn -0.5121 -0.6789 -0.5261
vn -0.5213 -0.6797 -0.5160
vn -0.5619 -0.6749 -0.4784
vn -0.5313 -0.6805 -0.5046
vn -0.4960 -0.6764 -0.5444
vn -0.4429 -0.6782 -0.5864
vn -0.4550 -0.6793 -0.5757
vn -0.4705 -0.6812 -0.5608
vn -0.4706 -0.6812 -0.5608
vn -0.4793 -0.6823 -0.5520
vn -0.4792 -0.6824 -0.5520
vn -0.5313 -0.6805 -0.5047
vn -0.4793 -0.6824 -0.5520
vn -0.5312 -0.6805 -0.5047
vn -0.5401 -0.6814 -0.4940
vn -0.4132 -0.6791 -0.6067
vn -0.3856 -0.6768 -0.6270
vn -0.4131 -0.6791 -0.6068
vn -0.3856 -0.6768 -0.6271
vn -0.3701 -0.6770 -0.6362
vn -0.3554 -0.6748 -0.6468
vn -0.3553 -0.6748 -0.6468
vn -0.3242 -0.6719 -0.6660
vn -0.2925 -0.6680 -0.6842
vn -0.2355 -0.6597 -0.7136
vn -0.2280 -0.6576 -0.7181
vn -0.1951 -0.6510 -0.7336
vn -0.2355 -0.6597 -0.7137
vn -0.1891 -0.6503 -0.7357
vn -0.1950 -0.6510 -0.7336
vn -0.1617 -0.6435 -0.7482
vn -0.1422 -0.6392 -0.7558
vn -0.1286 -0.6352 -0.7616
vn -0.0951 -0.6263 -0.7738
vn -0.0950 -0.6263 -0.7737
vn -0.0636 -0.6166 -0.7847
vn -0.0477 -0.6117 -0.7896
vn -0.0000 -0.5955 -0.8034
vn -0.0495 -0.6126 -0.7888
vn -0.0505 -0.6131 -0.7884
vn -0.0517 -0.6137 -0.7878
vn -0.0516 -0.6137 -0.7878
vn -0.0527 -0.6143 -0.7873
vn -0.0538 -0.6150 -0.7867
vn -0.1072 -0.6322 -0.7674
vn -0.0538 -0.6149 -0.7867
vn -0.1096 -0.6336 -0.7659
vn -0.1638 -0.6491 -0.7429
vn -0.1364 -0.6421 -0.7544
vn -0.2057 -0.6603 -0.7222
vn -0.0550 -0.6157 -0.7861
vn -0.0679 -0.6204 -0.7813
vn -0.0678 -0.6204 -0.7813
vn -0.2175 -0.6623 -0.7170
vn -0.2176 -0.6623 -0.7170
vn -0.2058 -0.6603 -0.7222
vn -0.2754 -0.6747 -0.6847
vn -0.2754 -0.6747 -0.6848
vn -0.2705 -0.6729 -0.6885
vn -0.2705 -0.6729 -0.6884
vn -0.3223 -0.6811 -0.6574
vn -0.2648 -0.6704 -0.6931
vn -0.3156 -0.6784 -0.6634
vn -0.2595 -0.6682 -0.6972
vn -0.3094 -0.6762 -0.6686
vn -0.3093 -0.6762 -0.6687
vn -0.2546 -0.6663 -0.7008
vn -0.3094 -0.6762 -0.6687
vn -0.3036 -0.6742 -0.6733
vn -0.2493 -0.6644 -0.7046
vn -0.2492 -0.6644 -0.7046
vn -0.3037 -0.6742 -0.6733
vn -0.2973 -0.6721 -0.6782
vn -0.2443 -0.6626 -0.7080
vn -0.2973 -0.6721 -0.6781
vn -0.2914 -0.6703 -0.6825
vn -0.2915 -0.6703 -0.6825
vn -0.2915 -0.6703 -0.6824
vn -0.2755 -0.6747 -0.6847
vn -0.3440 -0.6848 -0.6424
vn -0.3729 -0.6867 -0.6240
vn -0.3652 -0.6841 -0.6314
vn -0.3582 -0.6818 -0.6378
vn -0.3037 -0.6742 -0.6732
vn -0.3517 -0.6799 -0.6435
vn -0.3517 -0.6798 -0.6435
vn -0.3444 -0.6778 -0.6496
vn -0.3445 -0.6778 -0.6496
vn -0.4107 -0.6904 -0.5955
vn -0.4222 -0.6898 -0.5881
vn -0.3728 -0.6867 -0.6240
vn -0.3653 -0.6841 -0.6314
vn -0.4138 -0.6873 -0.5970
vn -0.4060 -0.6852 -0.6047
vn -0.3987 -0.6833 -0.6116
vn -0.3445 -0.6778 -0.6495
vn -0.4107 -0.6905 -0.5955
vn -0.4751 -0.6915 -0.5442
vn -0.4223 -0.6898 -0.5881
vn -0.4700 -0.6903 -0.5501
vn -0.4700 -0.6903 -0.5500
vn -0.4609 -0.6881 -0.5605
vn -0.4608 -0.6881 -0.5605
vn -0.4524 -0.6862 -0.5696
vn -0.5159 -0.6883 -0.5100
vn -0.5363 -0.6878 -0.4891
vn -0.5363 -0.6879 -0.4891
vn -0.5598 -0.6837 -0.4682
vn -0.5933 -0.6797 -0.4312
vn -0.5934 -0.6797 -0.4312
vn -0.6458 -0.6673 -0.3710
vn -0.7726 -0.6076 -0.1843
vn -0.7753 -0.6038 -0.1856
vn -0.7753 -0.6037 -0.1856
vn -0.7655 -0.6083 -0.2097
vn -0.7560 -0.6125 -0.2310
vn -0.7258 -0.6294 -0.2777
vn -0.7164 -0.6321 -0.2953
vn -0.7469 -0.6162 -0.2500
vn -0.7163 -0.6321 -0.2954
vn -0.7363 -0.6202 -0.2705
vn -0.6954 -0.6378 -0.3312
vn -0.7263 -0.6238 -0.2887
vn -0.7726 -0.6076 -0.1842
vn -0.8043 -0.5816 -0.1220
vn -0.8017 -0.5822 -0.1351
vn -0.7926 -0.5881 -0.1609
vn -0.7560 -0.6125 -0.2309
vn -0.7836 -0.5935 -0.1836
vn -0.7749 -0.5982 -0.2040
vn -0.7469 -0.6161 -0.2500
vn -0.7647 -0.6034 -0.2260
vn -0.7647 -0.6034 -0.2259
vn -0.7550 -0.6080 -0.2455
vn -0.7077 -0.6300 -0.3198
vn -0.7550 -0.6080 -0.2456
vn -0.8308 -0.5532 -0.0606
vn -0.8252 -0.5586 -0.0841
vn -0.8252 -0.5586 -0.0842
vn -0.7926 -0.5881 -0.1608
vn -0.8169 -0.5659 -0.1114
vn -0.8169 -0.5659 -0.1115
vn -0.8086 -0.5725 -0.1356
vn -0.8004 -0.5784 -0.1574
vn -0.7648 -0.6034 -0.2259
vn -0.7908 -0.5848 -0.1807
vn -0.7908 -0.5848 -0.1808
vn -0.7815 -0.5904 -0.2016
vn -0.7815 -0.5904 -0.2017
vn -0.8525 -0.5227 -0.0000
vn -0.8442 -0.5346 -0.0389
vn -0.8354 -0.5449 -0.0722
vn -0.8264 -0.5539 -0.1014
vn -0.8005 -0.5784 -0.1573
vn -0.8174 -0.5619 -0.1271
vn -0.8086 -0.5689 -0.1501
vn -0.8000 -0.5752 -0.1707
vn -0.0987 -0.6279 -0.7720
vn -0.1007 -0.6289 -0.7710
vn -0.1030 -0.6300 -0.7698
vn -0.1050 -0.6310 -0.7686
vn -0.1476 -0.6414 -0.7529
vn -0.1506 -0.6427 -0.7512
vn -0.1008 -0.6289 -0.7710
vn -0.1540 -0.6442 -0.7492
vn -0.1570 -0.6456 -0.7474
vn -0.1602 -0.6472 -0.7453
vn -0.1603 -0.6472 -0.7453
vn -0.1892 -0.6503 -0.7357
vn -0.1423 -0.6392 -0.7558
vn -0.1962 -0.6529 -0.7316
vn -0.1962 -0.6529 -0.7315
vn -0.1963 -0.6530 -0.7315
vn -0.1476 -0.6413 -0.7529
vn -0.2003 -0.6545 -0.7290
vn -0.2002 -0.6545 -0.7291
vn -0.1507 -0.6427 -0.7512
vn -0.2046 -0.6563 -0.7262
vn -0.2086 -0.6580 -0.7235
vn -0.2129 -0.6600 -0.7205
vn -0.4276 -0.6815 -0.5939
vn -0.4131 -0.6791 -0.6067
vn -0.4705 -0.6812 -0.5609
vn -0.4792 -0.6823 -0.5520
vn -0.2002 -0.6545 -0.7290
vn -0.2047 -0.6563 -0.7262
vn -0.2648 -0.6704 -0.6932
vn -0.5061 -0.6864 -0.5221
vn -0.5062 -0.6864 -0.5221
vn -0.5496 -0.6824 -0.4819
vn -0.5599 -0.6837 -0.4682
vn -0.0000 -1.0000 -0.0001
vn -0.0000 -1.0000 -0.0000
vn 0.0477 -0.6117 -0.7896
vn 0.0636 -0.6166 -0.7847
vn 0.0951 -0.6263 -0.7738
vn 0.1286 -0.6352 -0.7616
vn 0.1422 -0.6392 -0.7558
vn 0.1616 -0.6434 -0.7482
vn 0.1423 -0.6392 -0.7558
vn 0.1616 -0.6434 -0.7483
vn 0.1891 -0.6503 -0.7357
vn 0.1949 -0.6509 -0.7337
vn 0.1949 -0.6510 -0.7337
vn 0.2355 -0.6597 -0.7137
vn 0.2279 -0.6576 -0.7181
vn 0.2280 -0.6576 -0.7181
vn 0.2604 -0.6632 -0.7016
vn 0.2355 -0.6597 -0.7136
vn 0.2605 -0.6632 -0.7016
vn 0.2811 -0.6673 -0.6897
vn 0.2924 -0.6680 -0.6843
vn 0.3260 -0.6730 -0.6639
vn 0.3239 -0.6718 -0.6661
vn 0.3260 -0.6731 -0.6639
vn 0.3240 -0.6718 -0.6661
vn 0.3550 -0.6748 -0.6470
vn 0.3701 -0.6770 -0.6362
vn 0.3854 -0.6768 -0.6272
vn 0.4131 -0.6791 -0.6068
vn 0.4131 -0.6791 -0.6067
vn 0.4428 -0.6782 -0.5864
vn 0.4132 -0.6791 -0.6067
vn 0.4550 -0.6793 -0.5757
vn 0.4429 -0.6782 -0.5864
vn 0.4960 -0.6765 -0.5444
vn 0.4961 -0.6765 -0.5444
vn 0.4956 -0.6777 -0.5432
vn 0.4961 -0.6765 -0.5443
vn 0.5349 -0.6743 -0.5091
vn 0.4956 -0.6778 -0.5432
vn 0.5350 -0.6743 -0.5090
vn 0.5122 -0.6789 -0.5261
vn 0.5121 -0.6789 -0.5261
vn 0.5523 -0.6746 -0.4898
vn 0.5213 -0.6797 -0.5160
vn 0.5619 -0.6749 -0.4784
vn 0.5619 -0.6749 -0.4783
vn 0.5313 -0.6805 -0.5046
vn 0.5723 -0.6751 -0.4655
vn 0.5401 -0.6814 -0.4939
vn 0.5815 -0.6755 -0.4534
vn 0.5497 -0.6824 -0.4819
vn 0.5914 -0.6759 -0.4399
vn 0.5598 -0.6837 -0.4682
vn 0.5599 -0.6837 -0.4682
vn 0.6019 -0.6765 -0.4244
vn 0.5935 -0.6797 -0.4310
vn 0.6459 -0.6673 -0.3710
vn 0.6458 -0.6673 -0.3710
vn 0.6417 -0.6668 -0.3790
vn 0.6459 -0.6672 -0.3710
vn 0.6789 -0.6547 -0.3324
vn 0.6789 -0.6547 -0.3325
vn 0.6682 -0.6557 -0.3514
vn 0.6682 -0.6558 -0.3514
vn 0.7031 -0.6422 -0.3053
vn 0.6930 -0.6443 -0.3235
vn 0.7257 -0.6294 -0.2777
vn 0.7163 -0.6322 -0.2954
vn 0.7469 -0.6162 -0.2500
vn 0.7163 -0.6321 -0.2954
vn 0.7363 -0.6202 -0.2705
vn 0.7647 -0.6034 -0.2260
vn 0.7550 -0.6080 -0.2455
vn 0.7815 -0.5904 -0.2016
vn 0.7639 -0.6001 -0.2374
vn 0.8000 -0.5752 -0.1707
vn 0.8000 -0.5752 -0.1706
vn 0.7837 -0.5860 -0.2062
vn 0.7592 -0.6022 -0.2467
vn 0.7368 -0.6158 -0.2789
vn 0.7592 -0.6023 -0.2467
vn 0.7320 -0.6175 -0.2880
vn 0.7319 -0.6175 -0.2880
vn 0.7368 -0.6159 -0.2790
vn 0.7078 -0.6299 -0.3198
vn 0.7017 -0.6315 -0.3298
vn 0.7017 -0.6316 -0.3298
vn 0.7077 -0.6300 -0.3198
vn 0.6767 -0.6424 -0.3598
vn 0.6766 -0.6424 -0.3598
vn 0.6682 -0.6442 -0.3722
vn 0.6437 -0.6531 -0.3989
vn 0.6311 -0.6554 -0.4150
vn 0.6091 -0.6619 -0.4368
vn 0.6091 -0.6620 -0.4368
vn 0.5902 -0.6646 -0.4581
vn 0.5902 -0.6646 -0.4582
vn 0.5729 -0.6690 -0.4735
vn 0.5453 -0.6718 -0.5014
vn 0.8086 -0.5689 -0.1501
vn 0.7908 -0.5848 -0.1807
vn 0.7648 -0.6034 -0.2259
vn 0.7749 -0.5982 -0.2040
vn 0.7560 -0.6124 -0.2309
vn 0.7560 -0.6125 -0.2310
vn 0.7356 -0.6264 -0.2579
vn 0.7257 -0.6295 -0.2777
vn 0.7356 -0.6264 -0.2580
vn 0.7136 -0.6401 -0.2846
vn 0.6931 -0.6509 -0.3096
vn 0.6789 -0.6546 -0.3324
vn 0.8086 -0.5689 -0.1500
vn 0.8174 -0.5619 -0.1271
vn 0.8005 -0.5784 -0.1573
vn 0.7836 -0.5935 -0.1836
vn 0.7655 -0.6083 -0.2097
vn 0.7560 -0.6125 -0.2309
vn 0.7459 -0.6231 -0.2355
vn 0.7354 -0.6309 -0.2471
vn 0.7354 -0.6309 -0.2472
vn 0.6932 -0.6509 -0.3096
vn 0.8264 -0.5539 -0.1014
vn 0.8086 -0.5725 -0.1356
vn 0.8004 -0.5784 -0.1574
vn 0.7926 -0.5881 -0.1609
vn 0.7926 -0.5881 -0.1608
vn 0.7753 -0.6037 -0.1856
vn 0.7656 -0.6082 -0.2097
vn 0.7725 -0.6077 -0.1844
vn 0.8354 -0.5449 -0.0722
vn 0.8169 -0.5659 -0.1114
vn 0.8169 -0.5659 -0.1115
vn 0.8017 -0.5822 -0.1351
vn 0.7725 -0.6076 -0.1844
vn 0.8442 -0.5346 -0.0389
vn 0.8252 -0.5586 -0.0842
vn 0.8042 -0.5817 -0.1222
vn 0.8525 -0.5227 -0.0000
vn 0.8252 -0.5586 -0.0841
vn 0.8308 -0.5533 -0.0607
vn 0.8307 -0.5533 -0.0608
vn 0.5935 -0.6797 -0.4311
vn 0.5366 -0.6878 -0.4889
vn 0.5159 -0.6883 -0.5100
vn 0.5496 -0.6824 -0.4819
vn 0.5062 -0.6864 -0.5221
vn 0.5401 -0.6814 -0.4940
vn 0.5061 -0.6864 -0.5221
vn 0.4971 -0.6850 -0.5327
vn 0.5313 -0.6805 -0.5047
vn 0.4887 -0.6837 -0.5420
vn 0.5312 -0.6805 -0.5047
vn 0.4793 -0.6824 -0.5520
vn 0.4792 -0.6823 -0.5520
vn 0.4792 -0.6824 -0.5520
vn 0.4706 -0.6812 -0.5608
vn 0.4705 -0.6812 -0.5608
vn 0.5365 -0.6878 -0.4889
vn 0.4754 -0.6915 -0.5440
vn 0.5159 -0.6883 -0.5101
vn 0.4700 -0.6903 -0.5500
vn 0.4609 -0.6881 -0.5605
vn 0.4524 -0.6862 -0.5696
vn 0.4886 -0.6837 -0.5421
vn 0.4445 -0.6846 -0.5777
vn 0.4357 -0.6829 -0.5863
vn 0.4276 -0.6815 -0.5939
vn 0.4700 -0.6903 -0.5501
vn 0.4753 -0.6915 -0.5440
vn 0.4223 -0.6898 -0.5881
vn 0.4222 -0.6898 -0.5881
vn 0.4109 -0.6905 -0.5954
vn 0.3729 -0.6867 -0.6240
vn 0.3441 -0.6849 -0.6423
vn 0.3441 -0.6848 -0.6423
vn 0.3223 -0.6811 -0.6575
vn 0.3223 -0.6811 -0.6574
vn 0.2755 -0.6747 -0.6847
vn 0.2705 -0.6729 -0.6884
vn 0.2705 -0.6729 -0.6885
vn 0.2176 -0.6623 -0.7170
vn 0.2648 -0.6704 -0.6931
vn 0.2129 -0.6600 -0.7205
vn 0.2595 -0.6682 -0.6972
vn 0.2086 -0.6580 -0.7235
vn 0.2546 -0.6663 -0.7008
vn 0.2547 -0.6663 -0.7008
vn 0.2046 -0.6563 -0.7262
vn 0.2492 -0.6643 -0.7047
vn 0.2047 -0.6563 -0.7262
vn 0.2003 -0.6545 -0.7290
vn 0.2443 -0.6626 -0.7080
vn 0.1963 -0.6530 -0.7315
vn 0.1962 -0.6529 -0.7315
vn 0.1892 -0.6503 -0.7357
vn 0.2058 -0.6603 -0.7222
vn 0.2175 -0.6623 -0.7170
vn 0.1638 -0.6491 -0.7429
vn 0.1602 -0.6472 -0.7453
vn 0.1603 -0.6472 -0.7453
vn 0.1570 -0.6456 -0.7474
vn 0.1540 -0.6442 -0.7492
vn 0.2002 -0.6545 -0.7291
vn 0.1507 -0.6427 -0.7512
vn 0.2002 -0.6545 -0.7290
vn 0.1476 -0.6413 -0.7529
vn 0.1962 -0.6529 -0.7316
vn 0.1476 -0.6414 -0.7529
vn 0.1365 -0.6421 -0.7544
vn 0.1364 -0.6422 -0.7543
vn 0.1096 -0.6336 -0.7659
vn 0.1072 -0.6322 -0.7674
vn 0.1050 -0.6310 -0.7686
vn 0.1030 -0.6300 -0.7698
vn 0.1506 -0.6427 -0.7512
vn 0.1007 -0.6289 -0.7710
vn 0.1008 -0.6289 -0.7710
vn 0.0987 -0.6279 -0.7720
vn 0.1365 -0.6421 -0.7543
vn 0.0679 -0.6204 -0.7813
vn 0.0550 -0.6157 -0.7860
vn 0.0550 -0.6157 -0.7861
vn 0.0538 -0.6150 -0.7867
vn 0.0538 -0.6149 -0.7867
vn 0.0527 -0.6143 -0.7873
vn 0.0517 -0.6137 -0.7878
vn 0.0505 -0.6131 -0.7884
vn 0.0495 -0.6126 -0.7888
vn 0.0516 -0.6137 -0.7878
vn 0.7263 -0.6238 -0.2887
vn 0.7077 -0.6299 -0.3198
vn 0.6954 -0.6378 -0.3312
vn 0.6954 -0.6378 -0.3311
vn 0.6766 -0.6424 -0.3599
vn 0.6624 -0.6499 -0.3726
vn 0.6624 -0.6499 -0.3727
vn 0.6275 -0.6601 -0.4129
vn 0.5908 -0.6683 -0.4519
vn 0.3833 -0.6798 -0.6253
vn 0.3907 -0.6814 -0.6189
vn 0.3988 -0.6833 -0.6116
vn 0.3987 -0.6833 -0.6116
vn 0.4060 -0.6852 -0.6047
vn 0.4523 -0.6862 -0.5696
vn 0.4138 -0.6873 -0.5970
vn 0.3378 -0.6760 -0.6549
vn 0.3832 -0.6798 -0.6253
vn 0.3445 -0.6778 -0.6496
vn 0.3445 -0.6778 -0.6495
vn 0.3517 -0.6799 -0.6435
vn 0.3517 -0.6798 -0.6435
vn 0.3582 -0.6818 -0.6378
vn 0.3653 -0.6841 -0.6314
vn 0.3652 -0.6841 -0.6314
vn 0.2915 -0.6703 -0.6824
vn 0.2973 -0.6721 -0.6781
vn 0.3444 -0.6778 -0.6496
vn 0.3036 -0.6742 -0.6733
vn 0.3037 -0.6742 -0.6733
vn 0.3094 -0.6762 -0.6686
vn 0.3156 -0.6784 -0.6634
vn 0.3728 -0.6867 -0.6240
vn 0.7550 -0.6080 -0.2456
vn 0.7056 -0.6351 -0.3143
vn 0.7055 -0.6352 -0.3143
vn 0.6726 -0.6481 -0.3571
vn 0.6623 -0.6500 -0.3726
vn 0.6726 -0.6481 -0.3572
vn 0.6377 -0.6591 -0.3988
vn 0.6623 -0.6499 -0.3727
vn 0.6376 -0.6591 -0.3988
vn 0.6008 -0.6680 -0.4392
vn 0.2492 -0.6643 -0.7046
vn 0.2915 -0.6703 -0.6825
vn 0.2493 -0.6644 -0.7046
vn 0.6835 -0.6461 -0.3397
vn 0.6485 -0.6579 -0.3829
vn 0.6114 -0.6676 -0.4248
vn 0.6115 -0.6676 -0.4248
vn 0.6581 -0.6569 -0.3680
vn 0.6209 -0.6673 -0.4113
vn 0.6310 -0.6670 -0.3963
vn 0.6209 -0.6673 -0.4114
vn 0.5914 -0.6759 -0.4398
vn 0.6310 -0.6670 -0.3962
vn 0.6417 -0.6668 -0.3791
vn 0.5666 -0.7773 -0.2735
vn 0.5569 -0.7867 -0.2665
vn 0.5579 -0.7893 -0.2565
vn 0.5579 -0.7892 -0.2566
vn 0.5585 -0.7906 -0.2512
vn 0.5702 -0.7829 -0.2488
vn 0.5709 -0.7841 -0.2434
vn 0.5824 -0.7763 -0.2410
vn 0.5833 -0.7774 -0.2354
vn 0.5947 -0.7695 -0.2330
vn 0.5957 -0.7704 -0.2273
vn 0.5957 -0.7704 -0.2272
vn 0.6069 -0.7623 -0.2249
vn 0.6081 -0.7631 -0.2190
vn 0.6081 -0.7631 -0.2189
vn 0.6190 -0.7549 -0.2166
vn 0.6191 -0.7549 -0.2166
vn 0.6204 -0.7555 -0.2105
vn 0.6312 -0.7472 -0.2082
vn 0.6205 -0.7555 -0.2105
vn 0.6327 -0.7476 -0.2019
vn 0.6432 -0.7392 -0.1996
vn 0.6433 -0.7392 -0.1996
vn 0.6450 -0.7394 -0.1931
vn 0.6449 -0.7394 -0.1931
vn 0.6553 -0.7309 -0.1909
vn 0.6552 -0.7309 -0.1909
vn 0.6571 -0.7310 -0.1843
vn 0.6671 -0.7223 -0.1821
vn 0.6691 -0.7222 -0.1752
vn 0.6691 -0.7222 -0.1753
vn 0.6789 -0.7135 -0.1732
vn 0.6832 -0.7127 -0.1589
vn 0.6928 -0.7038 -0.1569
vn 0.6951 -0.7032 -0.1495
vn 0.7045 -0.6942 -0.1475
vn 0.7045 -0.6942 -0.1476
vn 0.7069 -0.6933 -0.1399
vn 0.7160 -0.6843 -0.1381
vn 0.7210 -0.6820 -0.1222
vn 0.7299 -0.6728 -0.1205
vn 0.7211 -0.6820 -0.1222
vn 0.7352 -0.6698 -0.1037
vn 0.7439 -0.6604 -0.1023
vn 0.7353 -0.6698 -0.1037
vn 0.7494 -0.6567 -0.0845
vn 0.7657 -0.6380 -0.0821
vn 0.7685 -0.6356 -0.0730
vn 0.7686 -0.6356 -0.0730
vn 0.7835 -0.6173 -0.0709
vn 0.7865 -0.6145 -0.0617
vn 0.7835 -0.6173 -0.0708
vn 0.8002 -0.5967 -0.0599
vn 0.8032 -0.5935 -0.0507
vn 0.8158 -0.5762 -0.0492
vn 0.8159 -0.5762 -0.0492
vn 0.8189 -0.5726 -0.0399
vn 0.8304 -0.5558 -0.0387
vn 0.8334 -0.5519 -0.0295
vn 0.8439 -0.5357 -0.0286
vn 0.8468 -0.5315 -0.0194
vn 0.8468 -0.5315 -0.0193
vn 0.8442 -0.5346 -0.0388
vn 0.8498 -0.5270 -0.0098
vn 0.8498 -0.5271 -0.0098
vn 0.8496 -0.5273 -0.0098
vn 0.8393 -0.5435 -0.0101
vn 0.8278 -0.5609 -0.0104
vn 0.8279 -0.5608 -0.0104
vn 0.8249 -0.5649 -0.0205
vn 0.8249 -0.5650 -0.0205
vn 0.8123 -0.5829 -0.0212
vn 0.8249 -0.5650 -0.0206
vn 0.8093 -0.5866 -0.0313
vn 0.8122 -0.5829 -0.0212
vn 0.7954 -0.6052 -0.0323
vn 0.7924 -0.6085 -0.0424
vn 0.7773 -0.6276 -0.0438
vn 0.7773 -0.6276 -0.0437
vn 0.7744 -0.6304 -0.0538
vn 0.7578 -0.6501 -0.0555
vn 0.7550 -0.6524 -0.0655
vn 0.7461 -0.6625 -0.0665
vn 0.7434 -0.6645 -0.0763
vn 0.7341 -0.6746 -0.0774
vn 0.7314 -0.6763 -0.0870
vn 0.7341 -0.6746 -0.0775
vn 0.7219 -0.6864 -0.0883
vn 0.7218 -0.6864 -0.0883
vn 0.7168 -0.6891 -0.1067
vn 0.7069 -0.6989 -0.1082
vn 0.7069 -0.6990 -0.1082
vn 0.7021 -0.7009 -0.1256
vn 0.7069 -0.6990 -0.1083
vn 0.6921 -0.7105 -0.1273
vn 0.6876 -0.7118 -0.1436
vn 0.6773 -0.7211 -0.1455
vn 0.6752 -0.7215 -0.1533
vn 0.6752 -0.7215 -0.1534
vn 0.6647 -0.7308 -0.1553
vn 0.6628 -0.7309 -0.1629
vn 0.6520 -0.7401 -0.1650
vn 0.6484 -0.7398 -0.1796
vn 0.6484 -0.7398 -0.1795
vn 0.6375 -0.7487 -0.1817
vn 0.6359 -0.7484 -0.1887
vn 0.6247 -0.7572 -0.1909
vn 0.6233 -0.7566 -0.1976
vn 0.6118 -0.7653 -0.1999
vn 0.6106 -0.7646 -0.2065
vn 0.5989 -0.7731 -0.2088
vn 0.5979 -0.7722 -0.2151
vn 0.5860 -0.7806 -0.2175
vn 0.5851 -0.7795 -0.2236
vn 0.5851 -0.7795 -0.2237
vn 0.5731 -0.7877 -0.2260
vn 0.5730 -0.7878 -0.2260
vn 0.5723 -0.7865 -0.2320
vn 0.5730 -0.7877 -0.2260
vn 0.5601 -0.7946 -0.2344
vn 0.5595 -0.7932 -0.2402
vn 0.5601 -0.7946 -0.2343
vn 0.5590 -0.7919 -0.2458
vn 0.5611 -0.7974 -0.2222
vn 0.5606 -0.7960 -0.2284
vn 0.5626 -0.8016 -0.2021
vn 0.5621 -0.8002 -0.2090
vn 0.5621 -0.8002 -0.2091
vn 0.5616 -0.7988 -0.2157
vn 0.5752 -0.7915 -0.2067
vn 0.5745 -0.7902 -0.2134
vn 0.5878 -0.7827 -0.2045
vn 0.5869 -0.7817 -0.2111
vn 0.6000 -0.7740 -0.2022
vn 0.6119 -0.7653 -0.1999
vn 0.5701 -0.8094 -0.1412
vn 0.5794 -0.7990 -0.1612
vn 0.5794 -0.7990 -0.1613
vn 0.5787 -0.7977 -0.1695
vn 0.5780 -0.7965 -0.1775
vn 0.5780 -0.7965 -0.1776
vn 0.5787 -0.7977 -0.1696
vn 0.5924 -0.7880 -0.1675
vn 0.5915 -0.7870 -0.1754
vn 0.6056 -0.7784 -0.1654
vn 0.6056 -0.7784 -0.1655
vn 0.6045 -0.7775 -0.1733
vn 0.6184 -0.7687 -0.1634
vn 0.6183 -0.7687 -0.1634
vn 0.6170 -0.7681 -0.1712
vn 0.6306 -0.7592 -0.1614
vn 0.6306 -0.7592 -0.1613
vn 0.6291 -0.7587 -0.1691
vn 0.6291 -0.7587 -0.1692
vn 0.6306 -0.7591 -0.1614
vn 0.6424 -0.7496 -0.1593
vn 0.6407 -0.7494 -0.1671
vn 0.6538 -0.7402 -0.1573
vn 0.6408 -0.7493 -0.1670
vn 0.5818 -0.8037 -0.1245
vn 0.5806 -0.8014 -0.1436
vn 0.5951 -0.7911 -0.1417
vn 0.5951 -0.7911 -0.1418
vn 0.5933 -0.7891 -0.1592
vn 0.6090 -0.7808 -0.1399
vn 0.6067 -0.7792 -0.1572
vn 0.6067 -0.7792 -0.1573
vn 0.6223 -0.7705 -0.1381
vn 0.6068 -0.7792 -0.1572
vn 0.6197 -0.7694 -0.1553
vn 0.6223 -0.7705 -0.1380
vn 0.6352 -0.7603 -0.1362
vn 0.6321 -0.7596 -0.1533
vn 0.6475 -0.7501 -0.1344
vn 0.6441 -0.7498 -0.1513
vn 0.6593 -0.7401 -0.1326
vn 0.6556 -0.7402 -0.1494
vn 0.6707 -0.7301 -0.1308
vn 0.6667 -0.7306 -0.1474
vn 0.6816 -0.7203 -0.1291
vn 0.6816 -0.7203 -0.1290
vn 0.5827 -0.8109 -0.0539
vn 0.5833 -0.8070 -0.0926
vn 0.5833 -0.8070 -0.0927
vn 0.5828 -0.8059 -0.1037
vn 0.5818 -0.8037 -0.1244
vn 0.5984 -0.7947 -0.1022
vn 0.5984 -0.7946 -0.1023
vn 0.5968 -0.7929 -0.1228
vn 0.5984 -0.7946 -0.1022
vn 0.6133 -0.7834 -0.1008
vn 0.6112 -0.7822 -0.1211
vn 0.6276 -0.7722 -0.0994
vn 0.6250 -0.7714 -0.1195
vn 0.6250 -0.7714 -0.1194
vn 0.6276 -0.7722 -0.0993
vn 0.6413 -0.7610 -0.0979
vn 0.6382 -0.7608 -0.1178
vn 0.6543 -0.7500 -0.0965
vn 0.6544 -0.7500 -0.0965
vn 0.6509 -0.7502 -0.1162
vn 0.6669 -0.7391 -0.0951
vn 0.6631 -0.7397 -0.1145
vn 0.6631 -0.7397 -0.1146
vn 0.6789 -0.7283 -0.0937
vn 0.6748 -0.7294 -0.1129
vn 0.6903 -0.7176 -0.0923
vn 0.6748 -0.7293 -0.1129
vn 0.6859 -0.7191 -0.1114
vn 0.7013 -0.7070 -0.0910
vn 0.6859 -0.7191 -0.1113
vn 0.6967 -0.7090 -0.1098
vn 0.7118 -0.6966 -0.0896
vn 0.6966 -0.7090 -0.1098
vn 0.5888 -0.8083 -0.0001
vn 0.5844 -0.8103 -0.0433
vn 0.5842 -0.8096 -0.0564
vn 0.5828 -0.8108 -0.0539
vn 0.5840 -0.8088 -0.0690
vn 0.6011 -0.7972 -0.0556
vn 0.6005 -0.7967 -0.0680
vn 0.6172 -0.7849 -0.0547
vn 0.6163 -0.7847 -0.0670
vn 0.6163 -0.7847 -0.0669
vn 0.6325 -0.7727 -0.0539
vn 0.6314 -0.7727 -0.0659
vn 0.6472 -0.7605 -0.0530
vn 0.6314 -0.7727 -0.0660
vn 0.6457 -0.7608 -0.0649
vn 0.6458 -0.7608 -0.0649
vn 0.6611 -0.7484 -0.0522
vn 0.6595 -0.7490 -0.0639
vn 0.6612 -0.7484 -0.0522
vn 0.6745 -0.7365 -0.0513
vn 0.6745 -0.7365 -0.0514
vn 0.6726 -0.7373 -0.0629
vn 0.6726 -0.7373 -0.0630
vn 0.6871 -0.7248 -0.0505
vn 0.6851 -0.7258 -0.0619
vn 0.6992 -0.7132 -0.0497
vn 0.6970 -0.7145 -0.0610
vn 0.7107 -0.7018 -0.0489
vn 0.7084 -0.7033 -0.0600
vn 0.7217 -0.6905 -0.0481
vn 0.7192 -0.6923 -0.0591
vn 0.7321 -0.6795 -0.0474
vn 0.7322 -0.6795 -0.0474
vn 0.7296 -0.6814 -0.0582
vn 0.7421 -0.6687 -0.0466
vn 0.7394 -0.6708 -0.0572
vn 0.7516 -0.6580 -0.0459
vn 0.7488 -0.6603 -0.0564
vn 0.7606 -0.6476 -0.0451
vn 0.7488 -0.6604 -0.0564
vn 0.6438 -0.7652 -0.0000
vn 0.6195 -0.7849 -0.0146
vn 0.6024 -0.7981 -0.0148
vn 0.6024 -0.7981 -0.0149
vn 0.6020 -0.7979 -0.0290
vn 0.6021 -0.7979 -0.0290
vn 0.6188 -0.7850 -0.0286
vn 0.6188 -0.7850 -0.0285
vn 0.6357 -0.7718 -0.0143
vn 0.6358 -0.7718 -0.0144
vn 0.6348 -0.7722 -0.0281
vn 0.6358 -0.7718 -0.0143
vn 0.6512 -0.7587 -0.0141
vn 0.6499 -0.7595 -0.0276
vn 0.6660 -0.7459 -0.0139
vn 0.6659 -0.7459 -0.0139
vn 0.6644 -0.7469 -0.0272
vn 0.6799 -0.7332 -0.0136
vn 0.6781 -0.7345 -0.0267
vn 0.6932 -0.7206 -0.0134
vn 0.6912 -0.7222 -0.0263
vn 0.6912 -0.7222 -0.0262
vn 0.6932 -0.7207 -0.0134
vn 0.7058 -0.7083 -0.0132
vn 0.7036 -0.7101 -0.0258
vn 0.7177 -0.6962 -0.0129
vn 0.7177 -0.6962 -0.0130
vn 0.7154 -0.6982 -0.0254
vn 0.7291 -0.6843 -0.0127
vn 0.7266 -0.6866 -0.0250
vn 0.7398 -0.6727 -0.0125
vn 0.7399 -0.6726 -0.0125
vn 0.7373 -0.6751 -0.0246
vn 0.7501 -0.6612 -0.0123
vn 0.7373 -0.6751 -0.0245
vn 0.7475 -0.6639 -0.0241
vn 0.7474 -0.6639 -0.0242
vn 0.7598 -0.6500 -0.0121
vn 0.7571 -0.6529 -0.0237
vn 0.7571 -0.6529 -0.0238
vn 0.7691 -0.6391 -0.0119
vn 0.7663 -0.6421 -0.0234
vn 0.7663 -0.6421 -0.0233
vn 0.7691 -0.6390 -0.0119
vn 0.7860 -0.6181 -0.0115
vn 0.7831 -0.6215 -0.0226
vn 0.8013 -0.5981 -0.0111
vn 0.7984 -0.6018 -0.0219
vn 0.8152 -0.5791 -0.0108
vn 0.8152 -0.5790 -0.0107
vn 0.8152 -0.5790 -0.0108
vn 0.6903 -0.7235 -0.0000
vn 0.6513 -0.7587 -0.0141
vn 0.6512 -0.7588 -0.0141
vn 0.6358 -0.7717 -0.0144
vn 0.7296 -0.6838 -0.0000
vn 0.7057 -0.7083 -0.0132
vn 0.7628 -0.6466 -0.0000
vn 0.7399 -0.6727 -0.0125
vn 0.7629 -0.6466 -0.0000
vn 0.8350 -0.5475 -0.0550
vn 0.8380 -0.5437 -0.0464
vn 0.8409 -0.5398 -0.0376
vn 0.8274 -0.5596 -0.0478
vn 0.8264 -0.5539 -0.1013
vn 0.8232 -0.5611 -0.0869
vn 0.8291 -0.5546 -0.0713
vn 0.8320 -0.5511 -0.0632
vn 0.8320 -0.5511 -0.0633
vn 0.8291 -0.5546 -0.0714
vn 0.8184 -0.5699 -0.0733
vn 0.8214 -0.5666 -0.0650
vn 0.8214 -0.5666 -0.0651
vn 0.8068 -0.5859 -0.0754
vn 0.8098 -0.5828 -0.0669
vn 0.7943 -0.6026 -0.0775
vn 0.7973 -0.5997 -0.0688
vn 0.7806 -0.6199 -0.0798
vn 0.7972 -0.5997 -0.0688
vn 0.8115 -0.5727 -0.1156
vn 0.8115 -0.5728 -0.1156
vn 0.8173 -0.5672 -0.1016
vn 0.8173 -0.5672 -0.1017
vn 0.8066 -0.5818 -0.1043
vn 0.8231 -0.5611 -0.0869
vn 0.8066 -0.5818 -0.1042
vn 0.8125 -0.5761 -0.0892
vn 0.7950 -0.5971 -0.1070
vn 0.8125 -0.5762 -0.0892
vn 0.8009 -0.5917 -0.0916
vn 0.8009 -0.5918 -0.0916
vn 0.7825 -0.6128 -0.1098
vn 0.7825 -0.6129 -0.1098
vn 0.7884 -0.6080 -0.0941
vn 0.7883 -0.6080 -0.0942
vn 0.7690 -0.6292 -0.1127
vn 0.7747 -0.6248 -0.0968
vn 0.7544 -0.6462 -0.1158
vn 0.7543 -0.6462 -0.1158
vn 0.7600 -0.6423 -0.0995
vn 0.7385 -0.6637 -0.1189
vn 0.7599 -0.6423 -0.0995
vn 0.8003 -0.5827 -0.1414
vn 0.8058 -0.5779 -0.1288
vn 0.8087 -0.5754 -0.1223
vn 0.7951 -0.5919 -0.1320
vn 0.7979 -0.5896 -0.1253
vn 0.7980 -0.5896 -0.1253
vn 0.7836 -0.6064 -0.1352
vn 0.7980 -0.5895 -0.1253
vn 0.7864 -0.6042 -0.1284
vn 0.7712 -0.6214 -0.1385
vn 0.7740 -0.6194 -0.1316
vn 0.7740 -0.6194 -0.1317
vn 0.7578 -0.6368 -0.1420
vn 0.7606 -0.6351 -0.1350
vn 0.7435 -0.6528 -0.1455
vn 0.7461 -0.6512 -0.1384
vn 0.7461 -0.6513 -0.1384
vn 0.7280 -0.6692 -0.1492
vn 0.7306 -0.6679 -0.1420
vn 0.7197 -0.6777 -0.1511
vn 0.7305 -0.6680 -0.1420
vn 0.7222 -0.6766 -0.1438
vn 0.7111 -0.6863 -0.1530
vn 0.7135 -0.6853 -0.1457
vn 0.7021 -0.6950 -0.1549
vn 0.7894 -0.5913 -0.1648
vn 0.7894 -0.5914 -0.1648
vn 0.7921 -0.5893 -0.1592
vn 0.7948 -0.5872 -0.1534
vn 0.7921 -0.5893 -0.1591
vn 0.7814 -0.6025 -0.1627
vn 0.7841 -0.6005 -0.1569
vn 0.7699 -0.6161 -0.1664
vn 0.7726 -0.6143 -0.1605
vn 0.7577 -0.6300 -0.1701
vn 0.7603 -0.6285 -0.1642
vn 0.7603 -0.6284 -0.1641
vn 0.7446 -0.6444 -0.1740
vn 0.7446 -0.6444 -0.1741
vn 0.7472 -0.6430 -0.1680
vn 0.7306 -0.6592 -0.1780
vn 0.7331 -0.6580 -0.1719
vn 0.7156 -0.6743 -0.1821
vn 0.7180 -0.6734 -0.1759
vn 0.7076 -0.6821 -0.1842
vn 0.7100 -0.6814 -0.1780
vn 0.7076 -0.6822 -0.1842
vn 0.6993 -0.6901 -0.1864
vn 0.6994 -0.6901 -0.1864
vn 0.7016 -0.6894 -0.1801
vn 0.6994 -0.6901 -0.1863
vn 0.6908 -0.6980 -0.1885
vn 0.6930 -0.6975 -0.1822
vn 0.6819 -0.7061 -0.1907
vn 0.6930 -0.6976 -0.1822
vn 0.6840 -0.7058 -0.1844
vn 0.6840 -0.7058 -0.1843
vn 0.6728 -0.7143 -0.1929
vn 0.6748 -0.7141 -0.1865
vn 0.6727 -0.7143 -0.1929
vn 0.6633 -0.7225 -0.1951
vn 0.6652 -0.7224 -0.1887
vn 0.6534 -0.7308 -0.1973
vn 0.6534 -0.7308 -0.1974
vn 0.7740 -0.6021 -0.1957
vn 0.7740 -0.6022 -0.1957
vn 0.7765 -0.6005 -0.1908
vn 0.7790 -0.5988 -0.1859
vn 0.7659 -0.6128 -0.1947
vn 0.7659 -0.6127 -0.1947
vn 0.7684 -0.6112 -0.1897
vn 0.7546 -0.6253 -0.1987
vn 0.7571 -0.6239 -0.1937
vn 0.7427 -0.6382 -0.2028
vn 0.7451 -0.6370 -0.1977
vn 0.7299 -0.6514 -0.2070
vn 0.7323 -0.6504 -0.2019
vn 0.7164 -0.6649 -0.2113
vn 0.7164 -0.6649 -0.2114
vn 0.7187 -0.6641 -0.2061
vn 0.7020 -0.6787 -0.2157
vn 0.7186 -0.6641 -0.2062
vn 0.7020 -0.6788 -0.2157
vn 0.7042 -0.6781 -0.2105
vn 0.6943 -0.6859 -0.2180
vn 0.6965 -0.6853 -0.2127
vn 0.6965 -0.6853 -0.2128
vn 0.6865 -0.6930 -0.2202
vn 0.6864 -0.6930 -0.2202
vn 0.6885 -0.6926 -0.2150
vn 0.6783 -0.7003 -0.2225
vn 0.6783 -0.7003 -0.2226
vn 0.6803 -0.7000 -0.2173
vn 0.6699 -0.7076 -0.2249
vn 0.6718 -0.7074 -0.2196
vn 0.6613 -0.7149 -0.2272
vn 0.6631 -0.7149 -0.2219
vn 0.6523 -0.7223 -0.2296
vn 0.6541 -0.7224 -0.2243
vn 0.6431 -0.7298 -0.2319
vn 0.6448 -0.7300 -0.2266
vn 0.6336 -0.7373 -0.2343
vn 0.6352 -0.7377 -0.2290
vn 0.6352 -0.7377 -0.2289
vn 0.6238 -0.7449 -0.2367
vn 0.6238 -0.7448 -0.2367
vn 0.6253 -0.7453 -0.2314
vn 0.6137 -0.7524 -0.2391
vn 0.6150 -0.7531 -0.2338
vn 0.6150 -0.7530 -0.2338
vn 0.6033 -0.7600 -0.2415
vn 0.6045 -0.7608 -0.2362
vn 0.5926 -0.7677 -0.2440
vn 0.5936 -0.7686 -0.2386
vn 0.5815 -0.7753 -0.2464
vn 0.5816 -0.7753 -0.2464
vn 0.7691 -0.6053 -0.2050
vn 0.7425 -0.6319 -0.2223
vn 0.7691 -0.6053 -0.2051
vn 0.7586 -0.6171 -0.2091
vn 0.7475 -0.6292 -0.2132
vn 0.7474 -0.6292 -0.2132
vn 0.7634 -0.6142 -0.1996
vn 0.7634 -0.6143 -0.1996
vn 0.7522 -0.6267 -0.2037
vn 0.7356 -0.6416 -0.2174
vn 0.7182 -0.6564 -0.2310
vn 0.7181 -0.6565 -0.2310
vn 0.7231 -0.6542 -0.2216
vn 0.7230 -0.6543 -0.2217
vn 0.7182 -0.6564 -0.2309
vn 0.7097 -0.6672 -0.2260
vn 0.7231 -0.6543 -0.2217
vn 0.7276 -0.6524 -0.2120
vn 0.7141 -0.6657 -0.2164
vn 0.7181 -0.6564 -0.2310
vn 0.6908 -0.6821 -0.2400
vn 0.6908 -0.6820 -0.2400
vn 0.6956 -0.6804 -0.2305
vn 0.7141 -0.6657 -0.2163
vn 0.6998 -0.6793 -0.2208
vn 0.7164 -0.6650 -0.2113
vn 0.6602 -0.7085 -0.2493
vn 0.6804 -0.6940 -0.2351
vn 0.6805 -0.6940 -0.2351
vn 0.6881 -0.6872 -0.2328
vn 0.6882 -0.6872 -0.2328
vn 0.6956 -0.6805 -0.2305
vn 0.6258 -0.7358 -0.2589
vn 0.6473 -0.7220 -0.2446
vn 0.6559 -0.7149 -0.2422
vn 0.6644 -0.7078 -0.2398
vn 0.6644 -0.7079 -0.2398
vn 0.6680 -0.7077 -0.2300
vn 0.6643 -0.7079 -0.2398
vn 0.6764 -0.7005 -0.2277
vn 0.6763 -0.7005 -0.2277
vn 0.6864 -0.6930 -0.2203
vn 0.5874 -0.7634 -0.2686
vn 0.6099 -0.7505 -0.2543
vn 0.6258 -0.7358 -0.2588
vn 0.6100 -0.7505 -0.2543
vn 0.6197 -0.7434 -0.2518
vn 0.6290 -0.7363 -0.2494
vn 0.6292 -0.7362 -0.2494
vn 0.6321 -0.7369 -0.2395
vn 0.6415 -0.7296 -0.2371
vn 0.5790 -0.7722 -0.2616
vn 0.5896 -0.7650 -0.2592
vn 0.5893 -0.7652 -0.2592
vn 0.5999 -0.7577 -0.2567
vn 0.5999 -0.7578 -0.2567
vn 0.6022 -0.7593 -0.2468
vn 0.6125 -0.7518 -0.2443
vn 0.6124 -0.7518 -0.2444
vn 0.6020 -0.7980 -0.0290
vn 0.5631 -0.8031 -0.1949
vn 0.5639 -0.8067 -0.1764
vn 0.5640 -0.8060 -0.1797
vn 0.5642 -0.8059 -0.1796
vn 0.5631 -0.8030 -0.1949
vn 0.5766 -0.7940 -0.1927
vn 0.5759 -0.7927 -0.1998
vn 0.7975 -0.5850 -0.1475
vn 0.7840 -0.6005 -0.1569
vn 0.7868 -0.5985 -0.1509
vn 0.7753 -0.6124 -0.1544
vn 0.7630 -0.6268 -0.1580
vn 0.7603 -0.6284 -0.1642
vn 0.7498 -0.6416 -0.1617
vn 0.7356 -0.6568 -0.1656
vn 0.7205 -0.6725 -0.1695
vn 0.7204 -0.6725 -0.1695
vn 0.7100 -0.6814 -0.1779
vn 0.7123 -0.6805 -0.1716
vn 0.7124 -0.6805 -0.1716
vn 0.7039 -0.6887 -0.1736
vn 0.7040 -0.6887 -0.1736
vn 0.6952 -0.6970 -0.1757
vn 0.6841 -0.7057 -0.1843
vn 0.6862 -0.7053 -0.1778
vn 0.6862 -0.7054 -0.1779
vn 0.6748 -0.7140 -0.1865
vn 0.6768 -0.7138 -0.1799
vn 0.6652 -0.7225 -0.1887
vn 0.6768 -0.7138 -0.1800
vn 0.7868 -0.5933 -0.1702
vn 0.7842 -0.5952 -0.1756
vn 0.7816 -0.5970 -0.1808
vn 0.7709 -0.6096 -0.1846
vn 0.5682 -0.7794 -0.2640
vn 0.5568 -0.7867 -0.2665
vn 0.5681 -0.7795 -0.2641
vn 0.5695 -0.7818 -0.2541
vn 0.5807 -0.7743 -0.2516
vn 0.5916 -0.7668 -0.2492
vn 0.6124 -0.7518 -0.2443
vn 0.6100 -0.7505 -0.2542
vn 0.6224 -0.7444 -0.2419
vn 0.6197 -0.7433 -0.2518
vn 0.6384 -0.7290 -0.2470
vn 0.6383 -0.7291 -0.2470
vn 0.6291 -0.7362 -0.2494
vn 0.6383 -0.7290 -0.2470
vn 0.6506 -0.7222 -0.2347
vn 0.6473 -0.7219 -0.2446
vn 0.6594 -0.7149 -0.2324
vn 0.6595 -0.7149 -0.2323
vn 0.6804 -0.6941 -0.2351
vn 0.6725 -0.7009 -0.2375
vn 0.6764 -0.7005 -0.2276
vn 0.6725 -0.7010 -0.2375
vn 0.6844 -0.6934 -0.2253
vn 0.6922 -0.6863 -0.2231
vn 0.6922 -0.6863 -0.2230
vn 0.6844 -0.6934 -0.2254
vn 0.7403 -0.6394 -0.2078
vn 0.7231 -0.6543 -0.2216
vn 0.7427 -0.6382 -0.2029
vn 0.7426 -0.6382 -0.2028
vn 0.7634 -0.6143 -0.1997
vn 0.7547 -0.6253 -0.1987
vn 0.6998 -0.6794 -0.2208
vn 0.6224 -0.7443 -0.2419
vn 0.6022 -0.7593 -0.2467
vn 0.5896 -0.7650 -0.2591
vn 0.7735 -0.6079 -0.1793
vn 0.7761 -0.6062 -0.1739
vn 0.7787 -0.6044 -0.1684
vn 0.7621 -0.6210 -0.1832
vn 0.7647 -0.6194 -0.1777
vn 0.7787 -0.6044 -0.1683
vn 0.7673 -0.6178 -0.1721
vn 0.7673 -0.6177 -0.1721
vn 0.7596 -0.6225 -0.1885
vn 0.7475 -0.6357 -0.1925
vn 0.7500 -0.6344 -0.1871
vn 0.7500 -0.6344 -0.1872
vn 0.7347 -0.6493 -0.1966
vn 0.7371 -0.6482 -0.1912
vn 0.7210 -0.6632 -0.2008
vn 0.7233 -0.6623 -0.1954
vn 0.7064 -0.6775 -0.2051
vn 0.7086 -0.6767 -0.1996
vn 0.6986 -0.6848 -0.2074
vn 0.7008 -0.6842 -0.2018
vn 0.6906 -0.6922 -0.2096
vn 0.6927 -0.6917 -0.2040
vn 0.6823 -0.6997 -0.2119
vn 0.6844 -0.6993 -0.2063
vn 0.6738 -0.7072 -0.2141
vn 0.6758 -0.7070 -0.2085
vn 0.6758 -0.7070 -0.2086
vn 0.6650 -0.7148 -0.2165
vn 0.6650 -0.7148 -0.2164
vn 0.6669 -0.7147 -0.2108
vn 0.6559 -0.7225 -0.2188
vn 0.6577 -0.7225 -0.2131
vn 0.6464 -0.7302 -0.2211
vn 0.6481 -0.7304 -0.2155
vn 0.6367 -0.7380 -0.2235
vn 0.6482 -0.7304 -0.2154
vn 0.6383 -0.7383 -0.2178
vn 0.6267 -0.7458 -0.2258
vn 0.6282 -0.7463 -0.2201
vn 0.6164 -0.7537 -0.2282
vn 0.6177 -0.7543 -0.2225
vn 0.6057 -0.7615 -0.2306
vn 0.6057 -0.7616 -0.2306
vn 0.7525 -0.6330 -0.1816
vn 0.7526 -0.6330 -0.1816
vn 0.7551 -0.6315 -0.1760
vn 0.7551 -0.6315 -0.1759
vn 0.7699 -0.6161 -0.1663
vn 0.7551 -0.6316 -0.1760
vn 0.7396 -0.6470 -0.1856
vn 0.7421 -0.6457 -0.1799
vn 0.7577 -0.6301 -0.1701
vn 0.7257 -0.6613 -0.1897
vn 0.7257 -0.6613 -0.1898
vn 0.7281 -0.6603 -0.1840
vn 0.7282 -0.6603 -0.1839
vn 0.7109 -0.6760 -0.1940
vn 0.7110 -0.6760 -0.1939
vn 0.7109 -0.6760 -0.1939
vn 0.7133 -0.6752 -0.1881
vn 0.7282 -0.6603 -0.1840
vn 0.7008 -0.6842 -0.2019
vn 0.7031 -0.6836 -0.1961
vn 0.7030 -0.6836 -0.1961
vn 0.7053 -0.6829 -0.1903
vn 0.7031 -0.6835 -0.1961
vn 0.6949 -0.6912 -0.1983
vn 0.6971 -0.6907 -0.1924
vn 0.6971 -0.6906 -0.1924
vn 0.6865 -0.6989 -0.2005
vn 0.6865 -0.6989 -0.2006
vn 0.6886 -0.6985 -0.1946
vn 0.6908 -0.6981 -0.1885
vn 0.6778 -0.7067 -0.2028
vn 0.6798 -0.7065 -0.1968
vn 0.6799 -0.7064 -0.1968
vn 0.6669 -0.7147 -0.2109
vn 0.6688 -0.7146 -0.2050
vn 0.6799 -0.7065 -0.1968
vn 0.6688 -0.7146 -0.2051
vn 0.6708 -0.7145 -0.1991
vn 0.6798 -0.7064 -0.1968
vn 0.6708 -0.7145 -0.1990
vn 0.6595 -0.7226 -0.2073
vn 0.6595 -0.7225 -0.2073
vn 0.6614 -0.7226 -0.2013
vn 0.6614 -0.7225 -0.2013
vn 0.6499 -0.7306 -0.2096
vn 0.6516 -0.7307 -0.2036
vn 0.6632 -0.7225 -0.1951
vn 0.6399 -0.7386 -0.2119
vn 0.6400 -0.7386 -0.2119
vn 0.6416 -0.7389 -0.2059
vn 0.6282 -0.7463 -0.2202
vn 0.6297 -0.7467 -0.2143
vn 0.6297 -0.7467 -0.2142
vn 0.5842 -0.7784 -0.2296
vn 0.5968 -0.7713 -0.2213
vn 0.5842 -0.7785 -0.2296
vn 0.5716 -0.7853 -0.2378
vn 0.5842 -0.7784 -0.2297
vn 0.5737 -0.7890 -0.2199
vn 0.5737 -0.7890 -0.2198
vn 0.5738 -0.7890 -0.2198
vn 0.5611 -0.7974 -0.2221
vn 0.6093 -0.7638 -0.2128
vn 0.6218 -0.7561 -0.2042
vn 0.6343 -0.7480 -0.1954
vn 0.6467 -0.7396 -0.1865
vn 0.6571 -0.7309 -0.1843
vn 0.6466 -0.7396 -0.1865
vn 0.6590 -0.7310 -0.1774
vn 0.6589 -0.7310 -0.1774
vn 0.6732 -0.7218 -0.1609
vn 0.6832 -0.7128 -0.1589
vn 0.6854 -0.7123 -0.1514
vn 0.6974 -0.7025 -0.1418
vn 0.7069 -0.6934 -0.1399
vn 0.7118 -0.6914 -0.1239
vn 0.7262 -0.6794 -0.1052
vn 0.7406 -0.6664 -0.0857
vn 0.7522 -0.6546 -0.0751
vn 0.7715 -0.6331 -0.0635
vn 0.7895 -0.6116 -0.0522
vn 0.8063 -0.5901 -0.0411
vn 0.8033 -0.5935 -0.0506
vn 0.8062 -0.5901 -0.0411
vn 0.8219 -0.5689 -0.0304
vn 0.8364 -0.5478 -0.0199
vn 0.8469 -0.5315 -0.0193
vn 0.8002 -0.5828 -0.1415
vn 0.8002 -0.5828 -0.1414
vn 0.7895 -0.5964 -0.1447
vn 0.7780 -0.6105 -0.1482
vn 0.7780 -0.6105 -0.1481
vn 0.7657 -0.6251 -0.1517
vn 0.7524 -0.6401 -0.1553
vn 0.7382 -0.6555 -0.1591
vn 0.7357 -0.6568 -0.1656
vn 0.7205 -0.6724 -0.1695
vn 0.7229 -0.6714 -0.1629
vn 0.7229 -0.6714 -0.1630
vn 0.7148 -0.6796 -0.1649
vn 0.7148 -0.6797 -0.1649
vn 0.7063 -0.6880 -0.1670
vn 0.6975 -0.6964 -0.1690
vn 0.6862 -0.7054 -0.1778
vn 0.6884 -0.7049 -0.1711
vn 0.6884 -0.7049 -0.1710
vn 0.6789 -0.7135 -0.1731
vn 0.6131 -0.7660 -0.1931
vn 0.6011 -0.7749 -0.1954
vn 0.6012 -0.7749 -0.1953
vn 0.6144 -0.7667 -0.1861
vn 0.6011 -0.7749 -0.1953
vn 0.6022 -0.7758 -0.1883
vn 0.6023 -0.7758 -0.1883
vn 0.5887 -0.7838 -0.1976
vn 0.5897 -0.7849 -0.1905
vn 0.6261 -0.7577 -0.1839
vn 0.6262 -0.7577 -0.1839
vn 0.8058 -0.5779 -0.1289
vn 0.8058 -0.5780 -0.1288
vn 0.7525 -0.6401 -0.1553
vn 0.7435 -0.6527 -0.1455
vn 0.7148 -0.6796 -0.1650
vn 0.5644 -0.8064 -0.1764
vn 0.6196 -0.7694 -0.1553
vn 0.6183 -0.7688 -0.1634
vn 0.6441 -0.7499 -0.1513
vn 0.6538 -0.7401 -0.1573
vn 0.6667 -0.7306 -0.1475
vn 0.6753 -0.7215 -0.1533
vn 0.7135 -0.6853 -0.1456
vn 0.7247 -0.6754 -0.1363
vn 0.7331 -0.6666 -0.1345
vn 0.7332 -0.6666 -0.1345
vn 0.7488 -0.6497 -0.1311
vn 0.7634 -0.6332 -0.1278
vn 0.7633 -0.6332 -0.1278
vn 0.7768 -0.6173 -0.1246
vn 0.7893 -0.6019 -0.1215
vn 0.8008 -0.5871 -0.1185
vn 0.7892 -0.6019 -0.1215
vn 0.7690 -0.6292 -0.1128
vn 0.7690 -0.6293 -0.1127
vn 0.7248 -0.6754 -0.1363
vn 0.7299 -0.6728 -0.1206
vn 0.6747 -0.7294 -0.1129
vn 0.6250 -0.7715 -0.1195
vn 0.6090 -0.7807 -0.1399
vn 0.7806 -0.6200 -0.0798
vn 0.8290 -0.5546 -0.0714
vn 0.7244 -0.6849 -0.0786
vn 0.7143 -0.6953 -0.0798
vn 0.7270 -0.6832 -0.0686
vn 0.7167 -0.6939 -0.0696
vn 0.7167 -0.6938 -0.0696
vn 0.7037 -0.7059 -0.0810
vn 0.7167 -0.6939 -0.0697
vn 0.7060 -0.7047 -0.0707
vn 0.7060 -0.7046 -0.0707
vn 0.7036 -0.7059 -0.0810
vn 0.6926 -0.7167 -0.0823
vn 0.6926 -0.7166 -0.0823
vn 0.6948 -0.7156 -0.0718
vn 0.6789 -0.7282 -0.0937
vn 0.6926 -0.7167 -0.0822
vn 0.6809 -0.7276 -0.0835
vn 0.6810 -0.7275 -0.0835
vn 0.6830 -0.7268 -0.0729
vn 0.6830 -0.7267 -0.0729
vn 0.6688 -0.7386 -0.0848
vn 0.6830 -0.7268 -0.0730
vn 0.6707 -0.7380 -0.0741
vn 0.6561 -0.7498 -0.0861
vn 0.6578 -0.7494 -0.0752
vn 0.6726 -0.7374 -0.0629
vn 0.6561 -0.7498 -0.0860
vn 0.6428 -0.7610 -0.0874
vn 0.6428 -0.7611 -0.0874
vn 0.6428 -0.7611 -0.0873
vn 0.6443 -0.7610 -0.0764
vn 0.6289 -0.7724 -0.0887
vn 0.6289 -0.7724 -0.0886
vn 0.6301 -0.7726 -0.0775
vn 0.6143 -0.7839 -0.0900
vn 0.6153 -0.7843 -0.0787
vn 0.6154 -0.7843 -0.0787
vn 0.6313 -0.7727 -0.0659
vn 0.5992 -0.7954 -0.0913
vn 0.5991 -0.7954 -0.0913
vn 0.5999 -0.7961 -0.0799
vn 0.5829 -0.8059 -0.1037
vn 0.5837 -0.8079 -0.0811
vn 0.7368 -0.6728 -0.0675
vn 0.7489 -0.6603 -0.0563
vn 0.7367 -0.6728 -0.0675
vn 0.7522 -0.6546 -0.0752
vn 0.8129 -0.5796 -0.0582
vn 0.8128 -0.5796 -0.0582
vn 0.8244 -0.5632 -0.0565
vn 0.8350 -0.5475 -0.0549
vn 0.8092 -0.5866 -0.0313
vn 0.7802 -0.6246 -0.0333
vn 0.7606 -0.6476 -0.0452
vn 0.7635 -0.6449 -0.0344
vn 0.7802 -0.6246 -0.0334
vn 0.7516 -0.6580 -0.0458
vn 0.7544 -0.6555 -0.0350
vn 0.7543 -0.6555 -0.0350
vn 0.7421 -0.6686 -0.0466
vn 0.7543 -0.6556 -0.0350
vn 0.7448 -0.6664 -0.0356
vn 0.7448 -0.6663 -0.0356
vn 0.7347 -0.6774 -0.0362
vn 0.7348 -0.6774 -0.0362
vn 0.7475 -0.6639 -0.0242
vn 0.7242 -0.6886 -0.0368
vn 0.7131 -0.7001 -0.0374
vn 0.7014 -0.7117 -0.0380
vn 0.7154 -0.6983 -0.0254
vn 0.6892 -0.7236 -0.0386
vn 0.6892 -0.7235 -0.0386
vn 0.6763 -0.7356 -0.0393
vn 0.6763 -0.7356 -0.0392
vn 0.6628 -0.7477 -0.0399
vn 0.6628 -0.7478 -0.0399
vn 0.6486 -0.7601 -0.0406
vn 0.6486 -0.7600 -0.0406
vn 0.6325 -0.7727 -0.0538
vn 0.6337 -0.7725 -0.0412
vn 0.6325 -0.7726 -0.0539
vn 0.6337 -0.7725 -0.0413
vn 0.6180 -0.7850 -0.0419
vn 0.6347 -0.7722 -0.0281
vn 0.6016 -0.7977 -0.0426
vn 0.6016 -0.7976 -0.0426
vn 0.5828 -0.8109 -0.0538
vn 0.8153 -0.5790 -0.0108
vn 0.8279 -0.5609 -0.0104
vn 0.7599 -0.6499 -0.0121
vn 0.6358 -0.7717 -0.0143
vn 0.8380 -0.5438 -0.0464
vn 0.8129 -0.5795 -0.0582
vn 0.7394 -0.6708 -0.0573
vn 0.5869 -0.7816 -0.2111
vn 0.5990 -0.7731 -0.2088
vn 0.7187 -0.6641 -0.2062
vn 0.6986 -0.6848 -0.2073
vn 0.6719 -0.7074 -0.2196
vn 0.6738 -0.7072 -0.2142
vn 0.6163 -0.7537 -0.2282
vn 0.6045 -0.7608 -0.2361
vn -0.5827 -0.8109 -0.0539
vn -0.5844 -0.8103 -0.0433
vn -0.6024 -0.7981 -0.0148
vn -0.6195 -0.7849 -0.0146
vn -0.6188 -0.7850 -0.0285
vn -0.6188 -0.7850 -0.0286
vn -0.6347 -0.7722 -0.0281
vn -0.6348 -0.7722 -0.0281
vn -0.6337 -0.7725 -0.0412
vn -0.6486 -0.7601 -0.0406
vn -0.6472 -0.7605 -0.0530
vn -0.6745 -0.7365 -0.0513
vn -0.6726 -0.7373 -0.0630
vn -0.6726 -0.7373 -0.0629
vn -0.6851 -0.7258 -0.0620
vn -0.6851 -0.7258 -0.0619
vn -0.6830 -0.7267 -0.0729
vn -0.6948 -0.7156 -0.0718
vn -0.6926 -0.7167 -0.0823
vn -0.7036 -0.7059 -0.0810
vn -0.7037 -0.7059 -0.0810
vn -0.6926 -0.7166 -0.0823
vn -0.7013 -0.7070 -0.0910
vn -0.7118 -0.6966 -0.0896
vn -0.7094 -0.6978 -0.0991
vn -0.7118 -0.6966 -0.0897
vn -0.7094 -0.6979 -0.0991
vn -0.7193 -0.6878 -0.0977
vn -0.7168 -0.6891 -0.1067
vn -0.7262 -0.6794 -0.1052
vn -0.7236 -0.6808 -0.1138
vn -0.7412 -0.6621 -0.1107
vn -0.7385 -0.6637 -0.1189
vn -0.7543 -0.6462 -0.1158
vn -0.7516 -0.6480 -0.1235
vn -0.7516 -0.6480 -0.1236
vn -0.7662 -0.6313 -0.1204
vn -0.7634 -0.6332 -0.1278
vn -0.7768 -0.6173 -0.1246
vn -0.7633 -0.6332 -0.1278
vn -0.7740 -0.6194 -0.1317
vn -0.7740 -0.6194 -0.1316
vn -0.7864 -0.6042 -0.1284
vn -0.7836 -0.6064 -0.1352
vn -0.7951 -0.5919 -0.1320
vn -0.7923 -0.5942 -0.1384
vn -0.8030 -0.5804 -0.1352
vn -0.8003 -0.5827 -0.1414
vn -0.8003 -0.5828 -0.1414
vn -0.8103 -0.5695 -0.1382
vn -0.8075 -0.5720 -0.1442
vn -0.8174 -0.5618 -0.1271
vn -0.8075 -0.5719 -0.1442
vn -0.8086 -0.5689 -0.1500
vn -0.8048 -0.5743 -0.1500
vn -0.7994 -0.5787 -0.1612
vn -0.7948 -0.5872 -0.1534
vn -0.7894 -0.5914 -0.1648
vn -0.7894 -0.5913 -0.1648
vn -0.7841 -0.6005 -0.1569
vn -0.7840 -0.6005 -0.1569
vn -0.7787 -0.6044 -0.1684
vn -0.7726 -0.6143 -0.1605
vn -0.7726 -0.6143 -0.1604
vn -0.7673 -0.6178 -0.1721
vn -0.7603 -0.6285 -0.1642
vn -0.7603 -0.6284 -0.1641
vn -0.7551 -0.6315 -0.1760
vn -0.7551 -0.6316 -0.1760
vn -0.7472 -0.6430 -0.1680
vn -0.7551 -0.6315 -0.1759
vn -0.7421 -0.6457 -0.1799
vn -0.7331 -0.6580 -0.1719
vn -0.7282 -0.6603 -0.1840
vn -0.7282 -0.6603 -0.1839
vn -0.7180 -0.6734 -0.1759
vn -0.7281 -0.6603 -0.1840
vn -0.7133 -0.6752 -0.1881
vn -0.7016 -0.6894 -0.1801
vn -0.6971 -0.6907 -0.1924
vn -0.6971 -0.6906 -0.1924
vn -0.6930 -0.6975 -0.1822
vn -0.6886 -0.6985 -0.1946
vn -0.6841 -0.7057 -0.1843
vn -0.6840 -0.7058 -0.1843
vn -0.6798 -0.7065 -0.1968
vn -0.6840 -0.7058 -0.1844
vn -0.6748 -0.7140 -0.1865
vn -0.6748 -0.7141 -0.1865
vn -0.6708 -0.7145 -0.1991
vn -0.6652 -0.7225 -0.1887
vn -0.6652 -0.7224 -0.1887
vn -0.6614 -0.7226 -0.2013
vn -0.6614 -0.7225 -0.2013
vn -0.6552 -0.7309 -0.1909
vn -0.6516 -0.7307 -0.2036
vn -0.6449 -0.7394 -0.1931
vn -0.6450 -0.7394 -0.1931
vn -0.6416 -0.7389 -0.2059
vn -0.6233 -0.7566 -0.1976
vn -0.6233 -0.7566 -0.1977
vn -0.6204 -0.7555 -0.2105
vn -0.6118 -0.7653 -0.1999
vn -0.6093 -0.7638 -0.2128
vn -0.6001 -0.7740 -0.2022
vn -0.6000 -0.7740 -0.2022
vn -0.5979 -0.7722 -0.2151
vn -0.5979 -0.7722 -0.2152
vn -0.5878 -0.7827 -0.2045
vn -0.5860 -0.7806 -0.2175
vn -0.5752 -0.7915 -0.2067
vn -0.5752 -0.7915 -0.2068
vn -0.5738 -0.7890 -0.2198
vn -0.5621 -0.8002 -0.2090
vn -0.5737 -0.7890 -0.2198
vn -0.5611 -0.7974 -0.2222
vn -0.5840 -0.8088 -0.0690
vn -0.5828 -0.8108 -0.0539
vn -0.5842 -0.8096 -0.0564
vn -0.6011 -0.7972 -0.0556
vn -0.6016 -0.7977 -0.0426
vn -0.6172 -0.7849 -0.0547
vn -0.6016 -0.7976 -0.0426
vn -0.6180 -0.7850 -0.0419
vn -0.6325 -0.7727 -0.0539
vn -0.6337 -0.7725 -0.0413
vn -0.5824 -0.8049 -0.1143
vn -0.5828 -0.8059 -0.1037
vn -0.5833 -0.8070 -0.0927
vn -0.5833 -0.8070 -0.0926
vn -0.5984 -0.7947 -0.1022
vn -0.5984 -0.7946 -0.1022
vn -0.5992 -0.7954 -0.0913
vn -0.6133 -0.7834 -0.1008
vn -0.5991 -0.7954 -0.0913
vn -0.6143 -0.7839 -0.0900
vn -0.6276 -0.7722 -0.0994
vn -0.6276 -0.7722 -0.0993
vn -0.6289 -0.7724 -0.0887
vn -0.6413 -0.7610 -0.0979
vn -0.6428 -0.7611 -0.0874
vn -0.6428 -0.7611 -0.0873
vn -0.6669 -0.7391 -0.0951
vn -0.6688 -0.7386 -0.0848
vn -0.6789 -0.7283 -0.0937
vn -0.6789 -0.7282 -0.0937
vn -0.6809 -0.7276 -0.0835
vn -0.6810 -0.7276 -0.0835
vn -0.6903 -0.7176 -0.0923
vn -0.6810 -0.7275 -0.0835
vn -0.6926 -0.7167 -0.0822
vn -0.5800 -0.8002 -0.1526
vn -0.5806 -0.8014 -0.1436
vn -0.5701 -0.8094 -0.1412
vn -0.5813 -0.8026 -0.1342
vn -0.5812 -0.8026 -0.1342
vn -0.5951 -0.7911 -0.1417
vn -0.5951 -0.7911 -0.1418
vn -0.5960 -0.7920 -0.1324
vn -0.6090 -0.7808 -0.1399
vn -0.6101 -0.7815 -0.1307
vn -0.6223 -0.7705 -0.1381
vn -0.6223 -0.7705 -0.1380
vn -0.6237 -0.7710 -0.1289
vn -0.6237 -0.7710 -0.1290
vn -0.6352 -0.7603 -0.1362
vn -0.6367 -0.7606 -0.1272
vn -0.6593 -0.7401 -0.1326
vn -0.6612 -0.7399 -0.1237
vn -0.6707 -0.7301 -0.1308
vn -0.6727 -0.7298 -0.1220
vn -0.6816 -0.7203 -0.1291
vn -0.6816 -0.7203 -0.1290
vn -0.6838 -0.7197 -0.1204
vn -0.6921 -0.7105 -0.1273
vn -0.6943 -0.7098 -0.1187
vn -0.7021 -0.7009 -0.1256
vn -0.7045 -0.7000 -0.1171
vn -0.7118 -0.6914 -0.1239
vn -0.7143 -0.6903 -0.1154
vn -0.7210 -0.6820 -0.1222
vn -0.7236 -0.6808 -0.1139
vn -0.5640 -0.8060 -0.1797
vn -0.5642 -0.8059 -0.1796
vn -0.5780 -0.7965 -0.1776
vn -0.5780 -0.7965 -0.1775
vn -0.5787 -0.7977 -0.1695
vn -0.5915 -0.7870 -0.1754
vn -0.5787 -0.7977 -0.1696
vn -0.5924 -0.7880 -0.1675
vn -0.6045 -0.7775 -0.1733
vn -0.6056 -0.7784 -0.1654
vn -0.6056 -0.7784 -0.1655
vn -0.6170 -0.7681 -0.1712
vn -0.6183 -0.7687 -0.1634
vn -0.6291 -0.7587 -0.1691
vn -0.6184 -0.7687 -0.1634
vn -0.6291 -0.7587 -0.1692
vn -0.6306 -0.7592 -0.1614
vn -0.6306 -0.7592 -0.1613
vn -0.6520 -0.7401 -0.1650
vn -0.6306 -0.7591 -0.1614
vn -0.6538 -0.7402 -0.1573
vn -0.6628 -0.7309 -0.1629
vn -0.6538 -0.7401 -0.1573
vn -0.6647 -0.7308 -0.1553
vn -0.6732 -0.7218 -0.1609
vn -0.6752 -0.7215 -0.1533
vn -0.6832 -0.7128 -0.1589
vn -0.6832 -0.7127 -0.1589
vn -0.6854 -0.7123 -0.1514
vn -0.6928 -0.7038 -0.1569
vn -0.6951 -0.7032 -0.1495
vn -0.7021 -0.6950 -0.1549
vn -0.7021 -0.6950 -0.1550
vn -0.7045 -0.6942 -0.1476
vn -0.7110 -0.6863 -0.1530
vn -0.7045 -0.6942 -0.1475
vn -0.7111 -0.6863 -0.1530
vn -0.7135 -0.6853 -0.1457
vn -0.7280 -0.6692 -0.1492
vn -0.7306 -0.6679 -0.1420
vn -0.7435 -0.6527 -0.1455
vn -0.7305 -0.6679 -0.1420
vn -0.7434 -0.6528 -0.1455
vn -0.7461 -0.6513 -0.1384
vn -0.7435 -0.6528 -0.1455
vn -0.7578 -0.6368 -0.1420
vn -0.7461 -0.6512 -0.1384
vn -0.7606 -0.6351 -0.1350
vn -0.7712 -0.6214 -0.1385
vn -0.7606 -0.6350 -0.1350
vn -0.5590 -0.7919 -0.2458
vn -0.5595 -0.7932 -0.2402
vn -0.5601 -0.7946 -0.2343
vn -0.5601 -0.7946 -0.2344
vn -0.5716 -0.7853 -0.2378
vn -0.5723 -0.7865 -0.2320
vn -0.5833 -0.7774 -0.2354
vn -0.5842 -0.7785 -0.2296
vn -0.5947 -0.7695 -0.2330
vn -0.5957 -0.7704 -0.2272
vn -0.5957 -0.7704 -0.2273
vn -0.6057 -0.7616 -0.2306
vn -0.6069 -0.7623 -0.2249
vn -0.6163 -0.7537 -0.2282
vn -0.6164 -0.7537 -0.2282
vn -0.6177 -0.7543 -0.2225
vn -0.6367 -0.7380 -0.2235
vn -0.6383 -0.7383 -0.2178
vn -0.6464 -0.7302 -0.2211
vn -0.6481 -0.7304 -0.2155
vn -0.6559 -0.7225 -0.2188
vn -0.6558 -0.7225 -0.2188
vn -0.6577 -0.7225 -0.2131
vn -0.6576 -0.7225 -0.2132
vn -0.6650 -0.7148 -0.2165
vn -0.6669 -0.7147 -0.2108
vn -0.6738 -0.7072 -0.2142
vn -0.6738 -0.7072 -0.2141
vn -0.6758 -0.7070 -0.2085
vn -0.6758 -0.7070 -0.2086
vn -0.6823 -0.6997 -0.2119
vn -0.6844 -0.6993 -0.2063
vn -0.6906 -0.6922 -0.2096
vn -0.6927 -0.6917 -0.2040
vn -0.7064 -0.6774 -0.2051
vn -0.7064 -0.6775 -0.2052
vn -0.7086 -0.6767 -0.1996
vn -0.7064 -0.6775 -0.2051
vn -0.7210 -0.6632 -0.2008
vn -0.7233 -0.6623 -0.1954
vn -0.7347 -0.6493 -0.1966
vn -0.7234 -0.6623 -0.1954
vn -0.7371 -0.6482 -0.1912
vn -0.7475 -0.6357 -0.1925
vn -0.7500 -0.6344 -0.1871
vn -0.7596 -0.6225 -0.1885
vn -0.7621 -0.6210 -0.1832
vn -0.7709 -0.6096 -0.1846
vn -0.7735 -0.6079 -0.1793
vn -0.7816 -0.5970 -0.1808
vn -0.7842 -0.5952 -0.1756
vn -0.7916 -0.5848 -0.1771
vn -0.7942 -0.5829 -0.1719
vn -0.7941 -0.5829 -0.1720
vn -0.5569 -0.7867 -0.2665
vn -0.5579 -0.7892 -0.2566
vn -0.5579 -0.7893 -0.2565
vn -0.5695 -0.7818 -0.2541
vn -0.5709 -0.7841 -0.2434
vn -0.5807 -0.7743 -0.2516
vn -0.5824 -0.7763 -0.2410
vn -0.5916 -0.7668 -0.2492
vn -0.5936 -0.7686 -0.2386
vn -0.6022 -0.7593 -0.2468
vn -0.6045 -0.7608 -0.2362
vn -0.6045 -0.7608 -0.2361
vn -0.6125 -0.7518 -0.2443
vn -0.6150 -0.7531 -0.2338
vn -0.6150 -0.7530 -0.2338
vn -0.6321 -0.7369 -0.2395
vn -0.6352 -0.7377 -0.2290
vn -0.6415 -0.7296 -0.2371
vn -0.6448 -0.7300 -0.2266
vn -0.6506 -0.7222 -0.2347
vn -0.6541 -0.7224 -0.2243
vn -0.6595 -0.7149 -0.2323
vn -0.6594 -0.7149 -0.2324
vn -0.6631 -0.7149 -0.2219
vn -0.6680 -0.7077 -0.2300
vn -0.6718 -0.7074 -0.2196
vn -0.6763 -0.7005 -0.2277
vn -0.6719 -0.7074 -0.2196
vn -0.6803 -0.7000 -0.2173
vn -0.6844 -0.6934 -0.2253
vn -0.6844 -0.6934 -0.2254
vn -0.6885 -0.6926 -0.2150
vn -0.6998 -0.6794 -0.2208
vn -0.6998 -0.6793 -0.2208
vn -0.7042 -0.6781 -0.2105
vn -0.7141 -0.6657 -0.2164
vn -0.7187 -0.6641 -0.2061
vn -0.7276 -0.6524 -0.2120
vn -0.7187 -0.6641 -0.2062
vn -0.7323 -0.6504 -0.2019
vn -0.7403 -0.6394 -0.2078
vn -0.7451 -0.6370 -0.1977
vn -0.7522 -0.6267 -0.2037
vn -0.7571 -0.6239 -0.1937
vn -0.7634 -0.6143 -0.1996
vn -0.7684 -0.6112 -0.1897
vn -0.7740 -0.6022 -0.1957
vn -0.7790 -0.5988 -0.1859
vn -0.7840 -0.5904 -0.1919
vn -0.7840 -0.5904 -0.1918
vn -0.7890 -0.5867 -0.1821
vn -0.7890 -0.5868 -0.1821
vn -0.5666 -0.7773 -0.2735
vn -0.5568 -0.7867 -0.2665
vn -0.5682 -0.7794 -0.2640
vn -0.5681 -0.7795 -0.2641
vn -0.5679 -0.7796 -0.2641
vn -0.5790 -0.7722 -0.2616
vn -0.5874 -0.7634 -0.2686
vn -0.5897 -0.7649 -0.2591
vn -0.5999 -0.7577 -0.2567
vn -0.5896 -0.7650 -0.2592
vn -0.5999 -0.7578 -0.2567
vn -0.6099 -0.7505 -0.2543
vn -0.6258 -0.7358 -0.2589
vn -0.6100 -0.7505 -0.2543
vn -0.6258 -0.7358 -0.2588
vn -0.6291 -0.7362 -0.2494
vn -0.6384 -0.7290 -0.2470
vn -0.6292 -0.7362 -0.2494
vn -0.6383 -0.7290 -0.2470
vn -0.6383 -0.7291 -0.2470
vn -0.6473 -0.7220 -0.2446
vn -0.6602 -0.7085 -0.2493
vn -0.6559 -0.7149 -0.2422
vn -0.6644 -0.7079 -0.2398
vn -0.6595 -0.7149 -0.2324
vn -0.6643 -0.7079 -0.2398
vn -0.6908 -0.6820 -0.2400
vn -0.6804 -0.6940 -0.2351
vn -0.6804 -0.6941 -0.2351
vn -0.6725 -0.7009 -0.2375
vn -0.6644 -0.7078 -0.2398
vn -0.6725 -0.7010 -0.2375
vn -0.7181 -0.6564 -0.2310
vn -0.7097 -0.6672 -0.2260
vn -0.6908 -0.6821 -0.2400
vn -0.6956 -0.6805 -0.2305
vn -0.6956 -0.6804 -0.2305
vn -0.6805 -0.6940 -0.2351
vn -0.7425 -0.6319 -0.2223
vn -0.7356 -0.6416 -0.2174
vn -0.7182 -0.6564 -0.2310
vn -0.7181 -0.6565 -0.2310
vn -0.7231 -0.6542 -0.2216
vn -0.7182 -0.6564 -0.2309
vn -0.7230 -0.6543 -0.2217
vn -0.7231 -0.6543 -0.2216
vn -0.7141 -0.6657 -0.2163
vn -0.7691 -0.6053 -0.2050
vn -0.7691 -0.6053 -0.2051
vn -0.7586 -0.6171 -0.2091
vn -0.7475 -0.6292 -0.2132
vn -0.7474 -0.6292 -0.2132
vn -0.7791 -0.5938 -0.2011
vn -0.7634 -0.6142 -0.1996
vn -0.8158 -0.5644 -0.1259
vn -0.8158 -0.5644 -0.1258
vn -0.8130 -0.5670 -0.1321
vn -0.8202 -0.5642 -0.0944
vn -0.8202 -0.5642 -0.0943
vn -0.8173 -0.5672 -0.1016
vn -0.8144 -0.5700 -0.1087
vn -0.8066 -0.5818 -0.1042
vn -0.8066 -0.5818 -0.1043
vn -0.8037 -0.5845 -0.1115
vn -0.8037 -0.5845 -0.1114
vn -0.7950 -0.5971 -0.1070
vn -0.7921 -0.5996 -0.1143
vn -0.7825 -0.6128 -0.1098
vn -0.7825 -0.6129 -0.1098
vn -0.7796 -0.6151 -0.1173
vn -0.7690 -0.6292 -0.1127
vn -0.7796 -0.6152 -0.1173
vn -0.8320 -0.5511 -0.0633
vn -0.8354 -0.5449 -0.0723
vn -0.8320 -0.5511 -0.0632
vn -0.8291 -0.5546 -0.0713
vn -0.8291 -0.5546 -0.0714
vn -0.8261 -0.5579 -0.0792
vn -0.8184 -0.5699 -0.0733
vn -0.8154 -0.5731 -0.0814
vn -0.8068 -0.5859 -0.0754
vn -0.8039 -0.5889 -0.0836
vn -0.7943 -0.6026 -0.0775
vn -0.7913 -0.6054 -0.0860
vn -0.7913 -0.6053 -0.0860
vn -0.7806 -0.6199 -0.0798
vn -0.7777 -0.6225 -0.0884
vn -0.7777 -0.6224 -0.0884
vn -0.7657 -0.6380 -0.0821
vn -0.7776 -0.6225 -0.0884
vn -0.7628 -0.6402 -0.0909
vn -0.7494 -0.6567 -0.0845
vn -0.7466 -0.6586 -0.0935
vn -0.7467 -0.6586 -0.0935
vn -0.7314 -0.6763 -0.0870
vn -0.7288 -0.6779 -0.0963
vn -0.7218 -0.6864 -0.0883
vn -0.7193 -0.6878 -0.0976
vn -0.8498 -0.5271 -0.0098
vn -0.8442 -0.5346 -0.0388
vn -0.8498 -0.5270 -0.0098
vn -0.8468 -0.5315 -0.0194
vn -0.8439 -0.5357 -0.0286
vn -0.8469 -0.5315 -0.0193
vn -0.8364 -0.5478 -0.0199
vn -0.8334 -0.5519 -0.0295
vn -0.8249 -0.5649 -0.0205
vn -0.8249 -0.5650 -0.0206
vn -0.8219 -0.5689 -0.0304
vn -0.8249 -0.5650 -0.0205
vn -0.8123 -0.5829 -0.0212
vn -0.8122 -0.5829 -0.0212
vn -0.8093 -0.5866 -0.0313
vn -0.7984 -0.6017 -0.0219
vn -0.7984 -0.6018 -0.0219
vn -0.7954 -0.6052 -0.0323
vn -0.7831 -0.6215 -0.0226
vn -0.7802 -0.6246 -0.0334
vn -0.7802 -0.6246 -0.0333
vn -0.7663 -0.6421 -0.0233
vn -0.7635 -0.6449 -0.0344
vn -0.7663 -0.6421 -0.0234
vn -0.7475 -0.6639 -0.0242
vn -0.7474 -0.6639 -0.0242
vn -0.7448 -0.6664 -0.0356
vn -0.7448 -0.6663 -0.0356
vn -0.7475 -0.6639 -0.0241
vn -0.7373 -0.6751 -0.0246
vn -0.7373 -0.6751 -0.0245
vn -0.7347 -0.6774 -0.0362
vn -0.7347 -0.6774 -0.0361
vn -0.7266 -0.6866 -0.0250
vn -0.7242 -0.6886 -0.0368
vn -0.7154 -0.6982 -0.0254
vn -0.7131 -0.7001 -0.0374
vn -0.7036 -0.7101 -0.0258
vn -0.7014 -0.7117 -0.0380
vn -0.6912 -0.7222 -0.0263
vn -0.6892 -0.7236 -0.0386
vn -0.6781 -0.7345 -0.0267
vn -0.6763 -0.7356 -0.0393
vn -0.6763 -0.7356 -0.0392
vn -0.6500 -0.7595 -0.0276
vn -0.6499 -0.7595 -0.0276
vn -0.7629 -0.6466 -0.0000
vn -0.8152 -0.5790 -0.0108
vn -0.8153 -0.5790 -0.0108
vn -0.8279 -0.5609 -0.0104
vn -0.8278 -0.5609 -0.0104
vn -0.8393 -0.5435 -0.0101
vn -0.8279 -0.5608 -0.0104
vn -0.8468 -0.5315 -0.0193
vn -0.7296 -0.6838 -0.0000
vn -0.7399 -0.6726 -0.0125
vn -0.7628 -0.6466 -0.0000
vn -0.7501 -0.6612 -0.0123
vn -0.7691 -0.6391 -0.0119
vn -0.7691 -0.6390 -0.0119
vn -0.6903 -0.7235 -0.0000
vn -0.7058 -0.7083 -0.0132
vn -0.7177 -0.6962 -0.0129
vn -0.7291 -0.6843 -0.0127
vn -0.6438 -0.7652 -0.0000
vn -0.6799 -0.7332 -0.0136
vn -0.6932 -0.7206 -0.0134
vn -0.6932 -0.7207 -0.0134
vn -0.7057 -0.7083 -0.0132
vn -0.7036 -0.7101 -0.0259
vn -0.7154 -0.6983 -0.0254
vn -0.6358 -0.7717 -0.0143
vn -0.6512 -0.7588 -0.0141
vn -0.6512 -0.7587 -0.0141
vn -0.6357 -0.7718 -0.0143
vn -0.8350 -0.5475 -0.0549
vn -0.8380 -0.5437 -0.0464
vn -0.8410 -0.5398 -0.0376
vn -0.8409 -0.5398 -0.0376
vn -0.8304 -0.5558 -0.0387
vn -0.5837 -0.8079 -0.0811
vn -0.5999 -0.7961 -0.0799
vn -0.6144 -0.7839 -0.0900
vn -0.6153 -0.7843 -0.0787
vn -0.6301 -0.7726 -0.0775
vn -0.6301 -0.7726 -0.0776
vn -0.6428 -0.7610 -0.0874
vn -0.6443 -0.7610 -0.0764
vn -0.6707 -0.7380 -0.0741
vn -0.6830 -0.7268 -0.0730
vn -0.6925 -0.7167 -0.0823
vn -0.8232 -0.5611 -0.0869
vn -0.8231 -0.5611 -0.0869
vn -0.8125 -0.5761 -0.0892
vn -0.8125 -0.5762 -0.0892
vn -0.8009 -0.5917 -0.0916
vn -0.8009 -0.5918 -0.0916
vn -0.7913 -0.6053 -0.0859
vn -0.7884 -0.6080 -0.0941
vn -0.7883 -0.6080 -0.0942
vn -0.7747 -0.6248 -0.0968
vn -0.7747 -0.6248 -0.0967
vn -0.7600 -0.6423 -0.0995
vn -0.7439 -0.6604 -0.1023
vn -0.7288 -0.6779 -0.0962
vn -0.5818 -0.8037 -0.1245
vn -0.5959 -0.7920 -0.1325
vn -0.5968 -0.7929 -0.1228
vn -0.6112 -0.7822 -0.1211
vn -0.6250 -0.7714 -0.1195
vn -0.6250 -0.7714 -0.1194
vn -0.6382 -0.7608 -0.1178
vn -0.6631 -0.7397 -0.1145
vn -0.6727 -0.7298 -0.1221
vn -0.6748 -0.7294 -0.1129
vn -0.6748 -0.7293 -0.1129
vn -0.6837 -0.7197 -0.1204
vn -0.6859 -0.7191 -0.1114
vn -0.6859 -0.7191 -0.1113
vn -0.6944 -0.7098 -0.1187
vn -0.6860 -0.7191 -0.1113
vn -0.6967 -0.7090 -0.1098
vn -0.6966 -0.7090 -0.1098
vn -0.7069 -0.6990 -0.1082
vn -0.7142 -0.6903 -0.1154
vn -0.8215 -0.5589 -0.1128
vn -0.8243 -0.5561 -0.1060
vn -0.8244 -0.5561 -0.1060
vn -0.8215 -0.5590 -0.1128
vn -0.8115 -0.5728 -0.1156
vn -0.8187 -0.5617 -0.1194
vn -0.8087 -0.5754 -0.1223
vn -0.8058 -0.5779 -0.1288
vn -0.5794 -0.7990 -0.1613
vn -0.5794 -0.7990 -0.1612
vn -0.5933 -0.7891 -0.1592
vn -0.6067 -0.7792 -0.1572
vn -0.6067 -0.7792 -0.1573
vn -0.6068 -0.7792 -0.1572
vn -0.6197 -0.7694 -0.1553
vn -0.6197 -0.7694 -0.1552
vn -0.6321 -0.7596 -0.1533
vn -0.6556 -0.7402 -0.1494
vn -0.6667 -0.7306 -0.1474
vn -0.6752 -0.7215 -0.1534
vn -0.6773 -0.7211 -0.1455
vn -0.6876 -0.7118 -0.1436
vn -0.6974 -0.7025 -0.1418
vn -0.7069 -0.6933 -0.1399
vn -0.7135 -0.6853 -0.1456
vn -0.7160 -0.6843 -0.1381
vn -0.7332 -0.6666 -0.1345
vn -0.7488 -0.6497 -0.1311
vn -0.5631 -0.8031 -0.1949
vn -0.5626 -0.8016 -0.2021
vn -0.6358 -0.7718 -0.0144
vn -0.6358 -0.7718 -0.0143
vn -0.6513 -0.7587 -0.0141
vn -0.6912 -0.7222 -0.0262
vn -0.7399 -0.6727 -0.0125
vn -0.7177 -0.6962 -0.0130
vn -0.7860 -0.6181 -0.0115
vn -0.8013 -0.5981 -0.0111
vn -0.8152 -0.5791 -0.0108
vn -0.8152 -0.5790 -0.0107
vn -0.6005 -0.7967 -0.0680
vn -0.6163 -0.7847 -0.0669
vn -0.6163 -0.7847 -0.0670
vn -0.6325 -0.7726 -0.0539
vn -0.6314 -0.7727 -0.0659
vn -0.6313 -0.7727 -0.0660
vn -0.6458 -0.7608 -0.0649
vn -0.6457 -0.7608 -0.0649
vn -0.6314 -0.7727 -0.0660
vn -0.6871 -0.7248 -0.0505
vn -0.6892 -0.7235 -0.0386
vn -0.6992 -0.7132 -0.0497
vn -0.6970 -0.7145 -0.0610
vn -0.7107 -0.7018 -0.0489
vn -0.7084 -0.7033 -0.0600
vn -0.7060 -0.7046 -0.0707
vn -0.7060 -0.7047 -0.0707
vn -0.7217 -0.6905 -0.0481
vn -0.7192 -0.6923 -0.0591
vn -0.7167 -0.6938 -0.0696
vn -0.7167 -0.6939 -0.0696
vn -0.7143 -0.6953 -0.0798
vn -0.7321 -0.6795 -0.0474
vn -0.7322 -0.6795 -0.0474
vn -0.7296 -0.6814 -0.0582
vn -0.7270 -0.6832 -0.0686
vn -0.7244 -0.6849 -0.0786
vn -0.7167 -0.6939 -0.0697
vn -0.7348 -0.6774 -0.0362
vn -0.7421 -0.6687 -0.0466
vn -0.7394 -0.6708 -0.0572
vn -0.7394 -0.6708 -0.0573
vn -0.7368 -0.6728 -0.0675
vn -0.7341 -0.6746 -0.0775
vn -0.7341 -0.6746 -0.0774
vn -0.7606 -0.6476 -0.0451
vn -0.7578 -0.6501 -0.0555
vn -0.7550 -0.6524 -0.0655
vn -0.7522 -0.6546 -0.0752
vn -0.7522 -0.6546 -0.0751
vn -0.7773 -0.6276 -0.0438
vn -0.7773 -0.6276 -0.0437
vn -0.7744 -0.6304 -0.0538
vn -0.7715 -0.6331 -0.0635
vn -0.7686 -0.6356 -0.0730
vn -0.7924 -0.6085 -0.0424
vn -0.7895 -0.6116 -0.0522
vn -0.7865 -0.6145 -0.0617
vn -0.7835 -0.6173 -0.0708
vn -0.7835 -0.6173 -0.0709
vn -0.7806 -0.6200 -0.0798
vn -0.7686 -0.6356 -0.0729
vn -0.8063 -0.5901 -0.0411
vn -0.8062 -0.5901 -0.0411
vn -0.8032 -0.5935 -0.0507
vn -0.7894 -0.6116 -0.0522
vn -0.8002 -0.5967 -0.0599
vn -0.7972 -0.5997 -0.0688
vn -0.7973 -0.5997 -0.0688
vn -0.8092 -0.5866 -0.0313
vn -0.8189 -0.5726 -0.0399
vn -0.8188 -0.5726 -0.0399
vn -0.8159 -0.5762 -0.0492
vn -0.8128 -0.5796 -0.0582
vn -0.8129 -0.5796 -0.0582
vn -0.8003 -0.5967 -0.0599
vn -0.8098 -0.5828 -0.0669
vn -0.8274 -0.5596 -0.0478
vn -0.8380 -0.5438 -0.0464
vn -0.6021 -0.7979 -0.0290
vn -0.6020 -0.7979 -0.0290
vn -0.6024 -0.7981 -0.0149
vn -0.5829 -0.8059 -0.1037
vn -0.5976 -0.7938 -0.1127
vn -0.6123 -0.7828 -0.1112
vn -0.6122 -0.7828 -0.1112
vn -0.6263 -0.7718 -0.1096
vn -0.6250 -0.7715 -0.1195
vn -0.6398 -0.7609 -0.1081
vn -0.6397 -0.7610 -0.1081
vn -0.6650 -0.7394 -0.1050
vn -0.6650 -0.7395 -0.1050
vn -0.6631 -0.7397 -0.1146
vn -0.6768 -0.7288 -0.1035
vn -0.6747 -0.7294 -0.1129
vn -0.6881 -0.7184 -0.1020
vn -0.6990 -0.7080 -0.1005
vn -0.8214 -0.5666 -0.0650
vn -0.8244 -0.5632 -0.0565
vn -0.8158 -0.5762 -0.0492
vn -0.8214 -0.5666 -0.0651
vn -0.8350 -0.5475 -0.0550
vn -0.5807 -0.8014 -0.1436
vn -0.5942 -0.7901 -0.1506
vn -0.5942 -0.7901 -0.1507
vn -0.6079 -0.7800 -0.1487
vn -0.6078 -0.7800 -0.1487
vn -0.6090 -0.7807 -0.1399
vn -0.6210 -0.7699 -0.1468
vn -0.6210 -0.7700 -0.1468
vn -0.6196 -0.7694 -0.1553
vn -0.6336 -0.7599 -0.1449
vn -0.6336 -0.7600 -0.1449
vn -0.6575 -0.7402 -0.1411
vn -0.6574 -0.7402 -0.1411
vn -0.6337 -0.7599 -0.1449
vn -0.6687 -0.7304 -0.1393
vn -0.6686 -0.7304 -0.1393
vn -0.6575 -0.7401 -0.1411
vn -0.6794 -0.7207 -0.1374
vn -0.6795 -0.7207 -0.1374
vn -0.6898 -0.7112 -0.1356
vn -0.6876 -0.7117 -0.1436
vn -0.6998 -0.7017 -0.1338
vn -0.7093 -0.6924 -0.1320
vn -0.7185 -0.6832 -0.1303
vn -0.7358 -0.6652 -0.1268
vn -0.7690 -0.6293 -0.1127
vn -0.7571 -0.6443 -0.1078
vn -0.7571 -0.6443 -0.1077
vn -0.7719 -0.6271 -0.1049
vn -0.7718 -0.6271 -0.1049
vn -0.7719 -0.6271 -0.1048
vn -0.7854 -0.6105 -0.1021
vn -0.7950 -0.5971 -0.1069
vn -0.7980 -0.5945 -0.0994
vn -0.7979 -0.5945 -0.0994
vn -0.7884 -0.6080 -0.0942
vn -0.8095 -0.5790 -0.0968
vn -0.8095 -0.5791 -0.0968
vn -0.7544 -0.6462 -0.1157
vn -0.5773 -0.7952 -0.1853
vn -0.5636 -0.8045 -0.1874
vn -0.5766 -0.7940 -0.1927
vn -0.5759 -0.7927 -0.1998
vn -0.5906 -0.7859 -0.1831
vn -0.5905 -0.7860 -0.1831
vn -0.5897 -0.7849 -0.1905
vn -0.5887 -0.7838 -0.1976
vn -0.6034 -0.7767 -0.1809
vn -0.6033 -0.7767 -0.1809
vn -0.5915 -0.7870 -0.1755
vn -0.6022 -0.7758 -0.1883
vn -0.6011 -0.7749 -0.1953
vn -0.6011 -0.7749 -0.1954
vn -0.5897 -0.7849 -0.1904
vn -0.6157 -0.7674 -0.1788
vn -0.6045 -0.7775 -0.1734
vn -0.6034 -0.7766 -0.1809
vn -0.6144 -0.7667 -0.1861
vn -0.6034 -0.7767 -0.1810
vn -0.6023 -0.7758 -0.1883
vn -0.6131 -0.7660 -0.1931
vn -0.6119 -0.7653 -0.1999
vn -0.6276 -0.7582 -0.1766
vn -0.6170 -0.7681 -0.1713
vn -0.6261 -0.7577 -0.1839
vn -0.6262 -0.7577 -0.1839
vn -0.6247 -0.7572 -0.1909
vn -0.6232 -0.7566 -0.1976
vn -0.6502 -0.7400 -0.1724
vn -0.6484 -0.7398 -0.1795
vn -0.6484 -0.7398 -0.1796
vn -0.6276 -0.7582 -0.1767
vn -0.6467 -0.7396 -0.1865
vn -0.6608 -0.7310 -0.1703
vn -0.6609 -0.7309 -0.1703
vn -0.6608 -0.7309 -0.1703
vn -0.6589 -0.7310 -0.1774
vn -0.6590 -0.7310 -0.1774
vn -0.6571 -0.7310 -0.1843
vn -0.6553 -0.7309 -0.1909
vn -0.6711 -0.7220 -0.1682
vn -0.6691 -0.7222 -0.1753
vn -0.6671 -0.7223 -0.1821
vn -0.6571 -0.7309 -0.1843
vn -0.6810 -0.7131 -0.1661
vn -0.6810 -0.7132 -0.1661
vn -0.6789 -0.7135 -0.1732
vn -0.6768 -0.7138 -0.1799
vn -0.6768 -0.7138 -0.1800
vn -0.6691 -0.7222 -0.1752
vn -0.6906 -0.7044 -0.1641
vn -0.6884 -0.7049 -0.1711
vn -0.6862 -0.7054 -0.1778
vn -0.6862 -0.7053 -0.1778
vn -0.6929 -0.7038 -0.1569
vn -0.6998 -0.6957 -0.1621
vn -0.6975 -0.6964 -0.1690
vn -0.6952 -0.6970 -0.1757
vn -0.6930 -0.6976 -0.1822
vn -0.7087 -0.6871 -0.1601
vn -0.7087 -0.6872 -0.1601
vn -0.7063 -0.6880 -0.1669
vn -0.7063 -0.6880 -0.1670
vn -0.7039 -0.6887 -0.1736
vn -0.7254 -0.6703 -0.1562
vn -0.7229 -0.6714 -0.1629
vn -0.7229 -0.6714 -0.1630
vn -0.7063 -0.6879 -0.1670
vn -0.7205 -0.6725 -0.1695
vn -0.7408 -0.6542 -0.1524
vn -0.7382 -0.6555 -0.1591
vn -0.7254 -0.6703 -0.1561
vn -0.7356 -0.6568 -0.1656
vn -0.7204 -0.6725 -0.1696
vn -0.7551 -0.6385 -0.1487
vn -0.7551 -0.6385 -0.1488
vn -0.7524 -0.6401 -0.1553
vn -0.7498 -0.6416 -0.1617
vn -0.7684 -0.6232 -0.1452
vn -0.7684 -0.6233 -0.1452
vn -0.7657 -0.6251 -0.1517
vn -0.7525 -0.6401 -0.1553
vn -0.7630 -0.6268 -0.1580
vn -0.7808 -0.6085 -0.1417
vn -0.7808 -0.6085 -0.1418
vn -0.7780 -0.6105 -0.1481
vn -0.7780 -0.6105 -0.1482
vn -0.7753 -0.6124 -0.1544
vn -0.7603 -0.6284 -0.1642
vn -0.8058 -0.5780 -0.1288
vn -0.7980 -0.5896 -0.1253
vn -0.7979 -0.5896 -0.1253
vn -0.8059 -0.5779 -0.1288
vn -0.8008 -0.5871 -0.1185
vn -0.7893 -0.6019 -0.1215
vn -0.8186 -0.5617 -0.1194
vn -0.7840 -0.6006 -0.1569
vn -0.7841 -0.6005 -0.1568
vn -0.7868 -0.5985 -0.1509
vn -0.7895 -0.5964 -0.1447
vn -0.7975 -0.5850 -0.1475
vn -0.8002 -0.5828 -0.1414
vn -0.8002 -0.5828 -0.1415
vn -0.5842 -0.7784 -0.2296
vn -0.6205 -0.7555 -0.2105
vn -0.6482 -0.7304 -0.2154
vn -0.6517 -0.7307 -0.2036
vn -0.6708 -0.7145 -0.1990
vn -0.6799 -0.7064 -0.1968
vn -0.7673 -0.6177 -0.1721
vn -0.5896 -0.7650 -0.2591
vn -0.6124 -0.7518 -0.2443
vn -0.6099 -0.7506 -0.2543
vn -0.6100 -0.7505 -0.2542
vn -0.6764 -0.7005 -0.2276
vn -0.6764 -0.7005 -0.2277
vn -0.7231 -0.6543 -0.2217
vn -0.7890 -0.5868 -0.1822
vn -0.7186 -0.6641 -0.2062
vn -0.6541 -0.7224 -0.2242
vn -0.6057 -0.7615 -0.2306
vn -0.5936 -0.7686 -0.2385
vn -0.7921 -0.5995 -0.1143
vn -0.7892 -0.6019 -0.1215
vn -0.7069 -0.6990 -0.1083
vn -0.6990 -0.7080 -0.1006
vn -0.6726 -0.7374 -0.0629
vn -0.6830 -0.7268 -0.0729
vt 0.500000 0.392699
vt 0.300000 0.392699
vt 0.500000 0.314159
vt 0.300000 0.314159
vt 0.300000 0.235619
vt 0.500000 0.235619
vt 0.300000 0.157080
vt 0.500000 0.157080
vt 0.300000 0.078540
vt 0.500000 0.078540
vt 0.300000 -0.000000
vt 0.500000 -0.000000
vt 0.300000 -0.078540
vt 0.500000 -0.078540
vt 0.300000 -0.157080
vt 0.500000 -0.157080
vt 0.300000 -0.235619
vt 0.500000 -0.235619
vt 0.300000 -0.314159
vt 0.500000 -0.314159
vt 0.500000 -0.392699
vt 0.300000 -0.392699
vt -3.421730 0.300000
vt -0.500000 0.300000
vt -3.421730 0.500000
vt -0.500000 0.500000
vt -0.500000 -0.392699
vt -0.300000 -0.392699
vt -0.500000 -0.314159
vt -0.300000 -0.314159
vt -0.300000 -0.235619
vt -0.500000 -0.235619
vt -0.300000 -0.157080
vt -0.500000 -0.157080
vt -0.300000 -0.078540
vt -0.500000 -0.078540
vt -0.300000 -0.000000
vt -0.500000 -0.000000
vt -0.300000 0.078540
vt -0.500000 0.078540
vt -0.300000 0.157080
vt -0.500000 0.157080
vt -0.300000 0.235619
vt -0.500000 0.235619
vt -0.300000 0.314159
vt -0.500000 0.314159
vt -0.500000 0.392699
vt -0.300000 0.392699
vt -0.984056 0.300000
vt -0.984056 0.500000
vt -1.539082 0.735872
vt -1.615374 0.717556
vt -1.460865 0.742028
vt -1.687860 0.687531
vt -1.754758 0.646536
vt -1.814418 0.595581
vt -1.865374 0.535921
vt -1.906368 0.469023
vt -1.936393 0.396536
vt -1.954709 0.320245
vt -1.960865 0.242028
vt -1.960865 -0.242028
vt 1.960865 -0.242028
vt 1.960865 0.242028
vt 1.460865 0.742028
vt 1.954709 0.320245
vt 1.936393 0.396536
vt -1.954709 -0.320245
vt -1.460865 -0.742028
vt 1.460865 -0.742028
vt 1.954709 -0.320245
vt 1.936393 -0.396536
vt 1.906368 -0.469023
vt 1.865374 -0.535921
vt 1.814418 -0.595581
vt 1.754758 -0.646536
vt 1.687860 -0.687531
vt 1.615374 -0.717556
vt 1.539082 -0.735872
vt -1.936393 -0.396536
vt -1.906368 -0.469023
vt -1.865374 -0.535921
vt -1.814418 -0.595581
vt -1.754758 -0.646536
vt -1.687860 -0.687531
vt -1.615374 -0.717556
vt -1.539082 -0.735872
vt 1.906368 0.469023
vt 1.865374 0.535921
vt 1.814418 0.595581
vt 1.754758 0.646536
vt 1.687860 0.687531
vt 1.615374 0.717556
vt 1.539082 0.735872
vt 0.300000 6.111043
vt 1.000000 6.111043
vt 0.300000 6.283185
vt 1.000000 6.283185
vt 0.300000 -6.283185
vt 1.000000 -6.283185
vt 0.300000 -6.111043
vt 1.000000 -6.111043
vt 0.300000 -5.938901
vt 1.000000 -5.938901
vt 0.300000 -5.766759
vt 1.000000 -5.766759
vt 0.300000 -5.594617
vt 1.000000 -5.594617
vt 0.300000 -5.422475
vt 1.000000 -5.422475
vt 0.300000 -5.250333
vt 1.000000 -5.250333
vt 0.300000 -5.078191
vt 1.000000 -5.078191
vt 0.300000 -4.906049
vt 1.000000 -4.906049
vt 0.300000 -4.733907
vt 1.000000 -4.733907
vt 0.300000 -4.561765
vt 1.000000 -4.561765
vt 0.300000 -4.389623
vt 1.000000 -4.389623
vt 0.300000 -4.217481
vt 1.000000 -4.217481
vt 0.300000 -4.045338
vt 1.000000 -4.045338
vt 0.300000 -3.873196
vt 1.000000 -3.873196
vt 0.300000 -3.701054
vt 1.000000 -3.701054
vt 0.300000 -3.528912
vt 1.000000 -3.528912
vt 0.300000 -3.356770
vt 1.000000 -3.356770
vt 0.300000 -3.184628
vt 1.000000 -3.184628
vt 0.300000 -3.012486
vt 1.000000 -3.012486
vt 0.300000 -2.840344
vt 1.000000 -2.840344
vt 0.300000 -2.668202
vt 1.000000 -2.668202
vt 0.300000 -2.496060
vt 1.000000 -2.496060
vt 0.300000 -2.323918
vt 1.000000 -2.323918
vt 0.300000 -2.151776
vt 1.000000 -2.151776
vt 0.300000 -1.979634
vt 1.000000 -1.979634
vt 0.300000 -1.807492
vt 1.000000 -1.807492
vt 0.300000 -1.635350
vt 1.000000 -1.635350
vt 0.300000 -1.463208
vt 1.000000 -1.463208
vt 0.300000 -1.291065
vt 1.000000 -1.291065
vt 0.300000 -1.118923
vt 1.000000 -1.118923
vt 0.300000 -0.946781
vt 1.000000 -0.946781
vt 0.300000 -0.774639
vt 1.000000 -0.774639
vt 0.300000 -0.602497
vt 1.000000 -0.602497
vt 0.300000 -0.430355
vt 1.000000 -0.430355
vt 0.300000 -0.258213
vt 1.000000 -0.258213
vt 0.300000 -0.086071
vt 1.000000 -0.086071
vt 0.300000 0.086071
vt 1.000000 0.086071
vt 0.300000 0.258213
vt 1.000000 0.258213
vt 0.300000 0.430355
vt 1.000000 0.430355
vt 0.300000 0.602497
vt 1.000000 0.602497
vt 0.300000 0.774639
vt 1.000000 0.774639
vt 0.300000 0.946781
vt 1.000000 0.946781
vt 0.300000 1.118923
vt 1.000000 1.118923
vt 0.300000 1.291065
vt 1.000000 1.291065
vt 0.300000 1.463208
vt 1.000000 1.463208
vt 0.300000 1.635350
vt 1.000000 1.635350
vt 0.300000 1.807492
vt 1.000000 1.807492
vt 0.300000 1.979634
vt 1.000000 1.979634
vt 0.300000 2.151776
vt 1.000000 2.151776
vt 0.300000 2.323918
vt 1.000000 2.323918
vt 0.300000 2.496060
vt 1.000000 2.496060
vt 0.300000 2.668202
vt 1.000000 2.668202
vt 0.300000 2.840344
vt 1.000000 2.840344
vt 0.300000 3.012486
vt 1.000000 3.012486
vt 0.300000 3.184628
vt 1.000000 3.184628
vt 0.300000 3.356770
vt 1.000000 3.356770
vt 0.300000 3.528912
vt 1.000000 3.528912
vt 0.300000 3.701054
vt 1.000000 3.701054
vt 0.300000 3.873196
vt 1.000000 3.873196
vt 0.300000 4.045338
vt 1.000000 4.045338
vt 0.300000 4.217481
vt 1.000000 4.217481
vt 0.300000 4.389623
vt 1.000000 4.389623
vt 0.300000 4.561765
vt 1.000000 4.561765
vt 0.300000 4.733907
vt 1.000000 4.733907
vt 0.300000 4.906049
vt 1.000000 4.906049
vt 0.300000 5.078191
vt 1.000000 5.078191
vt 0.300000 5.250333
vt 1.000000 5.250333
vt 0.300000 5.422475
vt 1.000000 5.422475
vt 0.300000 5.594617
vt 1.000000 5.594617
vt 0.300000 5.766759
vt 1.000000 5.766759
vt 0.300000 5.938901
vt 1.000000 5.938901
vt -1.992596 -0.171930
vt 1.998148 -0.086044
vt -2.000000 -0.000000
vt 1.998148 0.086044
vt -1.992596 0.171930
vt -1.970440 0.342586
vt -1.933696 0.510707
vt -1.882635 0.675046
vt -1.817635 0.834387
vt -1.739179 0.987551
vt -1.647846 1.133404
vt -1.544313 1.270865
vt -1.429347 1.398917
vt -1.303798 1.516612
vt -1.168596 1.623078
vt -1.024743 1.717528
vt -0.873302 1.799262
vt -0.715396 1.867674
vt -0.552194 1.922260
vt -0.384903 1.962613
vt -0.214763 1.988436
vt -0.043032 1.999537
vt 0.129017 1.995834
vt 0.300111 1.977355
vt 0.468983 1.944236
vt 0.634383 1.896723
vt 0.795086 1.835167
vt 0.949902 1.760024
vt 1.097686 1.671851
vt 1.237343 1.571300
vt 1.367839 1.459115
vt 1.488208 1.336128
vt 1.597559 1.203248
vt 1.695082 1.061460
vt 1.780055 0.911813
vt 1.851850 0.755416
vt 1.909934 0.593426
vt 1.983355 0.257496
vt 1.953877 0.427042
vt 1.983355 -0.257496
vt -1.970440 -0.342586
vt 1.953877 -0.427042
vt -1.933696 -0.510707
vt 1.909934 -0.593426
vt -1.882635 -0.675046
vt 1.851850 -0.755416
vt -1.817635 -0.834387
vt 1.780055 -0.911813
vt -1.739179 -0.987551
vt 1.695082 -1.061460
vt -1.647846 -1.133404
vt 1.597559 -1.203248
vt -1.544313 -1.270865
vt 1.488208 -1.336128
vt -1.429347 -1.398917
vt 1.367839 -1.459115
vt -1.303798 -1.516612
vt 1.237343 -1.571300
vt -1.168596 -1.623078
vt 1.097686 -1.671851
vt -1.024743 -1.717528
vt 0.949902 -1.760024
vt -0.873302 -1.799262
vt 0.795086 -1.835167
vt -0.715396 -1.867674
vt 0.634383 -1.896723
vt -0.552194 -1.922260
vt 0.468983 -1.944236
vt -0.384903 -1.962613
vt 0.300111 -1.977355
vt -0.214763 -1.988436
vt 0.129017 -1.995834
vt -0.043032 -1.999537
vt -0.000001 0.948596
vt -0.000001 1.493006
vt -0.093906 1.299533
vt -0.120554 1.656222
vt -0.187811 1.299533
vt -0.238449 1.816292
vt -0.281717 1.299533
vt -0.281717 1.816216
vt -0.375622 1.816050
vt -0.354201 1.972073
vt -0.468288 2.122428
vt -0.581162 2.266222
vt -0.563434 1.815720
vt -0.469528 1.815885
vt -0.375622 1.299533
vt -0.281717 0.912164
vt -0.187811 0.912164
vt -0.187811 0.524795
vt -0.093906 0.524795
vt -0.093906 0.137426
vt -0.000000 0.404186
vt -0.000000 0.131981
vt -0.093906 -0.249943
vt -0.000003 -0.140223
vt -0.000014 -0.412427
vt -0.093906 -0.467288
vt -0.000004 -0.684632
vt -0.104523 -0.601224
vt -0.187811 -0.467288
vt -0.208619 -0.518607
vt -0.187811 -0.249943
vt -0.281717 -0.249943
vt -0.281717 0.137426
vt -0.375622 0.137426
vt -0.375622 0.524795
vt -0.469528 0.524795
vt -0.469528 0.912164
vt -0.563434 0.912164
vt -0.563434 1.299533
vt -0.657339 1.299533
vt -0.657339 1.815555
vt -0.751245 1.815389
vt -0.751245 2.321340
vt -0.821674 2.321340
vt -0.804920 2.529508
vt -0.860483 2.589173
vt -0.693268 2.402332
vt -0.657339 2.321340
vt -0.469528 1.299533
vt -0.375622 0.912164
vt -0.281717 0.524795
vt -0.187811 0.137426
vt -0.892103 2.321340
vt -0.915911 2.646038
vt -0.962533 2.321340
vt -0.971256 2.699997
vt -1.032962 2.321340
vt -1.026571 2.750944
vt -1.081906 2.798770
vt -1.103391 2.321340
vt -1.137313 2.843372
vt -1.173820 2.321340
vt -1.173820 2.829274
vt -1.244249 2.829274
vt -1.192840 2.884644
vt -1.248710 2.922595
vt -1.314679 2.829274
vt -1.305849 2.957590
vt -1.364400 2.989350
vt -1.385108 2.829274
vt -1.424400 3.017503
vt -1.455537 2.829274
vt -1.485904 3.041677
vt -1.525966 2.829274
vt -1.548987 3.061498
vt -1.596395 2.829274
vt -1.613330 3.076505
vt -1.666825 2.829274
vt -1.678636 3.086349
vt -1.737254 2.829274
vt -1.744876 3.090819
vt -1.807683 2.829274
vt -1.811385 3.089774
vt -1.878112 3.083241
vt -1.878112 2.697836
vt -1.807683 2.321340
vt -1.737254 2.321340
vt -1.737254 1.813654
vt -1.666825 1.813778
vt -1.666825 1.299533
vt -1.596395 1.299533
vt -1.596395 0.912164
vt -1.525966 0.912164
vt -1.525966 0.524795
vt -1.455537 0.524795
vt -1.455537 0.137426
vt -1.406577 0.074822
vt -1.473014 0.075290
vt -1.525966 0.137426
vt -1.540234 0.071872
vt -1.596395 0.137426
vt -1.607435 0.064646
vt -1.666825 0.137426
vt -1.674714 0.053728
vt -1.737254 0.137426
vt -1.742184 0.039234
vt -1.807683 0.137426
vt -1.809950 0.021284
vt -1.878112 0.000000
vt -1.878112 0.385405
vt -1.807683 0.524795
vt -1.878112 0.770810
vt -1.807683 0.912164
vt -1.878112 1.156215
vt -1.807683 1.299533
vt -1.878112 1.541620
vt -1.807683 1.813530
vt -1.878112 1.927026
vt -1.878112 2.312431
vt -1.385108 0.137426
vt -1.341260 0.070561
vt -1.314679 0.137426
vt -1.276921 0.062641
vt -1.244249 0.137426
vt -1.213430 0.051193
vt -1.173820 0.137426
vt -1.150664 0.036347
vt -1.103391 0.137426
vt -1.088663 0.018286
vt -1.032962 0.137426
vt -0.968190 -0.026174
vt -0.962533 0.137426
vt -0.892103 0.137426
vt -0.962533 0.524795
vt -0.892103 0.524795
vt -0.962533 0.912164
vt -0.892103 0.912164
vt -0.962533 1.299533
vt -0.892103 1.299533
vt -0.962533 1.815018
vt -0.892103 1.815141
vt -0.851931 -0.080149
vt -0.821674 0.137426
vt -0.821674 0.524795
vt -0.821674 0.912164
vt -0.821674 1.299533
vt -0.821674 1.815265
vt -0.739354 -0.141800
vt -0.751245 0.137426
vt -0.751245 0.524795
vt -0.751245 0.912164
vt -0.751245 1.299533
vt -0.657339 0.137426
vt -0.629685 -0.209632
vt -0.563434 0.137426
vt -0.563434 -0.249943
vt -0.522226 -0.282374
vt -0.416646 -0.358702
vt -0.469528 -0.249943
vt -0.469528 0.137426
vt -0.563434 0.524795
vt -0.657339 0.524795
vt -0.657339 0.912164
vt -0.312520 -0.437531
vt -0.375622 -0.249943
vt -0.000000 0.676391
vt -0.093906 0.912164
vt -1.737254 1.299533
vt -1.666825 0.912164
vt -1.596395 0.524795
vt -1.737254 0.912164
vt -1.737254 0.524795
vt -1.525966 1.299533
vt -1.596395 1.813902
vt -1.525966 1.814026
vt -1.596395 2.321340
vt -1.525966 2.321340
vt -1.455537 1.299533
vt -1.455537 1.814150
vt -1.455537 2.321340
vt -1.455537 0.912164
vt -1.385108 0.912164
vt -1.385108 1.299533
vt -1.314679 0.912164
vt -1.314679 1.299533
vt -1.244249 0.912164
vt -1.244249 1.299533
vt -1.173820 0.912164
vt -1.173820 1.299533
vt -1.103391 0.912164
vt -1.103391 1.299533
vt -1.032962 0.912164
vt -1.032962 1.299533
vt -1.385108 1.814274
vt -1.385108 2.321340
vt -1.314679 1.814398
vt -1.314679 2.321340
vt -1.244249 1.814522
vt -1.244249 2.321340
vt -1.173820 1.814646
vt -1.103391 1.814770
vt -1.032962 1.814894
vt -1.666825 2.321340
vt -1.666825 0.524795
vt -1.385108 0.524795
vt -1.314679 0.524795
vt -1.244249 0.524795
vt -1.173820 0.524795
vt -1.103391 0.524795
vt -1.032962 0.524795
vt -1.954709 -3.786914
vt -5.500000 -3.726438
vt -1.960865 -3.865131
vt -4.139809 -5.416957
vt -3.945962 -5.453031
vt -5.500000 -3.197996
vt -1.936393 -3.710623
vt -1.906368 -3.638136
vt -5.500000 -2.141112
vt -1.865374 -3.571238
vt -1.814418 -3.511578
vt -1.754758 -3.460623
vt -5.500000 -1.084227
vt -1.687860 -3.419628
vt -1.303798 0.513509
vt -1.168596 0.407042
vt -1.615374 -3.389603
vt -1.024743 0.312592
vt -1.539082 -3.371287
vt -0.873302 0.230859
vt -1.460865 -3.365131
vt -0.715396 0.162446
vt -0.552194 0.107861
vt -0.384903 0.067507
vt -0.214763 0.041685
vt -0.043032 0.030583
vt 1.460865 -3.365131
vt 0.129017 0.034286
vt 0.300111 0.052765
vt 0.468983 0.085884
vt 0.634383 0.133397
vt 0.795086 0.194953
vt 1.539082 -3.371287
vt 0.949902 0.270096
vt 1.615374 -3.389603
vt 1.097686 0.358269
vt 1.237343 0.458821
vt 1.687860 -3.419628
vt 1.367839 0.571005
vt 5.500000 -1.084227
vt 1.488208 0.693993
vt 1.597559 0.826872
vt 5.500000 -0.027343
vt 1.695082 0.968660
vt 1.780055 1.118307
vt 1.851850 1.274704
vt 5.500000 1.029541
vt 1.909934 1.436695
vt 1.953877 1.603078
vt 1.983355 1.772624
vt 5.500000 2.086425
vt 1.998148 1.944076
vt 1.998148 2.116165
vt 1.983355 2.287617
vt 1.953877 2.457162
vt 1.909934 2.623546
vt 5.500000 4.200194
vt 1.851850 2.785536
vt 1.780055 2.941934
vt 4.570225 5.500000
vt 1.695082 3.091580
vt 1.597559 3.233368
vt 1.488208 3.366248
vt 1.367839 3.489235
vt 1.237343 3.601420
vt 1.097686 3.701971
vt 0.949902 3.790145
vt 0.795086 3.865288
vt 0.634383 3.926843
vt 0.468983 3.974357
vt 0.300111 4.007476
vt 0.129017 4.025955
vt -0.043032 4.029657
vt -4.570225 5.500000
vt -0.214763 4.018556
vt -0.384903 3.992733
vt -0.552194 3.952380
vt -0.715396 3.897795
vt -0.873302 3.829382
vt -1.024743 3.747648
vt -1.168596 3.653198
vt -1.303798 3.546732
vt -1.429347 3.429037
vt -1.544313 3.300985
vt -1.647846 3.163524
vt -1.739179 3.017671
vt -1.817635 2.864508
vt -5.500000 4.200194
vt -1.882635 2.705166
vt -1.933696 2.540827
vt -5.500000 2.086425
vt -1.970440 2.372707
vt -1.992596 2.202050
vt -2.000000 2.030120
vt -1.992596 1.858191
vt -5.500000 1.029541
vt -1.970440 1.687534
vt -1.933696 1.519414
vt -1.882635 1.355075
vt -1.817635 1.195733
vt -5.500000 -0.027343
vt -1.739179 1.042569
vt -1.647846 0.896717
vt -1.544313 0.759256
vt -1.429347 0.631204
vt 1.754758 -3.460623
vt 5.500000 -2.141112
vt 1.814418 -3.511578
vt 1.865374 -3.571238
vt 1.906368 -3.638136
vt 5.500000 -3.197996
vt 1.936393 -3.710623
vt 1.954709 -3.786914
vt 5.500000 -3.726438
vt 1.960865 -3.865131
vt 4.019256 -5.440722
vt 3.848547 -5.467048
vt 3.676323 -5.485529
vt 3.503495 -5.496426
vt 3.330975 -5.500000
vt 1.960865 -4.349187
vt 1.954709 -4.427404
vt 1.936393 -4.503695
vt 1.906368 -4.576182
vt 1.865374 -4.643079
vt 1.814418 -4.702740
vt 1.754758 -4.753695
vt 1.687860 -4.794690
vt 1.615374 -4.824715
vt 1.539082 -4.843031
vt 1.460865 -4.849187
vt -3.330975 -5.500000
vt -1.460865 -4.849187
vt -1.539082 -4.843031
vt -1.615374 -4.824715
vt -1.687860 -4.794690
vt -1.754758 -4.753695
vt -1.814418 -4.702740
vt -1.865374 -4.643079
vt -1.906368 -4.576182
vt -1.936393 -4.503695
vt -1.954709 -4.427404
vt -1.960865 -4.349187
vt -3.540313 -5.494724
vt -3.745719 -5.479011
vt -5.496744 -4.328050
vt -5.470622 -4.472008
vt -5.500000 -4.254880
vt -5.448059 -4.541602
vt -5.419541 -4.609100
vt -5.486950 -4.400517
vt -5.385549 -4.674045
vt -5.346700 -4.736013
vt -5.303434 -4.795011
vt -5.256194 -4.851051
vt -5.205421 -4.904141
vt -5.151428 -4.954405
vt -5.093636 -5.002632
vt -5.032004 -5.048934
vt -4.966654 -5.093265
vt -4.897707 -5.135578
vt -4.825284 -5.175827
vt -4.749505 -5.213966
vt -4.670492 -5.249949
vt -4.503392 -5.315207
vt -4.326030 -5.370958
vt 4.187758 -5.406238
vt 4.355280 -5.362629
vt 4.520522 -5.309154
vt 4.681393 -5.245217
vt 4.835804 -5.170224
vt 5.500000 -4.254880
vt 4.910348 -5.128132
vt 4.983117 -5.082519
vt 5.053545 -5.033302
vt 5.121066 -4.980398
vt 5.185113 -4.923721
vt 5.245121 -4.863188
vt 5.300463 -4.798758
vt 5.350454 -4.730446
vt 5.394426 -4.658260
vt 5.431711 -4.582207
vt 5.461398 -4.503027
vt 5.482761 -4.421963
vt 5.495669 -4.339192
vt 5.497596 4.313241
vt 5.490042 4.426435
vt 5.476827 4.539009
vt 5.457438 4.650193
vt 5.431154 4.759934
vt 5.397138 4.867697
vt 5.354677 4.972125
vt 5.303065 5.071841
vt 5.241666 5.165277
vt 5.169885 5.250794
vt 5.129924 5.290064
vt 5.087586 5.326379
vt 5.043109 5.359451
vt 4.996519 5.389211
vt 4.947842 5.415592
vt 4.897106 5.438526
vt 4.844574 5.457869
vt 4.791065 5.473404
vt 4.681765 5.493535
vt -4.681781 5.493533
vt -4.791192 5.473371
vt -4.844786 5.457799
vt -4.897295 5.438449
vt -4.947938 5.415544
vt -4.996607 5.389158
vt -5.043266 5.359342
vt -5.087878 5.326146
vt -5.130347 5.289675
vt -5.170164 5.250505
vt -5.241743 5.165175
vt -5.303056 5.071856
vt -5.354661 4.972159
vt -5.397128 4.867725
vt -5.431148 4.759957
vt -5.457434 4.650213
vt -5.476825 4.539023
vt -5.490041 4.426444
vt -5.497596 4.313245
vt -6.330975 -1.436010
vt 0.330975 -1.436010
vt -5.879624 -1.098283
vt -0.120377 -1.098282
vt -5.657194 -0.925159
vt -0.342807 -0.925157
vt -5.437371 -0.748706
vt -0.562631 -0.748704
vt -5.220643 -0.568474
vt -0.779360 -0.568472
vt -5.007521 -0.384004
vt -0.992482 -0.384001
vt -4.798682 -0.194737
vt -1.201320 -0.194735
vt -1.405025 0.000000
vt -4.594975 0.000000
vt -0.000000 3.083230
vt -0.076920 3.090279
vt -0.000000 2.697826
vt -0.093904 2.829264
vt -0.093904 2.321332
vt -0.187808 2.829264
vt -0.187808 2.321332
vt -0.281712 2.829264
vt -0.281712 2.321332
vt -0.375615 2.829264
vt -0.375615 2.321332
vt -0.469519 2.829264
vt -0.469519 2.321332
vt -0.563423 2.829264
vt -0.563423 2.321332
vt -0.657327 2.829264
vt -0.657327 2.321332
vt -0.714927 2.863027
vt -0.751231 2.829264
vt -0.777228 2.814412
vt -0.751231 2.321332
vt -0.837882 2.763029
vt -0.821659 2.321332
vt -0.896907 2.709362
vt -0.892087 2.321332
vt -0.954300 2.653892
vt -0.962515 2.321332
vt -1.032943 2.321332
vt -0.962515 1.813400
vt -1.032943 1.813400
vt -0.962515 1.299528
vt -1.032943 1.299528
vt -0.962515 0.913182
vt -1.032943 0.913182
vt -0.962515 0.526836
vt -1.032943 0.526836
vt -0.962515 0.140490
vt -1.032943 0.140490
vt -0.999372 -0.066790
vt -1.103371 0.140490
vt -1.109388 -0.124896
vt -1.173798 0.140490
vt -1.216275 -0.189035
vt -1.244226 0.140490
vt -1.314654 0.140490
vt -1.314654 0.526836
vt -1.385082 0.526836
vt -1.385082 0.913182
vt -1.455510 0.913182
vt -1.455510 1.299528
vt -1.525938 1.299528
vt -1.525938 1.813400
vt -1.596366 1.813400
vt -1.580378 1.896329
vt -1.679496 1.762228
vt -0.153029 3.090051
vt -0.228466 3.082636
vt -0.303350 3.068130
vt -0.376749 3.046989
vt -0.448121 3.019881
vt -0.517568 2.987369
vt -0.585162 2.950014
vt -0.650930 2.908390
vt -1.065641 2.537753
vt -1.103371 2.321332
vt -1.103371 1.813400
vt -1.103371 1.299528
vt -1.103371 0.913182
vt -1.103371 0.526836
vt -1.173700 2.415416
vt -1.173798 2.321332
vt -1.173798 1.813400
vt -1.173798 1.299528
vt -1.173798 0.913182
vt -1.173798 0.526836
vt -1.244226 2.321332
vt -1.278804 2.288727
vt -1.244226 1.813400
vt -1.314654 1.813400
vt -1.244226 1.299528
vt -1.314654 1.299528
vt -1.244226 0.913182
vt -1.314654 0.913182
vt -1.244226 0.526836
vt -1.381107 2.159515
vt -1.385082 1.813400
vt -1.385082 1.299528
vt -1.455510 1.813400
vt -1.481059 2.028981
vt -1.778664 1.627511
vt -1.737222 1.299528
vt -1.666794 1.299528
vt -1.596366 1.299528
vt -1.525938 0.913182
vt -1.455510 0.526836
vt -1.385082 0.140490
vt -1.314654 -0.245857
vt -1.322219 -0.259007
vt -1.385082 -0.245857
vt -1.429208 -0.334958
vt -1.455510 -0.245857
vt -1.537758 -0.416194
vt -1.525938 -0.245857
vt -1.596366 -0.245857
vt -1.596366 0.140490
vt -1.666794 0.140490
vt -1.666794 0.526836
vt -1.737222 0.526836
vt -1.737222 0.913182
vt -1.807650 0.913182
vt -1.807650 1.299528
vt -1.878076 0.948594
vt -1.878076 1.493000
vt -1.878077 0.676391
vt -1.807650 0.526836
vt -1.737222 0.140490
vt -1.666794 -0.245857
vt -1.648390 -0.502015
vt -1.878077 0.404188
vt -1.807650 0.140490
vt -1.737222 -0.245857
vt -1.666794 -0.465240
vt -1.737222 -0.465240
vt -1.761645 -0.591724
vt -1.807650 -0.465240
vt -1.878075 -0.684624
vt -1.878067 -0.412421
vt -1.807650 -0.245857
vt -1.878075 -0.140218
vt -1.878077 0.131985
vt -0.885843 -0.016328
vt -0.892087 0.140490
vt -0.892087 0.526836
vt -0.892087 0.913182
vt -0.892087 1.299528
vt -0.892087 1.813400
vt -0.821659 0.140490
vt -0.768224 0.024840
vt -0.751231 0.140490
vt -0.647180 0.054706
vt -0.657327 0.140490
vt -0.585545 0.064907
vt -0.563423 0.140490
vt -0.523020 0.071780
vt -0.469519 0.140490
vt -0.459482 0.075194
vt -0.394827 0.075018
vt -0.375615 0.140490
vt -0.329652 0.071189
vt -0.281712 0.140490
vt -0.264168 0.063746
vt -0.198261 0.052745
vt -0.187808 0.140490
vt -0.132192 0.038331
vt -0.093904 0.140490
vt -0.000000 0.000000
vt -0.000000 0.385404
vt -0.093904 0.526836
vt -0.000000 0.770807
vt -0.093904 0.913182
vt -0.000000 1.156211
vt -0.093904 1.299528
vt -0.000000 1.541615
vt -0.093904 1.813400
vt -0.000000 1.927019
vt -0.000000 2.312422
vt -0.821659 1.813400
vt -0.821659 1.299528
vt -0.821659 0.913182
vt -0.821659 0.526836
vt -0.657327 1.813400
vt -0.563423 1.813400
vt -0.563423 1.299528
vt -0.469519 1.299528
vt -0.469519 0.913182
vt -0.375615 0.913182
vt -0.375615 0.526836
vt -0.281712 0.526836
vt -0.751231 1.813400
vt -0.751231 1.299528
vt -0.751231 0.913182
vt -0.751231 0.526836
vt -0.469519 1.813400
vt -0.375615 1.813400
vt -0.281712 1.813400
vt -0.187808 1.813400
vt -0.657327 1.299528
vt -0.563423 0.913182
vt -0.469519 0.526836
vt -0.375615 1.299528
vt -0.281712 1.299528
vt -0.187808 1.299528
vt -1.666794 0.913182
vt -1.596366 0.913182
vt -0.657327 0.913182
vt -0.657327 0.526836
vt -0.281712 0.913182
vt -0.187808 0.913182
vt -1.596366 0.526836
vt -1.525938 0.526836
vt -0.563423 0.526836
vt -0.187808 0.526836
vt -1.525938 0.140490
vt -1.455510 0.140490
vt -0.000000 4.673773
vt -0.000000 6.231697
vt -0.083043 5.710702
vt -0.077541 6.316363
vt -0.158400 6.399078
vt -0.166086 5.710702
vt -0.242583 6.479052
vt -0.249129 5.710702
vt -0.330137 6.555495
vt -0.332172 5.710702
vt -0.415215 5.710702
vt -0.332172 4.149406
vt -0.415215 4.149406
vt -0.332172 3.368757
vt -0.415215 3.368757
vt -0.332172 2.588109
vt -0.415215 2.588109
vt -0.332172 1.941082
vt -0.415215 1.941082
vt -0.332172 1.294054
vt -0.415215 1.294054
vt -0.332172 0.647027
vt -0.415215 0.647027
vt -0.377829 0.225870
vt -0.480060 0.267652
vt -0.498258 0.647027
vt -0.585160 0.301950
vt -0.581301 0.647027
vt -0.664344 0.647027
vt -0.664344 1.294054
vt -0.747387 1.294054
vt -0.747387 1.941082
vt -0.830430 1.941082
vt -0.830430 2.588109
vt -0.913473 2.588109
vt -0.913473 3.368757
vt -0.996516 3.368757
vt -0.996516 4.149406
vt -1.079559 4.149406
vt -1.079559 5.710702
vt -1.162602 5.710702
vt -1.127801 6.925994
vt -1.188068 6.929747
vt -0.421780 6.628074
vt -0.498258 5.710702
vt -0.498258 4.149406
vt -0.498258 3.368757
vt -0.498258 2.588109
vt -0.498258 1.941082
vt -0.498258 1.294054
vt -0.518053 6.696047
vt -0.581301 5.710702
vt -0.581301 4.149406
vt -0.581301 3.368757
vt -0.581301 2.588109
vt -0.581301 1.941082
vt -0.581301 1.294054
vt -0.618944 6.758095
vt -0.664344 5.710702
vt -0.664344 4.149406
vt -0.664344 3.368757
vt -0.664344 2.588109
vt -0.664344 1.941082
vt -0.724468 6.812870
vt -0.747387 5.710702
vt -0.747387 4.149406
vt -0.747387 3.368757
vt -0.747387 2.588109
vt -0.834476 6.858894
vt -0.830430 5.710702
vt -0.830430 4.149406
vt -0.830430 3.368757
vt -0.913473 5.710702
vt -0.948921 6.894710
vt -0.996516 5.710702
vt -1.007824 6.908338
vt -1.067694 6.918843
vt -1.245645 5.710702
vt -1.248502 6.930079
vt -1.309110 6.926962
vt -1.328688 5.710702
vt -1.369820 6.920385
vt -1.411731 5.710702
vt -1.429829 6.910492
vt -1.494774 5.710702
vt -1.547143 6.881440
vt -1.577817 5.710702
vt -1.660860 6.841078
vt -1.660860 5.168840
vt -1.577817 4.149406
vt -1.660860 3.496601
vt -1.577817 3.368757
vt -1.660860 2.660482
vt -1.577817 2.588109
vt -1.660860 1.824363
vt -1.577817 1.941082
vt -1.577817 1.294054
vt -1.494774 1.294054
vt -1.494774 0.647027
vt -1.411731 0.647027
vt -1.456725 0.249566
vt -1.351045 0.287560
vt -1.660860 0.988244
vt -1.577817 0.647027
vt -1.559989 0.204201
vt -1.660860 0.152124
vt -1.328688 0.647027
vt -1.242864 0.317530
vt -1.245645 0.647027
vt -1.162602 0.647027
vt -1.245645 1.294054
vt -1.162602 1.294054
vt -1.245645 1.941082
vt -1.162602 1.941082
vt -1.245645 2.588109
vt -1.162602 2.588109
vt -1.245645 3.368757
vt -1.162602 3.368757
vt -1.245645 4.149406
vt -1.162602 4.149406
vt -1.133007 0.338658
vt -1.079559 0.647027
vt -1.079559 1.294054
vt -1.079559 1.941082
vt -1.079559 2.588109
vt -1.079559 3.368757
vt -1.022817 0.350351
vt -0.996516 0.647027
vt -0.996516 1.294054
vt -0.996516 1.941082
vt -0.996516 2.588109
vt -0.912265 0.352466
vt -0.913473 0.647027
vt -0.913473 1.294054
vt -0.913473 1.941082
vt -0.830430 0.647027
vt -0.801475 0.344878
vt -0.747387 0.647027
vt -0.692298 0.327865
vt -0.278679 0.177438
vt -0.249129 0.647027
vt -0.249129 1.294054
vt -0.249129 1.941082
vt -0.249129 2.588109
vt -0.249129 3.368757
vt -0.249129 4.149406
vt -0.182631 0.123132
vt -0.166086 0.647027
vt -0.166086 1.294054
vt -0.166086 1.941082
vt -0.166086 2.588109
vt -0.166086 3.368757
vt -0.166086 4.149406
vt -0.089771 0.063759
vt -0.083043 0.647027
vt -0.083043 1.294054
vt -0.083043 1.941082
vt -0.083043 2.588109
vt -0.083043 3.368757
vt -0.083043 4.149406
vt -0.000000 0.778962
vt -0.000000 1.557924
vt -0.000000 2.336886
vt -0.000000 3.115848
vt -0.000000 3.894810
vt -1.494774 4.149406
vt -1.494774 3.368757
vt -1.494774 2.588109
vt -1.494774 1.941082
vt -1.411731 4.149406
vt -1.411731 3.368757
vt -1.411731 2.588109
vt -1.411731 1.941082
vt -1.411731 1.294054
vt -1.328688 4.149406
vt -1.328688 3.368757
vt -1.328688 2.588109
vt -1.328688 1.941082
vt -1.328688 1.294054
vt -0.913473 4.149406
vt -0.830430 1.294054
vt 1.594975 -3.000000
vt 1.716580 -2.997069
vt -1.594975 -3.000000
vt -1.730487 -2.996352
vt 1.838121 -2.988034
vt -1.862690 -2.985421
vt 1.958852 -2.972526
vt -1.990925 -2.967231
vt 2.078138 -2.950154
vt -2.114532 -2.941803
vt -3.000000 -1.067760
vt -3.000000 -1.531384
vt 2.196105 -2.920246
vt 3.000000 -1.067760
vt 3.000000 -0.604136
vt -3.000000 -0.604136
vt -3.000000 -0.140512
vt 3.000000 -0.140512
vt -3.000000 1.713984
vt -1.787973 3.000000
vt -2.995497 1.838988
vt -2.981626 1.963040
vt -2.957840 2.085291
vt -1.912446 2.994680
vt -2.923595 2.204893
vt -2.035409 2.978329
vt -2.878370 2.320934
vt -2.156014 2.950364
vt -2.822208 2.431409
vt -2.273411 2.910198
vt -2.755161 2.535011
vt -2.385835 2.857707
vt -2.677145 2.630860
vt -2.491069 2.793495
vt -2.588453 2.717745
vt 2.311727 -2.882196
vt 3.000000 -1.995008
vt 3.000000 -1.531384
vt 2.423673 -2.835446
vt 2.530788 -2.779318
vt 2.631684 -2.713074
vt 2.724486 -2.636166
vt 2.998194 -2.055217
vt 2.992687 -2.114832
vt 2.767234 -2.593577
vt 2.983347 -2.173750
vt 2.806893 -2.548551
vt 2.843224 -2.501199
vt 2.970041 -2.231865
vt 2.876104 -2.451528
vt 2.952635 -2.289074
vt 2.905406 -2.399544
vt 2.931005 -2.345253
vt 1.787973 3.000000
vt 3.000000 1.713984
vt 2.995518 1.838666
vt 2.981681 1.962594
vt 2.957901 2.084954
vt 1.912406 2.994683
vt 2.923674 2.204632
vt 2.035338 2.978342
vt 2.878541 2.320550
vt 2.155922 2.950389
vt 2.822220 2.431384
vt 2.273309 2.910239
vt 2.754984 2.535248
vt 2.385667 2.857796
vt 2.676819 2.631216
vt 2.490823 2.793664
vt 2.588131 2.718027
vt -3.000000 -1.995008
vt -2.232849 -2.909158
vt -2.345218 -2.869320
vt -2.452420 -2.821598
vt -2.554969 -2.764785
vt -2.651217 -2.698362
vt -2.739503 -2.621816
vt -2.817284 -2.535681
vt -2.851581 -2.489278
vt -2.882648 -2.440651
vt -2.910361 -2.389801
vt -2.934584 -2.336751
vt -2.954987 -2.282128
vt -2.971503 -2.226279
vt -2.984195 -2.169286
vt -2.993089 -2.111556
vt 1.212027 0.000000
vt 4.787973 0.000000
vt 0.849241 0.749213
vt 5.150759 0.749213
vt 0.492571 1.501356
vt 5.507429 1.501356
vt 0.140764 2.255783
vt 5.859236 2.255783
vt -0.207068 3.012055
vt 6.207068 3.012055
vt -0.893387 4.528861
vt 6.893387 4.528861
vt -1.570225 6.049922
vt 7.570225 6.049922
vt -0.000000 5.168840
vt -0.000000 6.841078
vt -0.113700 6.881435
vt -0.230891 6.910466
vt -0.290798 6.920352
vt -0.351528 6.926945
vt -0.412242 6.930076
vt -0.472680 6.929751
vt -0.532851 6.926013
vt -0.592764 6.918902
vt -0.652425 6.908462
vt -0.711518 6.894817
vt -0.826255 6.858940
vt -0.936409 6.812862
vt -0.968821 0.327816
vt -1.075677 0.301958
vt -1.660860 4.673773
vt -1.660860 6.231697
vt -1.583322 6.316360
vt -1.502467 6.399071
vt -1.418289 6.479042
vt -1.330738 6.555482
vt -1.239100 6.628060
vt -1.142832 6.696030
vt -1.041950 6.758076
vt -1.660860 3.894810
vt -1.180450 0.267781
vt -1.660860 3.115848
vt -1.282812 0.225974
vt -1.660860 2.336886
vt -1.381918 0.177590
vt -1.660860 1.557924
vt -1.660860 0.778962
vt -1.477892 0.123343
vt -1.660860 -0.000000
vt -1.570853 0.063919
vt -0.859814 0.344830
vt -0.748978 0.352456
vt -0.638310 0.350368
vt -0.528023 0.338683
vt -0.418092 0.317553
vt -0.309897 0.287587
vt -0.204196 0.249590
vt -0.100904 0.204217
vt -0.000000 0.152124
vt -0.000000 0.988244
vt -0.000000 1.824363
vt -0.000000 2.660482
vt -0.000000 3.496601
vt 1.352623 4.168411
vt 0.949602 4.168411
vt 1.152415 3.907885
vt 0.994654 3.626722
vt 1.152415 3.647360
vt 1.152415 3.517097
vt 1.355229 3.517097
vt 1.355229 3.386834
vt 1.558043 3.386834
vt 1.558043 3.256571
vt 1.760857 3.256571
vt 1.760857 3.126308
vt 1.963671 3.126308
vt 1.963671 2.996045
vt 2.166485 2.996045
vt 2.166485 2.865783
vt 2.369299 2.865783
vt 2.369299 2.735520
vt 2.572113 2.735520
vt 2.572113 2.605257
vt 2.774926 2.605257
vt 2.774926 2.474994
vt 2.977740 2.474994
vt 2.977740 2.344731
vt 3.180554 2.344731
vt 3.180554 2.084206
vt 3.383368 2.084206
vt 3.383368 1.953943
vt 3.586182 1.953943
vt 3.586182 1.823680
vt 3.788996 1.823680
vt 3.788996 1.563154
vt 3.991810 1.563154
vt 3.991810 1.302628
vt 4.194624 1.302628
vt 4.194624 1.042103
vt 4.595038 1.042103
vt 4.595038 0.911840
vt 4.995452 0.911840
vt 4.995452 0.781577
vt 5.395867 0.781577
vt 5.395867 0.651314
vt 5.796281 0.651314
vt 5.796281 0.521051
vt 6.196695 0.521051
vt 6.196695 0.390789
vt 6.597110 0.390789
vt 6.597110 0.260526
vt 6.750823 0.545043
vt 6.597110 0.130263
vt 6.591129 0.000000
vt 6.196695 0.130263
vt 5.796281 0.130263
vt 5.796281 0.260526
vt 5.395867 0.260526
vt 5.395867 0.390789
vt 4.995452 0.390789
vt 4.995452 0.521051
vt 4.595038 0.521051
vt 4.595038 0.651314
vt 4.194624 0.651314
vt 4.194624 0.781577
vt 3.991810 0.781577
vt 3.991810 0.911840
vt 3.788996 0.911840
vt 3.788996 1.042103
vt 3.586182 1.042103
vt 3.586182 1.302628
vt 3.383368 1.302628
vt 3.383368 1.563154
vt 3.180554 1.563154
vt 3.180554 1.823680
vt 2.977740 1.823680
vt 2.977740 1.953943
vt 2.774926 1.953943
vt 2.774926 2.084206
vt 2.572113 2.084206
vt 2.572113 2.344731
vt 2.369299 2.344731
vt 2.369299 2.474994
vt 2.166485 2.474994
vt 2.166485 2.605257
vt 1.963671 2.605257
vt 1.963671 2.735520
vt 1.760857 2.735520
vt 1.760857 2.865783
vt 1.558043 2.865783
vt 1.558043 2.996045
vt 1.355229 2.996045
vt 1.355229 3.126308
vt 1.152415 3.126308
vt 1.152415 3.256571
vt 1.043053 3.089385
vt 1.152415 3.386834
vt 1.094956 2.557043
vt 1.152415 2.865783
vt 1.152415 2.996045
vt 1.150429 2.030469
vt 1.152415 2.474994
vt 1.152415 2.605257
vt 1.152415 2.735520
vt 1.355229 2.605257
vt 1.355229 2.735520
vt 1.558043 2.605257
vt 1.558043 2.735520
vt 1.760857 2.605257
vt 1.209451 1.510514
vt 1.355229 1.823680
vt 1.355229 1.953943
vt 1.355229 2.084206
vt 1.558043 1.953943
vt 1.558043 2.084206
vt 1.760857 1.953943
vt 1.760857 2.084206
vt 1.963671 1.953943
vt 1.963671 2.084206
vt 2.166485 1.953943
vt 2.166485 2.084206
vt 2.369299 1.953943
vt 2.369299 2.084206
vt 2.572113 1.953943
vt 1.271838 0.998119
vt 1.355229 1.302628
vt 1.355229 1.563154
vt 1.558043 1.563154
vt 1.558043 1.823680
vt 1.760857 1.563154
vt 1.760857 1.823680
vt 1.963671 1.563154
vt 1.963671 1.823680
vt 2.166485 1.563154
vt 2.166485 1.823680
vt 2.369299 1.563154
vt 2.369299 1.823680
vt 2.572113 1.563154
vt 2.572113 1.823680
vt 2.774926 1.563154
vt 2.774926 1.823680
vt 2.977740 1.563154
vt 1.337242 0.494230
vt 1.355229 0.911840
vt 1.355229 1.042103
vt 1.558043 1.042103
vt 1.558043 1.302628
vt 1.760857 1.042103
vt 1.760857 1.302628
vt 1.963671 1.042103
vt 1.963671 1.302628
vt 2.166485 1.042103
vt 2.166485 1.302628
vt 2.369299 1.042103
vt 2.369299 1.302628
vt 2.572113 1.042103
vt 2.572113 1.302628
vt 2.774926 1.042103
vt 2.774926 1.302628
vt 2.977740 1.042103
vt 2.977740 1.302628
vt 3.180554 1.042103
vt 3.180554 1.302628
vt 3.383368 1.042103
vt 1.405187 0.000000
vt 1.355229 0.390789
vt 1.355229 0.521051
vt 1.355229 0.651314
vt 1.558043 0.521051
vt 1.558043 0.651314
vt 1.760857 0.521051
vt 1.760857 0.651314
vt 1.963671 0.521051
vt 1.963671 0.651314
vt 2.166485 0.521051
vt 2.166485 0.651314
vt 2.369299 0.521051
vt 2.369299 0.651314
vt 2.572113 0.521051
vt 2.572113 0.651314
vt 2.774926 0.521051
vt 2.774926 0.651314
vt 2.977740 0.521051
vt 2.977740 0.651314
vt 3.180554 0.521051
vt 3.180554 0.651314
vt 3.383368 0.521051
vt 3.383368 0.651314
vt 3.586182 0.521051
vt 3.586182 0.651314
vt 3.788996 0.521051
vt 3.788996 0.651314
vt 3.991810 0.521051
vt 3.991810 0.651314
vt 4.194624 0.521051
vt 2.053430 0.000000
vt 1.760857 0.130263
vt 1.558043 0.130263
vt 1.558043 0.260526
vt 1.760857 0.260526
vt 1.963671 0.130263
vt 1.963671 0.260526
vt 2.166485 0.130263
vt 2.166485 0.260526
vt 2.369299 0.130263
vt 2.369299 0.260526
vt 2.572113 0.130263
vt 2.572113 0.260526
vt 2.774926 0.130263
vt 2.774926 0.260526
vt 2.977740 0.130263
vt 2.977740 0.260526
vt 3.180554 0.130263
vt 3.180554 0.260526
vt 3.383368 0.130263
vt 3.383368 0.260526
vt 3.586182 0.130263
vt 3.586182 0.260526
vt 3.788996 0.130263
vt 3.788996 0.260526
vt 3.991810 0.130263
vt 3.991810 0.260526
vt 4.194624 0.130263
vt 4.194624 0.260526
vt 4.595038 0.130263
vt 4.595038 0.260526
vt 4.995452 0.130263
vt 4.995452 0.260526
vt 5.395867 0.130263
vt 2.701673 0.000000
vt 3.349916 0.000000
vt 3.998158 0.000000
vt 6.885614 1.079461
vt 6.597110 0.781577
vt 6.597110 0.651314
vt 6.597110 0.521051
vt 6.196695 0.651314
vt 7.001223 1.605920
vt 6.597110 1.302628
vt 6.597110 1.042103
vt 6.597110 0.911840
vt 6.196695 1.042103
vt 6.196695 0.911840
vt 5.796281 1.042103
vt 5.796281 0.911840
vt 5.395867 1.042103
vt 5.395867 0.911840
vt 4.995452 1.042103
vt 7.101518 2.126266
vt 6.597110 1.823680
vt 6.597110 1.563154
vt 6.196695 1.563154
vt 6.196695 1.302628
vt 5.796281 1.563154
vt 5.796281 1.302628
vt 5.395867 1.563154
vt 5.395867 1.302628
vt 4.995452 1.563154
vt 4.995452 1.302628
vt 4.595038 1.563154
vt 4.595038 1.302628
vt 4.194624 1.563154
vt 7.189412 2.641822
vt 6.597110 2.344731
vt 6.597110 2.084206
vt 6.597110 1.953943
vt 6.196695 2.084206
vt 6.196695 1.953943
vt 5.796281 2.084206
vt 5.796281 1.953943
vt 5.395867 2.084206
vt 5.395867 1.953943
vt 4.995452 2.084206
vt 4.995452 1.953943
vt 4.595038 2.084206
vt 4.595038 1.953943
vt 4.194624 2.084206
vt 4.194624 1.953943
vt 3.991810 2.084206
vt 3.991810 1.953943
vt 3.788996 2.084206
vt 3.788996 1.953943
vt 3.586182 2.084206
vt 7.267051 3.153566
vt 6.597110 2.865783
vt 6.597110 2.735520
vt 6.597110 2.605257
vt 6.196695 2.735520
vt 6.196695 2.605257
vt 5.796281 2.735520
vt 5.796281 2.605257
vt 5.395867 2.735520
vt 5.395867 2.605257
vt 4.995452 2.735520
vt 4.995452 2.605257
vt 4.595038 2.735520
vt 4.595038 2.605257
vt 4.194624 2.735520
vt 4.194624 2.605257
vt 3.991810 2.735520
vt 3.991810 2.605257
vt 3.788996 2.735520
vt 3.788996 2.605257
vt 3.586182 2.735520
vt 3.586182 2.605257
vt 3.383368 2.735520
vt 3.383368 2.605257
vt 3.180554 2.735520
vt 3.180554 2.605257
vt 2.977740 2.735520
vt 2.977740 2.605257
vt 2.774926 2.735520
vt 7.397938 4.168411
vt 6.597110 3.647360
vt 6.597110 3.517097
vt 6.597110 3.386834
vt 6.196695 3.517097
vt 6.196695 3.386834
vt 5.796281 3.517097
vt 5.796281 3.386834
vt 5.395867 3.517097
vt 5.395867 3.386834
vt 4.995452 3.517097
vt 4.995452 3.386834
vt 4.595038 3.517097
vt 4.595038 3.386834
vt 4.194624 3.517097
vt 4.194624 3.386834
vt 3.991810 3.517097
vt 3.991810 3.386834
vt 3.788996 3.517097
vt 3.788996 3.386834
vt 3.586182 3.517097
vt 3.586182 3.386834
vt 3.383368 3.517097
vt 3.383368 3.386834
vt 3.180554 3.517097
vt 3.180554 3.386834
vt 2.977740 3.517097
vt 2.977740 3.386834
vt 2.774926 3.517097
vt 2.774926 3.386834
vt 2.572113 3.517097
vt 2.572113 3.386834
vt 2.369299 3.517097
vt 2.369299 3.386834
vt 2.166485 3.517097
vt 2.166485 3.386834
vt 1.963671 3.517097
vt 1.963671 3.386834
vt 1.760857 3.517097
vt 1.760857 3.386834
vt 1.558043 3.517097
vt 6.597110 3.907885
vt 5.785854 4.168411
vt 6.196695 3.907885
vt 5.796281 3.907885
vt 6.196695 3.647360
vt 5.796281 3.647360
vt 5.395867 3.907885
vt 4.979812 4.168411
vt 4.995452 3.907885
vt 4.595038 3.907885
vt 4.995452 3.647360
vt 4.595038 3.647360
vt 4.173770 4.168411
vt 4.194624 3.907885
vt 4.194624 3.647360
vt 3.367728 4.168411
vt 3.788996 3.907885
vt 3.991810 3.907885
vt 2.561686 4.168411
vt 2.977740 3.907885
vt 3.180554 3.907885
vt 3.383368 3.907885
vt 3.383368 3.647360
vt 3.586182 3.647360
vt 1.755644 4.168411
vt 2.166485 3.907885
vt 2.369299 3.907885
vt 2.572113 3.907885
vt 2.572113 3.647360
vt 2.774926 3.647360
vt 1.558043 3.907885
vt 1.760857 3.907885
vt 1.963671 3.907885
vt 1.963671 3.647360
vt 2.166485 3.647360
vt 1.152415 2.344731
vt 1.152415 2.084206
vt 1.355229 2.344731
vt 1.355229 2.474994
vt 6.597110 2.474994
vt 6.196695 2.474994
vt 5.796281 2.474994
vt 5.395867 2.474994
vt 4.995452 2.474994
vt 4.595038 2.474994
vt 4.194624 2.474994
vt 3.991810 2.474994
vt 3.788996 2.474994
vt 3.586182 2.474994
vt 3.383368 2.474994
vt 3.180554 2.474994
vt 6.597110 2.996045
vt 6.597110 3.126308
vt 6.597110 3.256571
vt 6.196695 3.256571
vt 1.355229 3.907885
vt 1.355229 3.647360
vt 1.558043 3.647360
vt 1.760857 3.647360
vt 2.369299 3.647360
vt 2.774926 3.907885
vt 2.977740 3.647360
vt 3.180554 3.647360
vt 3.586182 3.907885
vt 3.788996 3.647360
vt 3.991810 3.647360
vt 5.395867 3.647360
vt 6.196695 3.126308
vt 6.196695 2.996045
vt 6.196695 2.865783
vt 5.796281 3.126308
vt 5.796281 2.996045
vt 5.796281 2.865783
vt 5.796281 3.256571
vt 5.395867 3.256571
vt 5.395867 3.126308
vt 4.995452 3.256571
vt 4.995452 3.126308
vt 4.595038 3.256571
vt 4.595038 3.126308
vt 4.194624 3.256571
vt 4.194624 3.126308
vt 3.991810 3.256571
vt 3.991810 3.126308
vt 3.788996 3.256571
vt 3.788996 3.126308
vt 3.586182 3.256571
vt 3.586182 3.126308
vt 3.383368 3.256571
vt 3.383368 3.126308
vt 3.180554 3.256571
vt 3.180554 3.126308
vt 2.977740 3.256571
vt 2.977740 3.126308
vt 2.774926 3.256571
vt 2.774926 3.126308
vt 2.572113 3.256571
vt 2.572113 3.126308
vt 2.369299 3.256571
vt 2.369299 3.126308
vt 2.166485 3.256571
vt 2.166485 3.126308
vt 1.963671 3.256571
vt 5.395867 2.996045
vt 5.395867 2.865783
vt 4.995452 2.996045
vt 4.995452 2.865783
vt 4.595038 2.996045
vt 4.595038 2.865783
vt 4.194624 2.996045
vt 4.194624 2.865783
vt 3.991810 2.996045
vt 3.991810 2.865783
vt 3.788996 2.996045
vt 3.788996 2.865783
vt 3.586182 2.996045
vt 3.586182 2.865783
vt 3.383368 2.996045
vt 3.383368 2.865783
vt 3.180554 2.996045
vt 3.180554 2.865783
vt 2.977740 2.996045
vt 2.977740 2.865783
vt 2.774926 2.996045
vt 2.774926 2.865783
vt 2.572113 2.996045
vt 2.572113 2.865783
vt 2.369299 2.996045
vt 1.558043 3.126308
vt 1.760857 2.996045
vt 1.355229 3.256571
vt 1.355229 2.865783
vt 1.963671 2.865783
vt 2.166485 2.735520
vt 2.369299 2.605257
vt 2.572113 2.474994
vt 2.774926 2.344731
vt 2.977740 2.084206
vt 3.180554 1.953943
vt 3.383368 1.823680
vt 3.586182 1.563154
vt 3.788996 1.302628
vt 3.991810 1.042103
vt 4.194624 0.911840
vt 4.595038 0.781577
vt 4.995452 0.651314
vt 5.395867 0.521051
vt 5.796281 0.390789
vt 6.196695 0.260526
vt 6.196695 2.344731
vt 5.796281 2.344731
vt 5.395867 2.344731
vt 4.995452 2.344731
vt 4.595038 2.344731
vt 4.194624 2.344731
vt 3.991810 2.344731
vt 3.788996 2.344731
vt 3.586182 2.344731
vt 3.383368 2.344731
vt 1.963671 2.474994
vt 1.760857 2.474994
vt 1.963671 2.344731
vt 1.760857 2.344731
vt 1.558043 2.474994
vt 1.558043 2.344731
vt 2.166485 2.344731
vt 3.991810 1.823680
vt 4.194624 1.823680
vt 4.595038 1.823680
vt 4.995452 1.823680
vt 5.395867 1.823680
vt 5.796281 1.823680
vt 6.196695 1.823680
vt 3.586182 0.911840
vt 3.383368 0.911840
vt 3.586182 0.781577
vt 3.383368 0.781577
vt 3.180554 0.911840
vt 3.180554 0.781577
vt 2.977740 0.911840
vt 2.977740 0.781577
vt 2.774926 0.911840
vt 2.774926 0.781577
vt 2.572113 0.911840
vt 2.572113 0.781577
vt 2.369299 0.911840
vt 2.369299 0.781577
vt 2.166485 0.911840
vt 2.166485 0.781577
vt 1.963671 0.911840
vt 1.963671 0.781577
vt 1.760857 0.911840
vt 1.760857 0.781577
vt 1.558043 0.911840
vt 1.558043 0.781577
vt 1.355229 0.781577
vt 3.788996 0.781577
vt 5.796281 0.781577
vt 6.196695 0.781577
vt 4.595038 0.390789
vt 4.194624 0.390789
vt 3.991810 0.390789
vt 3.788996 0.390789
vt 3.586182 0.390789
vt 3.383368 0.390789
vt 3.180554 0.390789
vt 2.977740 0.390789
vt 2.774926 0.390789
vt 2.572113 0.390789
vt 2.369299 0.390789
vt 2.166485 0.390789
vt 1.963671 0.390789
vt 1.760857 0.390789
vt 1.558043 0.390789
vt 7.052005 0.494230
vt 7.034018 0.390789
vt 6.984060 0.000000
vt 6.831204 0.130263
vt 6.628390 0.130263
vt 6.628390 0.260526
vt 6.425576 0.260526
vt 6.425576 0.390789
vt 6.222762 0.390789
vt 6.222762 0.521051
vt 5.817134 0.521051
vt 5.817134 0.651314
vt 5.614321 0.651314
vt 5.614321 0.781577
vt 5.411507 0.781577
vt 5.411507 0.911840
vt 5.208693 0.911840
vt 5.208693 1.042103
vt 5.005879 1.042103
vt 5.005879 1.172366
vt 4.803065 1.172366
vt 4.803065 1.302628
vt 4.600251 1.302628
vt 4.600251 1.432891
vt 4.194624 1.432891
vt 3.794209 1.563154
vt 3.794209 1.693417
vt 3.393795 1.693417
vt 3.393795 1.823680
vt 2.993380 1.823680
vt 2.993380 1.953943
vt 2.592966 1.953943
vt 2.592966 2.084206
vt 2.192552 2.084206
vt 2.192552 2.214468
vt 1.792137 2.214468
vt 1.792137 2.344731
vt 1.391723 2.344731
vt 1.391723 2.474994
vt 1.287729 2.126266
vt 1.199835 2.641822
vt 1.391723 2.605257
vt 1.391723 2.865783
vt 1.792137 2.605257
vt 1.792137 2.865783
vt 2.192552 2.605257
vt 2.192552 2.865783
vt 2.592966 2.605257
vt 2.592966 2.865783
vt 2.993380 2.605257
vt 2.993380 2.865783
vt 3.393795 2.605257
vt 3.393795 2.865783
vt 3.794209 2.605257
vt 3.794209 2.865783
vt 4.600251 2.605257
vt 4.600251 2.865783
vt 4.803065 2.605257
vt 4.803065 2.865783
vt 5.005879 2.605257
vt 5.005879 2.865783
vt 5.208693 2.605257
vt 5.208693 2.865783
vt 5.411507 2.605257
vt 5.411507 2.865783
vt 5.614321 2.605257
vt 5.614321 2.865783
vt 5.817134 2.605257
vt 5.817134 2.865783
vt 6.222762 2.605257
vt 6.222762 2.865783
vt 6.425576 2.605257
vt 6.425576 2.865783
vt 6.628390 2.605257
vt 6.628390 2.865783
vt 6.831204 2.605257
vt 6.831204 2.865783
vt 7.034018 2.605257
vt 7.034018 2.865783
vt 7.236832 2.605257
vt 7.236832 2.865783
vt 7.294291 2.557043
vt 7.346194 3.089385
vt 7.117409 0.998119
vt 7.034018 0.651314
vt 7.034018 0.521051
vt 6.831204 0.521051
vt 6.831204 0.390789
vt 6.628390 0.521051
vt 6.628390 0.390789
vt 6.425576 0.521051
vt 7.179796 1.510514
vt 7.034018 1.172366
vt 7.034018 1.042103
vt 7.034018 0.911840
vt 6.831204 1.042103
vt 6.831204 0.911840
vt 6.628390 1.042103
vt 6.628390 0.911840
vt 6.425576 1.042103
vt 6.425576 0.911840
vt 6.222762 1.042103
vt 6.222762 0.911840
vt 5.817134 1.042103
vt 5.817134 0.911840
vt 5.614321 1.042103
vt 5.614321 0.911840
vt 5.411507 1.042103
vt 7.238818 2.030469
vt 7.034018 1.693417
vt 7.034018 1.563154
vt 7.034018 1.432891
vt 6.831204 1.563154
vt 6.831204 1.432891
vt 6.628390 1.563154
vt 6.628390 1.432891
vt 6.425576 1.563154
vt 6.425576 1.432891
vt 6.222762 1.563154
vt 6.222762 1.432891
vt 5.817134 1.563154
vt 5.817134 1.432891
vt 5.614321 1.563154
vt 5.614321 1.432891
vt 5.411507 1.563154
vt 5.411507 1.432891
vt 5.208693 1.563154
vt 5.208693 1.432891
vt 5.005879 1.563154
vt 5.005879 1.432891
vt 4.803065 1.563154
vt 4.803065 1.432891
vt 4.600251 1.563154
vt 7.236832 2.084206
vt 7.034018 2.084206
vt 7.034018 1.953943
vt 6.831204 2.084206
vt 6.831204 1.953943
vt 6.628390 2.084206
vt 6.628390 1.953943
vt 6.425576 2.084206
vt 6.425576 1.953943
vt 6.222762 2.084206
vt 6.222762 1.953943
vt 5.817134 2.084206
vt 5.817134 1.953943
vt 5.614321 2.084206
vt 5.614321 1.953943
vt 5.411507 2.084206
vt 5.411507 1.953943
vt 5.208693 2.084206
vt 5.208693 1.953943
vt 5.005879 2.084206
vt 5.005879 1.953943
vt 4.803065 2.084206
vt 4.803065 1.953943
vt 4.600251 2.084206
vt 4.600251 1.953943
vt 3.794209 2.084206
vt 3.794209 1.953943
vt 3.393795 2.084206
vt 3.393795 1.953943
vt 2.993380 2.084206
vt 7.394593 3.626722
vt 7.236832 3.386834
vt 7.236832 3.256571
vt 7.236832 3.126308
vt 7.034018 3.256571
vt 7.034018 3.126308
vt 6.831204 3.256571
vt 6.831204 3.126308
vt 6.628390 3.256571
vt 6.628390 3.126308
vt 6.425576 3.256571
vt 6.425576 3.126308
vt 6.222762 3.256571
vt 6.222762 3.126308
vt 5.817134 3.256571
vt 5.817134 3.126308
vt 5.614321 3.256571
vt 5.614321 3.126308
vt 5.411507 3.256571
vt 5.411507 3.126308
vt 5.208693 3.256571
vt 5.208693 3.126308
vt 5.005879 3.256571
vt 5.005879 3.126308
vt 4.803065 3.256571
vt 4.803065 3.126308
vt 4.600251 3.256571
vt 4.600251 3.126308
vt 3.794209 3.256571
vt 3.794209 3.126308
vt 3.393795 3.256571
vt 3.393795 3.126308
vt 2.993380 3.256571
vt 2.993380 3.126308
vt 2.592966 3.256571
vt 2.592966 3.126308
vt 2.192552 3.256571
vt 2.192552 3.126308
vt 1.792137 3.256571
vt 1.792137 3.126308
vt 1.391723 3.256571
vt 1.391723 3.126308
vt 1.122196 3.153566
vt 7.439645 4.168411
vt 7.236832 3.907885
vt 7.236832 3.647360
vt 7.034018 3.647360
vt 7.034018 3.386834
vt 6.831204 3.647360
vt 6.831204 3.386834
vt 6.628390 3.647360
vt 6.628390 3.386834
vt 6.425576 3.647360
vt 6.425576 3.386834
vt 6.222762 3.647360
vt 6.222762 3.386834
vt 5.817134 3.647360
vt 5.817134 3.386834
vt 5.614321 3.647360
vt 5.614321 3.386834
vt 5.411507 3.647360
vt 5.411507 3.386834
vt 5.208693 3.647360
vt 5.208693 3.386834
vt 5.005879 3.647360
vt 5.005879 3.386834
vt 4.803065 3.647360
vt 4.803065 3.386834
vt 4.600251 3.647360
vt 4.600251 3.386834
vt 3.794209 3.647360
vt 3.794209 3.386834
vt 3.393795 3.647360
vt 3.393795 3.386834
vt 2.993380 3.647360
vt 2.993380 3.386834
vt 2.592966 3.647360
vt 2.592966 3.386834
vt 2.192552 3.647360
vt 2.192552 3.386834
vt 1.792137 3.647360
vt 1.792137 3.386834
vt 1.391723 3.647360
vt 1.391723 3.386834
vt 7.036624 4.168411
vt 7.034018 3.907885
vt 6.831204 3.907885
vt 6.633603 4.168411
vt 6.628390 3.907885
vt 6.425576 3.907885
vt 6.222762 3.907885
vt 5.827561 4.168411
vt 5.817134 3.907885
vt 5.614321 3.907885
vt 5.411507 3.907885
vt 5.021519 4.168411
vt 5.208693 3.907885
vt 5.005879 3.907885
vt 4.215477 4.168411
vt 4.600251 3.907885
vt 4.803065 3.907885
vt 3.409435 4.168411
vt 3.794209 3.907885
vt 2.603393 4.168411
vt 2.993380 3.907885
vt 3.393795 3.907885
vt 0.991309 4.168411
vt 1.792137 3.907885
vt 2.192552 3.907885
vt 2.592966 3.907885
vt 1.391723 3.907885
vt 1.388024 1.605920
vt 1.391723 2.084206
vt 1.391723 2.214468
vt 1.503633 1.079461
vt 1.792137 1.432891
vt 1.792137 1.563154
vt 1.792137 1.693417
vt 2.192552 1.563154
vt 2.192552 1.693417
vt 2.592966 1.563154
vt 2.592966 1.693417
vt 2.993380 1.563154
vt 2.993380 1.693417
vt 3.393795 1.563154
vt 1.638424 0.545043
vt 1.792137 0.911840
vt 1.792137 1.042103
vt 1.792137 1.172366
vt 2.192552 1.042103
vt 2.192552 1.172366
vt 2.592966 1.042103
vt 2.592966 1.172366
vt 2.993380 1.042103
vt 2.993380 1.172366
vt 3.393795 1.042103
vt 3.393795 1.172366
vt 3.794209 1.042103
vt 3.794209 1.172366
vt 4.194624 1.172366
vt 4.600251 1.042103
vt 4.600251 1.172366
vt 4.803065 1.042103
vt 1.798118 0.000000
vt 1.792137 0.130263
vt 1.792137 0.260526
vt 1.792137 0.390789
vt 2.192552 0.260526
vt 2.192552 0.390789
vt 2.592966 0.260526
vt 2.592966 0.390789
vt 2.993380 0.260526
vt 2.993380 0.390789
vt 3.393795 0.260526
vt 3.393795 0.390789
vt 3.794209 0.260526
vt 3.794209 0.390789
vt 4.600251 0.260526
vt 4.600251 0.390789
vt 4.803065 0.260526
vt 4.803065 0.390789
vt 5.005879 0.260526
vt 5.005879 0.390789
vt 5.208693 0.260526
vt 5.208693 0.390789
vt 5.411507 0.260526
vt 5.411507 0.390789
vt 5.614321 0.260526
vt 5.614321 0.390789
vt 5.817134 0.260526
vt 5.817134 0.390789
vt 6.222762 0.260526
vt 4.391089 0.000000
vt 2.993380 0.130263
vt 2.592966 0.130263
vt 2.192552 0.130263
vt 5.039331 0.000000
vt 4.803065 0.130263
vt 4.600251 0.130263
vt 5.687574 0.000000
vt 5.411507 0.130263
vt 5.208693 0.130263
vt 5.005879 0.130263
vt 6.335817 0.000000
vt 5.817134 0.130263
vt 5.614321 0.130263
vt 6.425576 0.130263
vt 6.222762 0.130263
vt 1.792137 0.781577
vt 1.792137 0.651314
vt 1.792137 0.521051
vt 2.192552 0.521051
vt 7.034018 0.781577
vt 6.831204 0.781577
vt 6.628390 0.781577
vt 6.425576 0.781577
vt 6.222762 0.781577
vt 5.817134 0.781577
vt 1.792137 1.302628
vt 2.192552 1.302628
vt 2.592966 1.302628
vt 2.993380 1.302628
vt 3.393795 1.302628
vt 3.794209 1.302628
vt 7.034018 1.302628
vt 6.831204 1.302628
vt 6.628390 1.302628
vt 6.425576 1.302628
vt 6.222762 1.302628
vt 5.817134 1.302628
vt 5.614321 1.302628
vt 5.411507 1.302628
vt 5.208693 1.302628
vt 5.005879 1.302628
vt 1.391723 1.823680
vt 1.391723 1.693417
vt 1.792137 1.823680
vt 1.391723 1.953943
vt 1.792137 1.953943
vt 1.792137 2.084206
vt 7.034018 1.823680
vt 6.831204 1.823680
vt 6.628390 1.823680
vt 6.425576 1.823680
vt 6.222762 1.823680
vt 5.817134 1.823680
vt 5.614321 1.823680
vt 5.411507 1.823680
vt 5.208693 1.823680
vt 5.005879 1.823680
vt 4.803065 1.823680
vt 4.600251 1.823680
vt 3.794209 1.823680
vt 7.236832 2.344731
vt 7.236832 2.474994
vt 3.794209 0.130263
vt 3.393795 0.130263
vt 6.831204 0.651314
vt 6.628390 0.651314
vt 6.425576 0.651314
vt 6.222762 0.651314
vt 5.614321 0.521051
vt 5.411507 0.521051
vt 5.411507 0.651314
vt 5.208693 0.521051
vt 5.208693 0.651314
vt 5.208693 0.781577
vt 5.005879 0.521051
vt 5.005879 0.651314
vt 5.005879 0.781577
vt 5.005879 0.911840
vt 4.803065 0.521051
vt 4.803065 0.651314
vt 4.803065 0.781577
vt 4.803065 0.911840
vt 4.600251 0.521051
vt 4.600251 0.651314
vt 4.600251 0.781577
vt 4.600251 0.911840
vt 3.794209 0.521051
vt 3.794209 0.651314
vt 3.794209 0.781577
vt 3.794209 0.911840
vt 3.393795 0.521051
vt 3.393795 0.651314
vt 3.393795 0.781577
vt 3.393795 0.911840
vt 2.993380 0.521051
vt 2.993380 0.651314
vt 2.993380 0.781577
vt 2.993380 0.911840
vt 2.592966 0.521051
vt 2.592966 0.651314
vt 2.592966 0.781577
vt 2.592966 0.911840
vt 2.192552 0.651314
vt 6.831204 0.260526
vt 6.831204 1.172366
vt 6.628390 1.172366
vt 6.425576 1.172366
vt 6.222762 1.172366
vt 5.817134 1.172366
vt 5.614321 1.172366
vt 5.411507 1.172366
vt 5.208693 1.172366
vt 2.192552 0.911840
vt 2.192552 0.781577
vt 6.831204 1.693417
vt 6.628390 1.693417
vt 6.425576 1.693417
vt 6.222762 1.693417
vt 5.817134 1.693417
vt 5.614321 1.693417
vt 5.411507 1.693417
vt 5.208693 1.693417
vt 5.005879 1.693417
vt 4.803065 1.693417
vt 4.600251 1.693417
vt 4.194624 1.693417
vt 3.794209 1.432891
vt 3.393795 1.432891
vt 2.993380 1.432891
vt 2.592966 1.432891
vt 2.192552 1.432891
vt 7.034018 2.214468
vt 7.236832 2.214468
vt 7.034018 2.344731
vt 7.034018 2.474994
vt 6.831204 2.214468
vt 6.831204 2.344731
vt 6.831204 2.474994
vt 6.628390 2.214468
vt 6.628390 2.344731
vt 6.628390 2.474994
vt 6.425576 2.214468
vt 6.425576 2.344731
vt 6.425576 2.474994
vt 6.222762 2.214468
vt 6.222762 2.344731
vt 6.222762 2.474994
vt 5.817134 2.214468
vt 5.817134 2.344731
vt 5.817134 2.474994
vt 5.614321 2.214468
vt 5.614321 2.344731
vt 5.614321 2.474994
vt 5.411507 2.214468
vt 5.411507 2.344731
vt 5.411507 2.474994
vt 5.208693 2.214468
vt 5.208693 2.344731
vt 5.208693 2.474994
vt 5.005879 2.214468
vt 5.005879 2.344731
vt 5.005879 2.474994
vt 4.803065 2.214468
vt 4.803065 2.344731
vt 4.803065 2.474994
vt 4.600251 2.214468
vt 4.600251 2.344731
vt 4.600251 2.474994
vt 4.194624 2.214468
vt 3.794209 2.214468
vt 3.794209 2.344731
vt 3.794209 2.474994
vt 3.393795 2.214468
vt 3.393795 2.344731
vt 3.393795 2.474994
vt 2.993380 2.214468
vt 2.993380 2.344731
vt 2.993380 2.474994
vt 2.592966 2.214468
vt 2.592966 2.344731
vt 2.592966 2.474994
vt 2.192552 1.953943
vt 2.192552 1.823680
vt 2.592966 1.823680
vt 2.192552 2.474994
vt 2.192552 2.344731
vt 1.792137 2.474994
s 0
usemtl Steel_-_Satin.002
f 22/1/1 1/2/1 21/3/2
f 21/3/2 1/2/1 2/4/2
f 21/3/2 2/4/2 3/5/3
f 21/3/4 3/5/5 20/6/5
f 20/6/6 3/5/5 4/7/7
f 20/6/6 4/7/7 19/8/7
f 19/8/7 4/7/7 5/9/8
f 19/8/7 5/9/8 18/10/8
f 18/10/9 5/9/9 6/11/10
f 18/10/9 6/11/10 17/12/10
f 17/12/10 6/11/10 7/13/11
f 17/12/10 7/13/11 16/14/11
f 16/14/11 7/13/11 8/15/12
f 16/14/13 8/15/12 15/16/12
f 15/16/14 8/15/14 9/17/15
f 15/16/14 9/17/16 14/18/16
f 14/18/16 9/17/16 10/19/17
f 14/18/16 10/19/17 13/20/17
f 13/20/17 10/19/17 12/21/18
f 12/21/18 10/19/17 11/22/18
f 23/23/1 1/24/1 24/25/1
f 24/25/1 1/24/1 22/26/1
f 44/27/19 25/28/19 43/29/20
f 43/29/20 25/28/19 26/30/20
f 43/29/20 26/30/20 27/31/21
f 43/29/20 27/31/21 42/32/21
f 42/32/21 27/31/21 28/33/22
f 42/32/21 28/33/22 41/34/22
f 41/34/23 28/33/23 29/35/24
f 41/34/23 29/35/24 40/36/24
f 40/36/24 29/35/24 30/37/25
f 40/36/24 30/37/25 39/38/25
f 39/38/25 30/37/25 31/39/26
f 39/38/25 31/39/26 38/40/27
f 38/40/26 31/39/26 32/41/28
f 38/40/26 32/41/28 37/42/28
f 37/42/28 32/41/28 33/43/29
f 37/42/28 33/43/29 36/44/30
f 36/44/31 33/43/31 34/45/32
f 36/44/30 34/45/33 35/46/33
f 35/46/32 34/45/32 24/47/1
f 24/47/1 34/45/32 23/48/1
f 45/49/19 25/24/19 46/50/19
f 46/50/19 25/24/19 44/26/19
f 68/27/18 47/28/18 67/29/34
f 67/29/34 47/28/18 48/30/34
f 67/29/34 48/30/34 49/31/35
f 67/29/34 49/31/35 66/32/35
f 66/32/35 49/31/35 50/33/36
f 66/32/35 50/33/36 65/34/36
f 65/34/37 50/33/37 51/35/38
f 65/34/37 51/35/38 64/36/38
f 64/36/38 51/35/38 52/37/39
f 64/36/38 52/37/39 63/38/39
f 63/38/39 52/37/39 53/39/40
f 63/38/39 53/39/40 62/40/40
f 62/40/41 53/39/41 54/41/42
f 62/40/41 54/41/42 61/42/42
f 61/42/42 54/41/42 55/43/43
f 61/42/42 55/43/44 60/44/44
f 60/44/45 55/43/46 56/45/47
f 60/44/45 56/45/47 59/46/47
f 59/46/48 56/45/48 58/47/49
f 58/47/49 56/45/48 57/48/49
f 11/49/18 47/24/18 12/50/18
f 12/50/18 47/24/18 68/26/18
f 88/27/49 69/28/49 87/29/50
f 87/29/50 69/28/49 70/30/50
f 87/29/51 70/30/51 71/31/52
f 87/29/51 71/31/52 86/32/53
f 86/32/54 71/31/54 72/33/55
f 86/32/54 72/33/55 85/34/55
f 85/34/55 72/33/55 73/35/56
f 85/34/55 73/35/56 84/36/56
f 84/36/56 73/35/57 74/37/58
f 84/36/56 74/37/58 83/38/58
f 83/38/58 74/37/58 75/39/59
f 83/38/58 75/39/59 82/40/59
f 82/40/59 75/39/59 76/41/60
f 82/40/59 76/41/60 81/42/60
f 81/42/61 76/41/61 77/43/62
f 81/42/61 77/43/62 80/44/62
f 80/44/62 77/43/62 78/45/63
f 80/44/62 78/45/63 79/46/63
f 79/46/63 78/45/63 46/47/19
f 46/47/19 78/45/63 45/48/19
f 57/23/49 69/24/49 58/25/49
f 58/25/49 69/24/49 88/26/49
f 87/51/64 86/52/64 88/53/64
f 88/53/64 86/52/64 85/54/64
f 88/53/64 85/54/64 84/55/64
f 84/55/64 83/56/64 88/53/64
f 88/53/64 83/56/64 82/57/64
f 88/53/64 82/57/64 81/58/64
f 81/58/64 80/59/64 88/53/64
f 88/53/64 80/59/64 79/60/64
f 88/53/64 79/60/64 46/61/64
f 44/62/64 12/63/64 46/61/64
f 46/61/64 12/63/64 68/64/64
f 46/61/64 68/64/64 88/53/64
f 88/53/64 68/64/64 58/65/64
f 58/65/64 68/64/64 67/66/64
f 58/65/64 67/66/64 66/67/64
f 43/68/64 24/69/64 44/62/64
f 44/62/64 24/69/64 22/70/64
f 44/62/64 22/70/64 12/63/64
f 12/63/64 22/70/64 13/71/64
f 13/71/64 22/70/64 14/72/64
f 14/72/64 22/70/64 15/73/64
f 15/73/64 22/70/64 16/74/64
f 16/74/64 22/70/64 17/75/64
f 17/75/64 22/70/64 18/76/64
f 18/76/64 22/70/64 19/77/64
f 19/77/64 22/70/64 20/78/64
f 20/78/64 22/70/64 21/79/64
f 43/68/64 42/80/64 24/69/64
f 24/69/64 42/80/64 41/81/64
f 24/69/64 41/81/64 40/82/64
f 40/82/64 39/83/64 24/69/64
f 24/69/64 39/83/64 38/84/64
f 24/69/64 38/84/64 37/85/64
f 37/85/64 36/86/64 24/69/64
f 24/69/64 36/86/64 35/87/64
f 66/67/64 65/88/64 58/65/64
f 58/65/64 65/88/64 64/89/64
f 58/65/64 64/89/64 63/90/64
f 63/90/64 62/91/64 58/65/64
f 58/65/64 62/91/64 61/92/64
f 58/65/64 61/92/64 60/93/64
f 60/93/64 59/94/64 58/65/64
f 90/95/65 234/96/65 89/97/19
f 89/97/19 234/96/65 162/98/19
f 89/99/19 162/100/19 161/101/66
f 161/101/66 162/100/19 163/102/66
f 161/101/66 163/102/66 160/103/67
f 160/103/67 163/102/66 164/104/67
f 160/103/67 164/104/67 159/105/68
f 159/105/68 164/104/67 165/106/68
f 159/105/69 165/106/69 158/107/70
f 158/107/70 165/106/69 166/108/70
f 158/107/70 166/108/70 157/109/71
f 157/109/71 166/108/70 167/110/71
f 157/109/71 167/110/71 156/111/72
f 156/111/72 167/110/71 168/112/72
f 156/111/72 168/112/72 155/113/73
f 155/113/73 168/112/72 169/114/73
f 155/113/73 169/114/73 154/115/74
f 154/115/74 169/114/73 170/116/74
f 154/115/74 170/116/74 153/117/75
f 153/117/75 170/116/74 171/118/75
f 153/117/76 171/118/76 152/119/77
f 152/119/77 171/118/78 172/120/77
f 152/119/77 172/120/77 151/121/79
f 151/121/79 172/120/77 173/122/79
f 151/121/80 173/122/80 150/123/81
f 150/123/81 173/122/80 174/124/81
f 150/123/82 174/124/82 149/125/83
f 149/125/83 174/124/82 175/126/83
f 149/125/84 175/126/84 148/127/85
f 148/127/85 175/126/84 176/128/85
f 148/127/85 176/128/85 147/129/86
f 147/129/86 176/128/85 177/130/86
f 147/129/87 177/130/87 146/131/88
f 146/131/88 177/130/86 178/132/88
f 146/131/88 178/132/88 145/133/89
f 145/133/89 178/132/88 179/134/89
f 145/133/89 179/134/89 144/135/90
f 144/135/90 179/134/89 180/136/90
f 144/135/90 180/136/90 143/137/91
f 143/137/91 180/136/90 181/138/91
f 143/137/91 181/138/91 142/139/92
f 142/139/92 181/138/91 182/140/92
f 142/139/92 182/140/92 141/141/93
f 141/141/93 182/140/92 183/142/93
f 141/141/93 183/142/93 140/143/94
f 140/143/94 183/142/93 184/144/94
f 140/143/95 184/144/95 139/145/96
f 139/145/96 184/144/94 185/146/96
f 139/145/96 185/146/96 138/147/97
f 138/147/97 185/146/98 186/148/97
f 138/147/99 186/148/99 137/149/100
f 137/149/100 186/148/97 187/150/100
f 137/149/101 187/150/101 136/151/102
f 136/151/102 187/150/103 188/152/102
f 136/151/104 188/152/104 135/153/105
f 135/153/105 188/152/106 189/154/105
f 135/153/105 189/154/105 134/155/107
f 134/155/107 189/154/105 190/156/107
f 134/155/107 190/156/107 133/157/108
f 133/157/108 190/156/107 191/158/108
f 133/157/108 191/158/108 132/159/109
f 132/159/109 191/158/108 192/160/109
f 132/159/109 192/160/110 131/161/111
f 131/161/111 192/160/110 193/162/111
f 131/161/112 193/162/112 130/163/113
f 130/163/113 193/162/112 194/164/113
f 130/163/113 194/164/113 129/165/114
f 129/165/114 194/164/113 195/166/114
f 129/165/114 195/166/114 128/167/115
f 128/167/115 195/166/114 196/168/116
f 128/167/116 196/168/116 127/169/117
f 127/169/117 196/168/116 197/170/117
f 127/169/118 197/170/118 126/171/119
f 126/171/119 197/170/118 198/172/119
f 126/171/119 198/172/119 125/173/120
f 125/173/120 198/172/119 199/174/120
f 125/173/120 199/174/120 124/175/121
f 124/175/121 199/174/120 200/176/121
f 124/175/122 200/176/122 123/177/123
f 123/177/123 200/176/122 201/178/123
f 123/177/123 201/178/123 122/179/124
f 122/179/124 201/178/125 202/180/124
f 122/179/124 202/180/124 121/181/126
f 121/181/126 202/180/124 203/182/126
f 121/181/126 203/182/126 120/183/127
f 120/183/127 203/182/126 204/184/127
f 120/183/128 204/184/128 119/185/129
f 119/185/130 204/184/128 205/186/130
f 119/185/130 205/186/130 118/187/131
f 118/187/131 205/186/130 206/188/131
f 118/187/131 206/188/131 117/189/132
f 117/189/132 206/188/131 207/190/132
f 117/189/132 207/190/132 116/191/133
f 116/191/133 207/190/132 208/192/133
f 116/191/133 208/192/133 115/193/134
f 115/193/134 208/192/133 209/194/134
f 115/193/135 209/194/135 114/195/136
f 114/195/137 209/194/135 210/196/137
f 114/195/138 210/196/138 113/197/139
f 113/197/140 210/196/138 211/198/140
f 113/197/139 211/198/139 112/199/141
f 112/199/141 211/198/139 212/200/141
f 112/199/141 212/200/141 111/201/142
f 111/201/143 212/200/141 213/202/143
f 111/201/142 213/202/142 110/203/144
f 110/203/144 213/202/142 214/204/144
f 110/203/144 214/204/144 109/205/145
f 109/205/145 214/204/144 215/206/145
f 109/205/145 215/206/145 108/207/146
f 108/207/146 215/206/145 216/208/146
f 108/207/146 216/208/146 107/209/147
f 107/209/147 216/208/146 217/210/147
f 107/209/147 217/210/147 106/211/148
f 106/211/149 217/210/150 218/212/149
f 106/211/148 218/212/148 105/213/151
f 105/213/151 218/212/148 219/214/151
f 105/213/151 219/214/151 104/215/152
f 104/215/152 219/214/151 220/216/152
f 104/215/152 220/216/152 103/217/153
f 103/217/153 220/216/152 221/218/153
f 103/217/153 221/218/153 102/219/154
f 102/219/154 221/218/153 222/220/154
f 102/219/155 222/220/155 101/221/156
f 101/221/156 222/220/155 223/222/156
f 101/221/157 223/222/157 100/223/158
f 100/223/159 223/222/157 224/224/159
f 100/223/158 224/224/158 99/225/160
f 99/225/160 224/224/158 225/226/160
f 99/225/160 225/226/160 98/227/161
f 98/227/161 225/226/160 226/228/161
f 98/227/162 226/228/162 97/229/163
f 97/229/163 226/228/164 227/230/163
f 97/229/163 227/230/163 96/231/165
f 96/231/165 227/230/163 228/232/165
f 96/231/165 228/232/165 95/233/166
f 95/233/166 228/232/165 229/234/166
f 95/233/166 229/234/166 94/235/167
f 94/235/168 229/234/166 230/236/168
f 94/235/167 230/236/167 93/237/169
f 93/237/169 230/236/167 231/238/169
f 93/237/169 231/238/169 92/239/170
f 92/239/170 231/238/169 232/240/170
f 92/239/171 232/240/171 91/241/172
f 91/241/172 232/240/171 233/242/172
f 91/241/172 233/242/173 90/95/65
f 90/95/65 233/242/172 234/96/65
f 234/243/64 199/244/64 162/245/64
f 162/245/64 199/244/64 198/246/64
f 162/245/64 198/246/64 163/247/64
f 163/247/64 198/246/64 164/248/64
f 164/248/64 198/246/64 165/249/64
f 165/249/64 198/246/64 166/250/64
f 166/250/64 198/246/64 167/251/64
f 167/251/64 198/246/64 168/252/64
f 168/252/64 198/246/64 169/253/64
f 169/253/64 198/246/64 170/254/64
f 170/254/64 198/246/64 171/255/64
f 171/255/64 198/246/64 172/256/64
f 172/256/64 198/246/64 173/257/64
f 173/257/64 198/246/64 174/258/64
f 174/258/64 198/246/64 175/259/64
f 175/259/64 198/246/64 176/260/64
f 176/260/64 198/246/64 177/261/64
f 177/261/64 198/246/64 178/262/64
f 178/262/64 198/246/64 179/263/64
f 179/263/64 198/246/64 180/264/64
f 180/264/64 198/246/64 181/265/64
f 181/265/64 198/246/64 182/266/64
f 182/266/64 198/246/64 183/267/64
f 183/267/64 198/246/64 184/268/64
f 184/268/64 198/246/64 185/269/64
f 185/269/64 198/246/64 186/270/64
f 186/270/64 198/246/64 187/271/64
f 187/271/64 198/246/64 188/272/64
f 188/272/64 198/246/64 189/273/64
f 189/273/64 198/246/64 190/274/64
f 190/274/64 198/246/64 191/275/64
f 191/275/64 198/246/64 192/276/64
f 192/276/64 198/246/64 193/277/64
f 193/277/64 198/246/64 194/278/64
f 194/278/64 198/246/64 195/279/64
f 195/279/64 198/246/64 197/280/64
f 195/279/64 197/280/64 196/281/64
f 199/244/64 234/243/64 200/282/64
f 200/282/64 234/243/64 233/283/64
f 200/282/64 233/283/64 201/284/64
f 201/284/64 233/283/64 232/285/64
f 201/284/64 232/285/64 202/286/64
f 202/286/64 232/285/64 231/287/64
f 202/286/64 231/287/64 203/288/64
f 203/288/64 231/287/64 230/289/64
f 203/288/64 230/289/64 204/290/64
f 204/290/64 230/289/64 229/291/64
f 204/290/64 229/291/64 205/292/64
f 205/292/64 229/291/64 228/293/64
f 205/292/64 228/293/64 206/294/64
f 206/294/64 228/293/64 227/295/64
f 206/294/64 227/295/64 207/296/64
f 207/296/64 227/295/64 226/297/64
f 207/296/64 226/297/64 208/298/64
f 208/298/64 226/297/64 225/299/64
f 208/298/64 225/299/64 209/300/64
f 209/300/64 225/299/64 224/301/64
f 209/300/64 224/301/64 210/302/64
f 210/302/64 224/301/64 223/303/64
f 210/302/64 223/303/64 211/304/64
f 211/304/64 223/303/64 222/305/64
f 211/304/64 222/305/64 212/306/64
f 212/306/64 222/305/64 221/307/64
f 212/306/64 221/307/64 213/308/64
f 213/308/64 221/307/64 220/309/64
f 213/308/64 220/309/64 214/310/64
f 214/310/64 220/309/64 219/311/64
f 214/310/64 219/311/64 215/312/64
f 215/312/64 219/311/64 218/313/64
f 215/312/64 218/313/64 216/314/64
f 216/314/64 218/313/64 217/315/64
f 296/316/174 235/317/174 320/318/175
f 320/318/175 235/317/174 236/319/176
f 320/318/175 236/319/177 319/320/178
f 319/320/178 236/319/179 237/321/180
f 319/320/178 237/321/180 318/322/181
f 318/322/181 237/321/182 321/323/183
f 318/322/181 321/323/183 322/324/184
f 322/324/184 321/323/185 238/325/186
f 322/324/187 238/325/188 239/326/189
f 237/321/180 238/325/188 321/323/183
f 240/327/190 324/328/191 239/326/189
f 239/326/189 324/328/191 323/329/192
f 239/326/189 323/329/192 322/324/193
f 322/324/193 323/329/192 317/330/194
f 322/324/184 317/330/194 318/322/195
f 318/322/195 317/330/194 389/331/196
f 318/322/181 389/331/196 390/332/197
f 390/332/197 389/331/196 413/333/198
f 390/332/197 413/333/199 414/334/200
f 414/334/201 413/333/199 436/335/202
f 414/334/201 436/335/202 294/336/174
f 294/336/174 436/335/202 293/337/174
f 293/337/174 436/335/202 440/338/203
f 293/337/174 440/338/203 292/339/174
f 292/339/174 440/338/203 291/340/174
f 291/340/174 440/338/204 444/341/205
f 291/340/174 444/341/206 290/342/174
f 290/342/174 444/341/205 289/343/207
f 289/343/207 444/341/205 443/344/208
f 289/343/207 443/344/209 288/345/210
f 288/345/210 443/344/209 439/346/211
f 288/345/210 439/346/211 438/347/212
f 438/347/212 439/346/211 434/348/213
f 438/347/212 434/348/213 433/349/214
f 433/349/214 434/348/213 411/350/215
f 433/349/216 411/350/215 410/351/217
f 410/351/218 411/350/219 387/352/220
f 410/351/218 387/352/220 386/353/221
f 386/353/221 387/352/220 315/354/222
f 386/353/221 315/354/223 314/355/224
f 314/355/224 315/354/225 325/356/226
f 314/355/224 325/356/227 326/357/228
f 326/357/228 325/356/229 342/358/230
f 326/357/231 342/358/232 343/359/233
f 343/359/233 342/358/232 242/360/234
f 343/359/233 242/360/235 243/361/236
f 241/362/237 358/363/238 240/327/190
f 240/327/190 358/363/238 325/356/226
f 240/327/190 325/356/226 324/328/191
f 324/328/191 325/356/226 315/354/239
f 324/328/191 315/354/223 316/364/240
f 316/364/240 315/354/239 387/352/220
f 316/364/240 387/352/220 388/365/241
f 388/365/241 387/352/220 411/350/219
f 388/365/241 411/350/219 412/366/242
f 412/366/242 411/350/215 434/348/213
f 412/366/242 434/348/213 435/367/243
f 435/367/243 434/348/213 439/346/211
f 435/367/243 439/346/211 440/338/204
f 440/338/204 439/346/211 444/341/205
f 242/360/234 342/358/232 241/362/237
f 241/362/237 342/358/232 325/356/226
f 241/362/237 325/356/244 358/363/238
f 343/359/233 243/361/236 344/368/245
f 344/368/245 243/361/246 244/369/247
f 344/368/245 244/369/248 345/370/249
f 345/370/249 244/369/247 245/371/250
f 345/370/251 245/371/252 346/372/253
f 346/372/253 245/371/252 246/373/254
f 346/372/255 246/373/254 247/374/256
f 346/372/253 247/374/256 347/375/257
f 347/375/257 247/374/256 248/376/258
f 347/375/257 248/376/258 348/377/259
f 348/377/259 248/376/258 359/378/260
f 348/377/259 359/378/260 360/379/261
f 360/379/261 359/378/260 249/380/262
f 360/379/261 249/380/262 250/381/263
f 248/376/258 249/380/262 359/378/260
f 360/379/261 250/381/263 361/382/264
f 361/382/264 250/381/263 251/383/265
f 361/382/266 251/383/265 252/384/267
f 361/382/266 252/384/268 362/385/269
f 362/385/269 252/384/267 253/386/270
f 362/385/269 253/386/270 363/387/271
f 363/387/271 253/386/270 254/388/272
f 363/387/271 254/388/272 364/389/273
f 364/389/274 254/388/272 255/390/275
f 364/389/273 255/390/275 365/391/276
f 365/391/276 255/390/275 256/392/277
f 365/391/276 256/392/278 366/393/279
f 366/393/279 256/392/278 257/394/280
f 366/393/279 257/394/280 367/395/281
f 367/395/281 257/394/280 258/396/282
f 367/395/281 258/396/282 368/397/283
f 368/397/283 258/396/282 259/398/284
f 368/397/283 259/398/284 260/399/285
f 260/399/286 261/400/287 368/397/283
f 368/397/283 261/400/288 357/401/289
f 368/397/283 357/401/290 356/402/291
f 356/402/292 357/401/293 340/403/294
f 356/402/295 340/403/294 339/404/296
f 339/404/296 340/403/294 300/405/297
f 339/404/296 300/405/297 301/406/298
f 301/406/298 300/405/297 372/407/299
f 301/406/298 372/407/300 373/408/301
f 373/408/301 372/407/299 396/409/302
f 373/408/301 396/409/302 397/410/303
f 397/410/304 396/409/302 419/411/305
f 397/410/304 419/411/305 275/412/306
f 275/412/306 419/411/305 274/413/307
f 274/413/307 419/411/305 418/414/308
f 274/413/307 418/414/308 273/415/309
f 273/415/309 418/414/308 417/416/310
f 273/415/309 417/416/311 272/417/312
f 272/417/312 417/416/310 416/418/313
f 272/417/312 416/418/313 271/419/314
f 271/419/314 416/418/313 415/420/315
f 271/419/314 415/420/316 270/421/317
f 270/421/317 415/420/315 297/422/318
f 270/421/317 297/422/318 269/423/319
f 269/423/320 297/422/318 268/424/321
f 268/424/321 297/422/318 267/425/322
f 267/425/322 297/422/318 392/426/323
f 267/425/322 392/426/323 266/427/324
f 266/427/324 392/426/323 369/428/325
f 266/427/324 369/428/325 265/429/326
f 265/429/326 369/428/325 298/430/327
f 265/429/326 298/430/327 264/431/328
f 264/431/329 298/430/327 341/432/330
f 264/431/328 341/432/330 263/433/331
f 263/433/331 341/432/332 262/434/333
f 262/434/333 341/432/330 357/401/293
f 262/434/333 357/401/290 261/400/287
f 397/410/303 275/412/334 420/435/335
f 420/435/335 275/412/306 276/436/336
f 420/435/335 276/436/336 421/437/337
f 421/437/337 276/436/338 277/438/339
f 421/437/337 277/438/340 422/439/341
f 422/439/341 277/438/340 278/440/342
f 422/439/341 278/440/342 423/441/343
f 423/441/344 278/440/342 279/442/345
f 423/441/343 279/442/346 424/443/347
f 424/443/347 279/442/345 280/444/348
f 424/443/347 280/444/348 425/445/349
f 425/445/349 280/444/350 281/446/351
f 425/445/349 281/446/351 426/447/352
f 426/447/352 281/446/351 427/448/353
f 426/447/352 427/448/354 404/449/355
f 404/449/356 427/448/353 405/450/357
f 404/449/356 405/450/358 381/451/359
f 381/451/360 405/450/361 382/452/362
f 381/451/359 382/452/363 310/453/364
f 310/453/365 382/452/362 311/454/366
f 310/453/367 311/454/368 329/455/369
f 329/455/369 311/454/368 328/456/370
f 329/455/369 328/456/370 345/370/251
f 345/370/249 328/456/371 344/368/245
f 281/446/351 282/457/372 427/448/353
f 427/448/353 282/457/373 428/458/374
f 427/448/354 428/458/374 405/450/361
f 405/450/361 428/458/374 406/459/375
f 405/450/361 406/459/375 382/452/362
f 382/452/362 406/459/375 383/460/376
f 382/452/362 383/460/376 311/454/377
f 311/454/377 383/460/376 312/461/378
f 311/454/368 312/461/378 328/456/370
f 328/456/379 312/461/378 327/462/380
f 328/456/371 327/462/381 344/368/245
f 344/368/245 327/462/380 343/359/233
f 282/457/373 283/463/382 428/458/374
f 428/458/374 283/463/382 429/464/383
f 428/458/374 429/464/384 406/459/385
f 406/459/385 429/464/383 407/465/386
f 406/459/385 407/465/386 383/460/376
f 383/460/376 407/465/387 384/466/388
f 383/460/376 384/466/388 312/461/389
f 312/461/378 384/466/388 313/467/390
f 312/461/378 313/467/390 327/462/381
f 327/462/381 313/467/390 326/357/231
f 327/462/380 326/357/228 343/359/233
f 429/464/383 283/463/382 430/468/391
f 430/468/391 283/463/382 284/469/392
f 430/468/393 284/469/392 431/470/394
f 431/470/394 284/469/392 441/471/395
f 431/470/394 441/471/396 285/472/397
f 285/472/397 441/471/395 284/469/392
f 286/473/398 442/474/399 285/472/400
f 285/472/397 442/474/399 432/475/401
f 285/472/397 432/475/401 431/470/394
f 431/470/394 432/475/401 409/476/402
f 431/470/394 409/476/402 408/477/403
f 408/477/404 409/476/402 385/478/405
f 408/477/403 385/478/405 384/466/388
f 384/466/406 385/478/405 313/467/390
f 287/479/407 437/480/408 286/473/398
f 286/473/398 437/480/409 432/475/401
f 286/473/398 432/475/410 442/474/411
f 437/480/409 287/479/407 438/347/212
f 438/347/212 287/479/407 288/345/210
f 294/336/174 295/481/174 414/334/201
f 414/334/201 295/481/174 391/482/412
f 414/334/200 391/482/412 390/332/413
f 390/332/413 391/482/412 319/320/414
f 390/332/197 319/320/178 318/322/181
f 295/481/174 296/316/174 391/482/415
f 391/482/412 296/316/174 320/318/175
f 391/482/412 320/318/175 319/320/178
f 298/430/327 299/483/416 341/432/330
f 341/432/330 299/483/416 340/403/294
f 341/432/330 340/403/294 357/401/417
f 340/403/294 299/483/416 300/405/297
f 300/405/297 299/483/416 371/484/418
f 300/405/419 371/484/420 372/407/299
f 372/407/299 371/484/420 395/485/421
f 372/407/299 395/485/421 396/409/302
f 396/409/302 395/485/421 418/414/308
f 396/409/302 418/414/308 419/411/305
f 299/483/416 298/430/327 370/486/422
f 370/486/422 298/430/327 369/428/325
f 370/486/422 369/428/325 393/487/423
f 393/487/423 369/428/424 392/426/425
f 393/487/423 392/426/426 415/420/427
f 415/420/316 392/426/426 297/422/318
f 301/406/298 302/488/428 338/489/429
f 338/489/430 302/488/431 337/490/432
f 338/489/433 337/490/434 354/491/435
f 354/491/435 337/490/434 353/492/436
f 354/491/435 353/492/437 365/391/276
f 365/391/276 353/492/436 364/389/273
f 302/488/428 303/493/438 337/490/434
f 337/490/434 303/493/439 336/494/440
f 337/490/432 336/494/440 353/492/436
f 353/492/436 336/494/440 352/495/441
f 353/492/436 352/495/441 364/389/273
f 364/389/273 352/495/441 363/387/271
f 301/406/298 373/408/301 302/488/428
f 302/488/431 373/408/301 374/496/442
f 302/488/428 374/496/443 303/493/439
f 303/493/438 374/496/442 375/497/444
f 303/493/438 375/497/444 304/498/445
f 304/498/445 375/497/444 376/499/446
f 304/498/445 376/499/446 305/500/447
f 305/500/447 376/499/446 377/501/448
f 305/500/447 377/501/449 306/502/450
f 306/502/450 377/501/449 378/503/451
f 306/502/450 378/503/451 307/504/452
f 307/504/452 378/503/451 379/505/453
f 307/504/452 379/505/453 308/506/454
f 308/506/455 379/505/456 380/507/457
f 308/506/454 380/507/457 309/508/458
f 309/508/458 380/507/457 381/451/360
f 309/508/458 381/451/360 310/453/365
f 303/493/438 304/498/445 336/494/440
f 336/494/440 304/498/445 335/509/459
f 336/494/440 335/509/459 352/495/441
f 352/495/441 335/509/459 351/510/460
f 352/495/441 351/510/460 363/387/271
f 363/387/271 351/510/460 362/385/269
f 304/498/445 305/500/447 335/509/461
f 335/509/461 305/500/447 334/511/462
f 335/509/459 334/511/462 351/510/460
f 351/510/463 334/511/462 350/512/464
f 351/510/463 350/512/464 362/385/465
f 362/385/466 350/512/467 361/382/266
f 305/500/447 306/502/450 334/511/462
f 334/511/462 306/502/450 333/513/468
f 334/511/462 333/513/469 350/512/464
f 350/512/464 333/513/469 349/514/470
f 350/512/464 349/514/470 361/382/264
f 361/382/266 349/514/471 360/379/261
f 306/502/450 307/504/452 333/513/468
f 333/513/469 307/504/452 332/515/472
f 333/513/468 332/515/472 349/514/471
f 349/514/471 332/515/472 348/377/259
f 349/514/471 348/377/259 360/379/261
f 307/504/452 308/506/454 332/515/472
f 332/515/472 308/506/454 331/516/473
f 332/515/472 331/516/473 348/377/259
f 348/377/259 331/516/473 347/375/474
f 308/506/455 309/508/458 331/516/473
f 331/516/473 309/508/475 330/517/476
f 331/516/473 330/517/476 347/375/474
f 347/375/257 330/517/476 346/372/253
f 309/508/458 310/453/364 330/517/476
f 330/517/476 310/453/364 329/455/369
f 330/517/476 329/455/369 346/372/253
f 346/372/253 329/455/369 345/370/251
f 326/357/231 313/467/477 314/355/478
f 314/355/478 313/467/477 385/478/405
f 314/355/224 385/478/405 386/353/221
f 386/353/221 385/478/405 409/476/402
f 386/353/221 409/476/402 410/351/217
f 410/351/217 409/476/402 432/475/401
f 410/351/217 432/475/401 433/349/214
f 433/349/214 432/475/401 437/480/408
f 433/349/214 437/480/408 438/347/479
f 323/329/192 324/328/191 316/364/240
f 323/329/192 316/364/240 317/330/194
f 317/330/194 316/364/480 388/365/241
f 317/330/194 388/365/241 389/331/196
f 389/331/196 388/365/241 412/366/481
f 389/331/196 412/366/242 413/333/482
f 413/333/198 412/366/242 435/367/243
f 413/333/198 435/367/243 436/335/202
f 436/335/202 435/367/243 440/338/204
f 301/406/298 338/489/433 339/404/296
f 339/404/296 338/489/430 355/518/483
f 339/404/296 355/518/483 356/402/291
f 356/402/292 355/518/483 367/395/281
f 356/402/292 367/395/281 368/397/283
f 355/518/483 338/489/433 354/491/435
f 365/391/276 366/393/279 354/491/435
f 354/491/435 366/393/279 355/518/483
f 366/393/484 367/395/281 355/518/483
f 299/483/485 370/486/422 371/484/418
f 371/484/420 370/486/422 394/519/486
f 371/484/420 394/519/486 395/485/421
f 395/485/487 394/519/486 417/416/310
f 395/485/421 417/416/311 418/414/308
f 394/519/486 370/486/422 393/487/423
f 373/408/301 397/410/304 374/496/442
f 374/496/443 397/410/304 398/520/488
f 374/496/443 398/520/488 375/497/444
f 375/497/444 398/520/488 399/521/489
f 375/497/444 399/521/489 376/499/446
f 376/499/446 399/521/489 400/522/490
f 376/499/446 400/522/491 377/501/449
f 377/501/449 400/522/490 401/523/492
f 377/501/448 401/523/493 378/503/451
f 378/503/451 401/523/493 402/524/494
f 378/503/451 402/524/494 379/505/456
f 379/505/456 402/524/494 403/525/495
f 379/505/453 403/525/495 380/507/457
f 380/507/457 403/525/495 404/449/355
f 380/507/457 404/449/355 381/451/360
f 408/477/404 384/466/388 407/465/386
f 415/420/315 416/418/313 393/487/423
f 393/487/423 416/418/313 394/519/486
f 416/418/313 417/416/310 394/519/486
f 397/410/303 420/435/335 398/520/488
f 398/520/488 420/435/335 421/437/496
f 398/520/488 421/437/337 399/521/489
f 399/521/497 421/437/337 422/439/341
f 399/521/489 422/439/341 400/522/490
f 400/522/490 422/439/341 423/441/498
f 400/522/490 423/441/498 401/523/493
f 401/523/493 423/441/343 424/443/499
f 401/523/493 424/443/499 402/524/494
f 402/524/494 424/443/347 425/445/349
f 402/524/494 425/445/349 403/525/495
f 403/525/495 425/445/349 426/447/352
f 403/525/495 426/447/500 404/449/355
f 429/464/501 430/468/393 407/465/386
f 407/465/386 430/468/391 408/477/404
f 430/468/391 431/470/394 408/477/404
f 443/344/208 444/341/205 439/346/211
f 78/526/64 524/527/64 45/528/64
f 45/528/64 524/527/64 239/529/64
f 45/528/64 239/529/64 238/530/64
f 524/527/64 78/526/64 523/531/64
f 523/531/64 78/526/64 77/532/64
f 523/531/64 77/532/64 76/533/64
f 523/531/64 76/533/64 522/534/64
f 522/534/64 76/533/64 75/535/64
f 522/534/64 75/535/64 74/536/64
f 74/536/64 73/537/64 522/534/64
f 522/534/64 73/537/64 521/538/64
f 521/538/64 73/537/64 72/539/64
f 521/538/64 72/539/64 99/540/64
f 99/540/64 72/539/64 100/541/64
f 100/541/64 72/539/64 71/542/64
f 100/541/64 71/542/64 101/543/64
f 101/543/64 71/542/64 70/544/64
f 101/543/64 70/544/64 102/545/64
f 102/545/64 70/544/64 69/546/64
f 102/545/64 69/546/64 103/547/64
f 103/547/64 69/546/64 104/548/64
f 104/548/64 69/546/64 105/549/64
f 105/549/64 69/546/64 106/550/64
f 106/550/64 69/546/64 107/551/64
f 107/551/64 69/546/64 57/552/64
f 107/551/64 57/552/64 108/553/64
f 108/553/64 57/552/64 109/554/64
f 109/554/64 57/552/64 110/555/64
f 110/555/64 57/552/64 111/556/64
f 111/556/64 57/552/64 112/557/64
f 112/557/64 57/552/64 56/558/64
f 112/557/64 56/558/64 113/559/64
f 113/559/64 56/558/64 55/560/64
f 113/559/64 55/560/64 114/561/64
f 114/561/64 55/560/64 115/562/64
f 115/562/64 55/560/64 54/563/64
f 115/562/64 54/563/64 116/564/64
f 116/564/64 54/563/64 472/565/64
f 116/564/64 472/565/64 117/566/64
f 117/566/64 472/565/64 118/567/64
f 118/567/64 472/565/64 473/568/64
f 118/567/64 473/568/64 119/569/64
f 119/569/64 473/568/64 120/570/64
f 120/570/64 473/568/64 121/571/64
f 121/571/64 473/568/64 474/572/64
f 121/571/64 474/572/64 122/573/64
f 122/573/64 474/572/64 123/574/64
f 123/574/64 474/572/64 124/575/64
f 124/575/64 474/572/64 475/576/64
f 124/575/64 475/576/64 125/577/64
f 125/577/64 475/576/64 126/578/64
f 126/578/64 475/576/64 127/579/64
f 127/579/64 475/576/64 128/580/64
f 128/580/64 475/576/64 129/581/64
f 129/581/64 475/576/64 476/582/64
f 129/581/64 476/582/64 130/583/64
f 130/583/64 476/582/64 131/584/64
f 131/584/64 476/582/64 496/585/64
f 131/584/64 496/585/64 132/586/64
f 132/586/64 496/585/64 133/587/64
f 133/587/64 496/585/64 134/588/64
f 134/588/64 496/585/64 135/589/64
f 135/589/64 496/585/64 136/590/64
f 136/590/64 496/585/64 137/591/64
f 137/591/64 496/585/64 138/592/64
f 138/592/64 496/585/64 139/593/64
f 139/593/64 496/585/64 140/594/64
f 140/594/64 496/585/64 141/595/64
f 141/595/64 496/585/64 142/596/64
f 142/596/64 496/585/64 143/597/64
f 143/597/64 496/585/64 144/598/64
f 144/598/64 496/585/64 497/599/64
f 144/598/64 497/599/64 145/600/64
f 145/600/64 497/599/64 146/601/64
f 146/601/64 497/599/64 147/602/64
f 147/602/64 497/599/64 148/603/64
f 148/603/64 497/599/64 149/604/64
f 149/604/64 497/599/64 150/605/64
f 150/605/64 497/599/64 151/606/64
f 151/606/64 497/599/64 152/607/64
f 152/607/64 497/599/64 153/608/64
f 153/608/64 497/599/64 154/609/64
f 154/609/64 497/599/64 155/610/64
f 155/610/64 497/599/64 156/611/64
f 156/611/64 497/599/64 157/612/64
f 157/612/64 497/599/64 517/613/64
f 157/612/64 517/613/64 158/614/64
f 158/614/64 517/613/64 159/615/64
f 159/615/64 517/613/64 518/616/64
f 159/615/64 518/616/64 160/617/64
f 160/617/64 518/616/64 161/618/64
f 161/618/64 518/616/64 89/619/64
f 89/619/64 518/616/64 90/620/64
f 90/620/64 518/616/64 519/621/64
f 90/620/64 519/621/64 91/622/64
f 91/622/64 519/621/64 92/623/64
f 92/623/64 519/621/64 93/624/64
f 93/624/64 519/621/64 94/625/64
f 94/625/64 519/621/64 520/626/64
f 94/625/64 520/626/64 95/627/64
f 95/627/64 520/626/64 96/628/64
f 96/628/64 520/626/64 97/629/64
f 97/629/64 520/626/64 521/538/64
f 97/629/64 521/538/64 98/630/64
f 98/630/64 521/538/64 99/540/64
f 54/563/64 53/631/64 472/565/64
f 472/565/64 53/631/64 471/632/64
f 471/632/64 53/631/64 52/633/64
f 471/632/64 52/633/64 51/634/64
f 51/634/64 50/635/64 471/632/64
f 471/632/64 50/635/64 470/636/64
f 470/636/64 50/635/64 49/637/64
f 470/636/64 49/637/64 48/638/64
f 470/636/64 48/638/64 469/639/64
f 469/639/64 48/638/64 47/640/64
f 469/639/64 47/640/64 449/641/64
f 449/641/64 47/640/64 448/642/64
f 448/642/64 47/640/64 447/643/64
f 447/643/64 47/640/64 446/644/64
f 446/644/64 47/640/64 445/645/64
f 445/645/64 47/640/64 11/646/64
f 445/645/64 11/646/64 10/647/64
f 10/647/64 9/648/64 445/645/64
f 445/645/64 9/648/64 8/649/64
f 445/645/64 8/649/64 7/650/64
f 7/650/64 6/651/64 445/645/64
f 445/645/64 6/651/64 5/652/64
f 445/645/64 5/652/64 4/653/64
f 4/653/64 3/654/64 445/645/64
f 445/645/64 3/654/64 2/655/64
f 445/645/64 2/655/64 1/656/64
f 445/645/64 1/656/64 235/657/64
f 235/657/64 1/656/64 23/658/64
f 235/657/64 23/658/64 34/659/64
f 34/659/64 33/660/64 235/657/64
f 235/657/64 33/660/64 32/661/64
f 235/657/64 32/661/64 31/662/64
f 31/662/64 30/663/64 235/657/64
f 235/657/64 30/663/64 29/664/64
f 235/657/64 29/664/64 28/665/64
f 28/665/64 27/666/64 235/657/64
f 235/657/64 27/666/64 26/667/64
f 235/657/64 26/667/64 25/668/64
f 25/668/64 45/528/64 235/657/64
f 235/657/64 45/528/64 236/669/64
f 236/669/64 45/528/64 237/670/64
f 237/670/64 45/528/64 238/530/64
f 259/671/502 257/672/502 260/673/502
f 260/673/64 257/672/64 256/674/64
f 260/673/64 256/674/64 255/675/64
f 259/671/64 258/676/64 257/672/64
f 255/675/64 254/677/64 260/673/64
f 260/673/64 254/677/64 253/678/64
f 260/673/64 253/678/64 252/679/64
f 252/679/64 251/680/64 260/673/64
f 260/673/64 251/680/64 250/681/64
f 260/673/64 250/681/64 249/682/64
f 249/682/64 248/683/64 260/673/64
f 260/673/64 248/683/64 247/684/64
f 260/673/64 247/684/64 246/685/64
f 246/685/64 245/686/64 260/673/64
f 260/673/64 245/686/64 244/687/64
f 260/673/64 244/687/64 243/688/64
f 260/673/64 243/688/64 524/527/64
f 524/527/64 243/688/64 242/689/64
f 524/527/64 242/689/64 241/690/64
f 241/690/64 240/691/64 524/527/64
f 524/527/64 240/691/64 239/529/64
f 449/641/64 450/692/64 469/639/64
f 469/639/64 450/692/64 451/693/64
f 469/639/64 451/693/64 452/694/64
f 452/694/64 453/695/64 469/639/64
f 469/639/64 453/695/64 454/696/64
f 469/639/64 454/696/64 468/697/64
f 468/697/64 454/696/64 455/698/64
f 468/697/64 455/698/64 456/699/64
f 456/699/64 457/700/64 468/697/64
f 468/697/64 457/700/64 458/701/64
f 468/697/64 458/701/64 459/702/64
f 459/702/64 460/703/64 468/697/64
f 468/697/64 460/703/64 461/704/64
f 468/697/64 461/704/64 462/705/64
f 462/705/64 463/706/64 468/697/64
f 468/697/64 463/706/64 464/707/64
f 468/697/64 464/707/64 465/708/64
f 465/708/64 466/709/64 468/697/64
f 468/697/64 466/709/64 467/710/64
f 476/582/64 477/711/64 496/585/64
f 496/585/64 477/711/64 478/712/64
f 496/585/64 478/712/64 479/713/64
f 479/713/64 480/714/64 496/585/64
f 496/585/64 480/714/64 481/715/64
f 496/585/64 481/715/64 482/716/64
f 482/716/64 483/717/64 496/585/64
f 496/585/64 483/717/64 484/718/64
f 496/585/64 484/718/64 485/719/64
f 485/719/64 486/720/64 496/585/64
f 496/585/64 486/720/64 487/721/64
f 496/585/64 487/721/64 488/722/64
f 488/722/64 489/723/64 496/585/64
f 496/585/64 489/723/64 490/724/64
f 496/585/64 490/724/64 491/725/64
f 491/725/64 492/726/64 496/585/64
f 496/585/64 492/726/64 493/727/64
f 496/585/64 493/727/64 494/728/64
f 494/728/64 495/729/64 496/585/64
f 498/730/503 499/731/503 497/599/503
f 497/599/64 499/731/64 500/732/64
f 497/599/64 500/732/64 501/733/64
f 501/733/64 502/734/64 497/599/64
f 497/599/64 502/734/64 503/735/64
f 497/599/64 503/735/64 504/736/64
f 504/736/64 505/737/64 497/599/64
f 497/599/64 505/737/64 506/738/64
f 497/599/64 506/738/64 507/739/64
f 507/739/64 508/740/64 497/599/64
f 497/599/64 508/740/64 509/741/64
f 497/599/64 509/741/64 510/742/64
f 510/742/64 511/743/64 497/599/64
f 497/599/64 511/743/64 512/744/64
f 497/599/64 512/744/64 513/745/64
f 513/745/64 514/746/64 497/599/64
f 497/599/64 514/746/64 515/747/64
f 497/599/64 515/747/64 516/748/64
f 516/748/64 517/613/64 497/599/64
f 445/749/174 235/750/174 531/751/174
f 531/751/174 235/750/174 296/752/174
f 531/751/174 296/752/174 530/753/174
f 530/753/174 296/752/174 295/754/174
f 530/753/174 295/754/174 529/755/174
f 529/755/174 295/754/174 294/756/174
f 529/755/174 294/756/174 528/757/174
f 528/757/174 294/756/174 293/758/174
f 528/757/174 293/758/174 527/759/174
f 527/759/174 293/758/174 292/760/174
f 527/759/174 292/760/174 526/761/174
f 526/761/174 292/760/174 291/762/174
f 526/761/174 291/762/174 290/763/174
f 290/763/174 525/764/174 526/761/174
f 468/765/504 467/766/505 558/767/506
f 558/767/506 467/766/507 566/768/508
f 558/767/506 566/768/508 580/769/509
f 580/769/509 566/768/508 565/770/510
f 580/769/511 565/770/510 579/771/512
f 579/771/512 565/770/510 564/772/513
f 579/771/512 564/772/513 578/773/514
f 578/773/514 564/772/513 563/774/515
f 578/773/514 563/774/515 577/775/516
f 577/775/516 563/774/515 562/776/517
f 577/775/516 562/776/517 576/777/518
f 576/777/518 562/776/517 561/778/519
f 576/777/518 561/778/519 575/779/520
f 575/779/521 561/778/522 559/780/523
f 575/779/521 559/780/523 560/781/524
f 560/781/524 559/780/525 458/782/526
f 560/781/524 458/782/526 581/783/527
f 581/783/527 458/782/526 457/784/528
f 581/783/527 457/784/528 574/785/529
f 574/785/530 457/784/528 456/786/531
f 574/785/532 456/786/531 573/787/533
f 573/787/533 456/786/531 455/788/534
f 573/787/533 455/788/534 572/789/535
f 572/789/535 455/788/534 454/790/536
f 572/789/535 454/790/536 571/791/537
f 571/791/537 454/790/536 570/792/538
f 571/791/537 570/792/538 591/793/539
f 591/793/540 570/792/541 590/794/542
f 591/793/539 590/794/542 614/795/543
f 614/795/543 590/794/542 613/796/544
f 614/795/545 613/796/544 637/797/546
f 637/797/546 613/796/544 636/798/547
f 637/797/546 636/798/547 660/799/548
f 660/799/548 636/798/547 659/800/549
f 660/799/548 659/800/549 683/801/550
f 683/801/550 659/800/549 682/802/551
f 683/801/552 682/802/553 539/803/554
f 539/803/554 682/802/551 681/804/555
f 539/803/554 681/804/555 538/805/556
f 538/805/556 681/804/555 680/806/557
f 538/805/558 680/806/557 537/807/559
f 537/807/559 680/806/557 679/808/560
f 537/807/561 679/808/560 678/809/562
f 678/809/562 679/808/560 655/810/563
f 678/809/562 655/810/564 654/811/565
f 654/811/566 655/810/564 631/812/567
f 654/811/568 631/812/567 630/813/569
f 630/813/569 631/812/567 607/814/570
f 630/813/571 607/814/570 606/815/572
f 606/815/572 607/814/570 583/816/573
f 606/815/572 583/816/574 582/817/575
f 582/817/575 583/816/574 448/818/576
f 582/817/577 448/818/576 447/819/578
f 467/766/579 466/820/580 566/768/581
f 566/768/508 466/820/580 565/770/510
f 466/820/580 465/821/582 565/770/510
f 565/770/510 465/821/583 564/772/513
f 465/821/583 464/822/584 564/772/513
f 564/772/513 464/822/584 463/823/585
f 564/772/513 463/823/585 563/774/586
f 563/774/586 463/823/585 462/824/587
f 563/774/515 462/824/587 562/776/517
f 562/776/517 462/824/587 461/825/588
f 562/776/589 461/825/590 561/778/519
f 561/778/519 461/825/588 460/826/591
f 561/778/519 460/826/591 559/780/523
f 559/780/523 460/826/591 459/827/592
f 559/780/523 459/827/592 458/782/526
f 454/790/536 453/828/593 570/792/541
f 570/792/538 453/828/593 569/829/594
f 570/792/538 569/829/595 590/794/596
f 590/794/596 569/829/595 589/830/597
f 590/794/596 589/830/597 613/796/544
f 613/796/544 589/830/597 612/831/598
f 613/796/544 612/831/599 636/798/547
f 636/798/547 612/831/599 635/832/600
f 636/798/547 635/832/600 659/800/549
f 659/800/549 635/832/600 658/833/601
f 659/800/602 658/833/601 682/802/553
f 682/802/553 658/833/603 681/804/555
f 453/828/593 452/834/604 569/829/595
f 569/829/594 452/834/604 568/835/605
f 569/829/594 568/835/605 589/830/597
f 589/830/597 568/835/605 588/836/606
f 589/830/597 588/836/606 612/831/599
f 612/831/599 588/836/606 611/837/607
f 612/831/599 611/837/607 635/832/600
f 635/832/600 611/837/607 634/838/608
f 635/832/600 634/838/608 658/833/601
f 658/833/601 634/838/608 657/839/609
f 658/833/601 657/839/609 681/804/555
f 681/804/555 657/839/609 680/806/557
f 568/835/605 452/834/604 567/840/610
f 567/840/611 452/834/604 451/841/612
f 567/840/611 451/841/612 587/842/613
f 587/842/613 451/841/612 586/843/614
f 587/842/613 586/843/615 610/844/616
f 610/844/617 586/843/614 609/845/618
f 610/844/616 609/845/618 633/846/619
f 633/846/619 609/845/620 632/847/621
f 633/846/619 632/847/622 656/848/623
f 656/848/623 632/847/622 655/810/564
f 656/848/623 655/810/564 679/808/560
f 451/841/612 450/849/624 586/843/614
f 586/843/614 450/849/625 585/850/626
f 586/843/614 585/850/626 609/845/627
f 609/845/618 585/850/626 608/851/628
f 609/845/620 608/851/628 632/847/622
f 632/847/622 608/851/628 631/812/567
f 632/847/622 631/812/567 655/810/564
f 585/850/626 450/849/624 584/852/629
f 584/852/629 450/849/630 449/853/631
f 584/852/629 449/853/631 583/816/574
f 583/816/574 449/853/631 448/818/576
f 446/854/632 603/855/633 447/819/578
f 447/819/634 603/855/635 604/856/636
f 447/819/637 604/856/638 582/817/575
f 582/817/575 604/856/639 605/857/640
f 582/817/575 605/857/640 606/815/572
f 606/815/572 605/857/641 629/858/642
f 606/815/572 629/858/642 630/813/571
f 630/813/571 629/858/642 653/859/643
f 630/813/571 653/859/643 654/811/566
f 654/811/566 653/859/643 677/860/644
f 654/811/568 677/860/644 678/809/562
f 678/809/562 677/860/644 701/861/645
f 678/809/562 701/861/645 537/807/561
f 537/807/646 701/861/645 536/862/647
f 536/862/647 701/861/645 700/863/648
f 536/862/647 700/863/649 535/864/650
f 535/864/650 700/863/648 699/865/651
f 535/864/650 699/865/652 534/866/653
f 534/866/653 699/865/652 698/867/654
f 534/866/653 698/867/654 697/868/655
f 697/868/655 698/867/656 674/869/657
f 697/868/655 674/869/657 673/870/658
f 673/870/658 674/869/657 650/871/659
f 673/870/660 650/871/659 649/872/661
f 649/872/661 650/871/659 626/873/662
f 649/872/661 626/873/663 625/874/664
f 625/874/664 626/873/663 602/875/665
f 625/874/664 602/875/666 531/876/174
f 531/876/174 602/875/665 445/877/174
f 445/877/174 602/875/666 446/854/632
f 446/854/632 602/875/666 603/855/635
f 531/876/174 530/878/174 625/874/664
f 625/874/664 530/878/174 648/879/667
f 625/874/664 648/879/668 649/872/661
f 649/872/661 648/879/668 672/880/669
f 649/872/661 672/880/669 673/870/658
f 673/870/660 672/880/670 696/881/671
f 673/870/658 696/881/671 697/868/655
f 697/868/655 696/881/671 533/882/672
f 697/868/655 533/882/672 534/866/653
f 530/878/174 529/883/174 648/879/668
f 648/879/668 529/883/174 671/884/673
f 648/879/668 671/884/674 672/880/669
f 672/880/669 671/884/673 695/885/675
f 672/880/676 695/885/675 696/881/677
f 696/881/671 695/885/675 704/886/678
f 696/881/677 704/886/678 533/882/672
f 533/882/679 704/886/678 703/887/680
f 533/882/679 703/887/680 532/888/681
f 532/888/681 703/887/680 702/889/682
f 532/888/683 702/889/682 525/890/174
f 525/890/174 702/889/682 526/891/174
f 526/891/174 702/889/682 694/892/684
f 526/891/174 694/892/684 527/893/174
f 527/893/174 694/892/684 528/894/174
f 528/894/174 694/892/685 671/884/673
f 528/894/174 671/884/673 529/883/174
f 539/803/554 540/895/686 683/801/552
f 683/801/550 540/895/687 684/896/688
f 683/801/550 684/896/688 660/799/689
f 660/799/548 684/896/688 661/897/690
f 660/799/548 661/897/690 637/797/546
f 637/797/546 661/897/690 638/898/691
f 637/797/546 638/898/691 614/795/543
f 614/795/545 638/898/691 615/899/692
f 614/795/543 615/899/692 591/793/540
f 591/793/540 615/899/692 592/900/693
f 591/793/539 592/900/693 571/791/537
f 571/791/537 592/900/693 572/789/535
f 684/896/688 540/895/694 685/901/695
f 685/901/695 540/895/694 541/902/696
f 685/901/695 541/902/697 686/903/698
f 686/903/698 541/902/697 542/904/699
f 686/903/698 542/904/699 687/905/700
f 687/905/700 542/904/699 543/906/701
f 687/905/700 543/906/701 688/907/702
f 688/907/702 543/906/701 544/908/703
f 688/907/704 544/908/703 689/909/705
f 689/909/706 544/908/703 545/910/707
f 689/909/706 545/910/708 546/911/709
f 689/909/706 546/911/709 690/912/710
f 690/912/710 546/911/709 547/913/711
f 690/912/710 547/913/711 691/914/712
f 691/914/712 547/913/711 548/915/713
f 691/914/712 548/915/713 549/916/714
f 691/914/712 549/916/715 692/917/716
f 692/917/716 549/916/714 550/918/717
f 692/917/716 550/918/717 693/919/718
f 693/919/719 550/918/720 551/920/721
f 693/919/722 551/920/721 552/921/723
f 693/919/722 552/921/723 670/922/724
f 670/922/724 552/921/723 553/923/725
f 670/922/724 553/923/725 647/924/726
f 647/924/726 553/923/725 554/925/727
f 647/924/726 554/925/727 624/926/728
f 624/926/728 554/925/727 555/927/729
f 624/926/728 555/927/729 601/928/730
f 601/928/731 555/927/732 556/929/733
f 601/928/730 556/929/733 580/769/509
f 580/769/509 556/929/733 557/930/734
f 580/769/509 557/930/734 558/767/506
f 588/836/606 568/835/605 567/840/610
f 573/787/533 572/789/735 593/931/736
f 593/931/736 572/789/535 592/900/693
f 593/931/736 592/900/693 616/932/737
f 616/932/737 592/900/693 615/899/692
f 616/932/737 615/899/692 639/933/738
f 639/933/738 615/899/692 638/898/691
f 639/933/739 638/898/691 662/934/740
f 662/934/740 638/898/691 661/897/690
f 662/934/741 661/897/690 685/901/695
f 685/901/695 661/897/690 684/896/688
f 581/783/742 574/785/529 560/781/524
f 560/781/524 574/785/529 595/935/743
f 560/781/524 595/935/743 596/936/744
f 596/936/745 595/935/743 619/937/746
f 596/936/745 619/937/746 620/938/747
f 620/938/747 619/937/746 643/939/748
f 620/938/747 643/939/748 644/940/749
f 644/940/749 643/939/748 667/941/750
f 644/940/749 667/941/750 668/942/751
f 668/942/752 667/941/750 691/914/753
f 668/942/752 691/914/712 692/917/716
f 574/785/532 573/787/533 594/943/754
f 594/943/755 573/787/533 593/931/756
f 594/943/755 593/931/756 617/944/757
f 617/944/757 593/931/756 616/932/737
f 617/944/757 616/932/737 640/945/758
f 640/945/758 616/932/737 639/933/738
f 640/945/758 639/933/738 663/946/759
f 663/946/759 639/933/738 662/934/740
f 663/946/760 662/934/740 686/903/698
f 686/903/698 662/934/740 685/901/695
f 560/781/761 596/936/744 575/779/521
f 575/779/521 596/936/744 597/947/762
f 575/779/763 597/947/762 576/777/518
f 576/777/518 597/947/764 598/948/765
f 576/777/518 598/948/765 577/775/516
f 577/775/516 598/948/766 599/949/767
f 577/775/516 599/949/767 578/773/514
f 578/773/514 599/949/768 600/950/769
f 578/773/514 600/950/769 579/771/770
f 579/771/512 600/950/769 601/928/771
f 579/771/512 601/928/731 580/769/511
f 608/851/628 585/850/772 584/852/629
f 608/851/628 584/852/629 607/814/570
f 607/814/570 584/852/773 583/816/574
f 611/837/607 588/836/606 587/842/774
f 587/842/613 588/836/606 567/840/610
f 611/837/775 587/842/774 610/844/617
f 574/785/529 594/943/755 595/935/743
f 595/935/743 594/943/755 618/951/776
f 595/935/743 618/951/776 619/937/746
f 619/937/746 618/951/776 642/952/777
f 619/937/746 642/952/778 643/939/748
f 643/939/748 642/952/778 666/953/779
f 643/939/748 666/953/779 667/941/750
f 667/941/750 666/953/779 690/912/710
f 667/941/750 690/912/780 691/914/712
f 618/951/776 594/943/754 617/944/757
f 596/936/744 620/938/781 597/947/782
f 597/947/762 620/938/783 621/954/784
f 597/947/764 621/954/785 598/948/765
f 598/948/765 621/954/784 622/955/786
f 598/948/765 622/955/786 599/949/787
f 599/949/768 622/955/786 623/956/788
f 599/949/767 623/956/788 600/950/769
f 600/950/769 623/956/788 624/926/789
f 600/950/769 624/926/728 601/928/790
f 602/875/666 626/873/663 603/855/635
f 603/855/635 626/873/663 627/957/791
f 603/855/633 627/957/791 604/856/636
f 604/856/638 627/957/791 628/958/792
f 604/856/638 628/958/792 605/857/641
f 605/857/641 628/958/792 629/858/642
f 631/812/567 608/851/628 607/814/570
f 634/838/608 611/837/775 610/844/616
f 634/838/608 610/844/617 633/846/619
f 618/951/776 617/944/757 641/959/793
f 641/959/793 617/944/757 640/945/758
f 641/959/793 640/945/758 664/960/794
f 664/960/794 640/945/795 663/946/759
f 664/960/794 663/946/796 687/905/700
f 687/905/700 663/946/760 686/903/698
f 620/938/747 644/940/797 621/954/784
f 621/954/784 644/940/797 645/961/798
f 621/954/785 645/961/798 622/955/786
f 622/955/786 645/961/798 646/962/799
f 622/955/786 646/962/800 623/956/801
f 623/956/788 646/962/802 647/924/803
f 623/956/801 647/924/803 624/926/728
f 626/873/663 650/871/659 627/957/791
f 627/957/791 650/871/659 651/963/804
f 627/957/791 651/963/805 628/958/792
f 628/958/792 651/963/806 652/964/807
f 628/958/792 652/964/807 629/858/642
f 629/858/642 652/964/807 653/859/643
f 657/839/609 634/838/808 633/846/619
f 657/839/609 633/846/619 656/848/809
f 618/951/776 641/959/793 642/952/778
f 642/952/778 641/959/810 665/965/811
f 642/952/778 665/965/811 666/953/812
f 666/953/779 665/965/811 689/909/706
f 666/953/779 689/909/706 690/912/710
f 665/965/813 641/959/793 664/960/814
f 644/940/797 668/942/752 645/961/815
f 645/961/798 668/942/752 669/966/816
f 645/961/798 669/966/817 646/962/799
f 646/962/800 669/966/816 670/922/724
f 646/962/802 670/922/724 647/924/803
f 650/871/659 674/869/657 651/963/806
f 651/963/806 674/869/657 675/967/818
f 651/963/806 675/967/819 652/964/807
f 652/964/807 675/967/818 676/968/820
f 652/964/807 676/968/820 653/859/643
f 653/859/643 676/968/820 677/860/644
f 680/806/557 657/839/821 656/848/623
f 680/806/822 656/848/809 679/808/560
f 687/905/700 688/907/702 664/960/814
f 664/960/794 688/907/702 665/965/813
f 688/907/702 689/909/705 665/965/813
f 693/919/722 670/922/823 669/966/816
f 693/919/718 669/966/816 692/917/716
f 692/917/716 669/966/816 668/942/751
f 674/869/824 698/867/656 675/967/819
f 675/967/818 698/867/654 699/865/652
f 675/967/818 699/865/651 676/968/820
f 676/968/825 699/865/651 700/863/649
f 676/968/825 700/863/648 677/860/826
f 677/860/644 700/863/648 701/861/645
f 671/884/674 694/892/685 695/885/675
f 695/885/675 694/892/684 703/887/827
f 695/885/675 703/887/680 704/886/678
f 702/889/682 703/887/828 694/892/684
f 732/969/829 517/970/830 752/971/831
f 752/971/831 517/970/830 516/972/832
f 752/971/831 516/972/832 515/973/833
f 752/971/831 515/973/833 751/974/834
f 751/974/835 515/973/833 514/975/836
f 751/974/835 514/975/837 750/976/838
f 750/976/838 514/975/839 513/977/840
f 750/976/838 513/977/840 749/978/841
f 749/978/842 513/977/840 748/979/843
f 749/978/842 748/979/843 768/980/844
f 768/980/845 748/979/843 767/981/846
f 768/980/844 767/981/846 787/982/847
f 787/982/847 767/981/846 786/983/848
f 787/982/847 786/983/848 805/984/849
f 805/984/850 786/983/848 804/985/851
f 805/984/849 804/985/852 831/986/853
f 831/986/853 804/985/852 832/987/854
f 831/986/853 832/987/854 824/988/855
f 824/988/855 832/987/854 823/989/856
f 824/988/857 823/989/856 862/990/858
f 862/990/858 823/989/856 861/991/859
f 862/990/858 861/991/859 722/992/860
f 722/992/860 861/991/861 721/993/862
f 721/993/863 861/991/859 860/994/864
f 721/993/863 860/994/865 720/995/866
f 720/995/866 860/994/864 859/996/867
f 720/995/866 859/996/867 858/997/868
f 858/997/868 859/996/867 820/998/869
f 858/997/868 820/998/870 819/999/871
f 819/999/871 820/998/870 836/1000/872
f 819/999/871 836/1000/872 837/1001/873
f 837/1001/873 836/1000/872 799/1002/874
f 837/1001/873 799/1002/874 798/1003/875
f 798/1003/875 799/1002/876 780/1004/877
f 798/1003/875 780/1004/877 779/1005/878
f 779/1005/878 780/1004/877 760/1006/879
f 779/1005/878 760/1006/879 759/1007/880
f 759/1007/880 760/1006/881 740/1008/882
f 759/1007/880 740/1008/882 739/1009/883
f 739/1009/883 740/1008/884 504/1010/885
f 739/1009/883 504/1010/885 503/1011/886
f 513/977/887 512/1012/888 748/979/843
f 748/979/843 512/1012/888 747/1013/889
f 748/979/843 747/1013/889 767/981/846
f 767/981/846 747/1013/890 766/1014/891
f 767/981/846 766/1014/891 786/983/892
f 786/983/848 766/1014/891 785/1015/893
f 786/983/892 785/1015/894 804/985/851
f 804/985/852 785/1015/893 803/1016/895
f 804/985/851 803/1016/895 832/987/854
f 832/987/854 803/1016/895 833/1017/896
f 832/987/854 833/1017/896 823/989/856
f 823/989/856 833/1017/896 822/1018/897
f 823/989/856 822/1018/897 861/991/859
f 861/991/859 822/1018/897 860/994/865
f 512/1012/888 511/1019/898 747/1013/890
f 747/1013/889 511/1019/899 746/1020/900
f 747/1013/889 746/1020/900 766/1014/891
f 766/1014/891 746/1020/900 765/1021/901
f 766/1014/891 765/1021/901 785/1015/894
f 785/1015/893 765/1021/901 784/1022/902
f 785/1015/893 784/1022/902 803/1016/895
f 803/1016/895 784/1022/902 802/1023/903
f 803/1016/895 802/1023/904 833/1017/896
f 833/1017/896 802/1023/903 834/1024/905
f 833/1017/906 834/1024/905 822/1018/907
f 822/1018/907 834/1024/905 821/1025/908
f 822/1018/907 821/1025/908 860/994/909
f 860/994/864 821/1025/910 859/996/867
f 511/1019/899 510/1026/911 746/1020/900
f 746/1020/900 510/1026/911 745/1027/912
f 746/1020/900 745/1027/912 765/1021/901
f 765/1021/901 745/1027/912 764/1028/913
f 765/1021/914 764/1028/915 784/1022/902
f 784/1022/902 764/1028/913 783/1029/916
f 784/1022/902 783/1029/916 802/1023/903
f 802/1023/904 783/1029/916 801/1030/917
f 802/1023/904 801/1030/917 834/1024/905
f 834/1024/918 801/1030/917 835/1031/919
f 834/1024/918 835/1031/919 821/1025/910
f 821/1025/908 835/1031/919 820/998/870
f 821/1025/908 820/998/869 859/996/867
f 510/1026/911 509/1032/920 745/1027/912
f 745/1027/921 509/1032/920 744/1033/922
f 745/1027/912 744/1033/923 764/1028/915
f 764/1028/913 744/1033/922 763/1034/924
f 764/1028/913 763/1034/924 783/1029/916
f 783/1029/916 763/1034/924 782/1035/925
f 783/1029/926 782/1035/925 801/1030/917
f 801/1030/917 782/1035/925 800/1036/927
f 801/1030/917 800/1036/927 835/1031/919
f 835/1031/919 800/1036/927 836/1000/872
f 835/1031/919 836/1000/872 820/998/870
f 509/1032/928 508/1037/929 744/1033/923
f 744/1033/923 508/1037/929 743/1038/930
f 744/1033/923 743/1038/930 763/1034/924
f 763/1034/924 743/1038/930 762/1039/931
f 763/1034/924 762/1039/932 782/1035/925
f 782/1035/925 762/1039/932 781/1040/933
f 782/1035/925 781/1040/934 800/1036/935
f 800/1036/927 781/1040/936 799/1002/874
f 800/1036/937 799/1002/874 836/1000/938
f 743/1038/930 508/1037/929 742/1041/939
f 742/1041/939 508/1037/929 507/1042/940
f 742/1041/941 507/1042/942 741/1043/943
f 741/1043/943 507/1042/942 506/1044/944
f 741/1043/943 506/1044/945 740/1008/882
f 740/1008/882 506/1044/944 505/1045/946
f 740/1008/884 505/1045/946 504/1010/947
f 739/1009/883 503/1011/886 738/1046/948
f 738/1046/948 503/1011/886 502/1047/949
f 738/1046/948 502/1047/949 501/1048/950
f 738/1046/951 501/1048/950 737/1049/952
f 737/1049/952 501/1048/953 500/1050/954
f 737/1049/952 500/1050/954 736/1051/955
f 736/1051/955 500/1050/954 499/1052/956
f 736/1051/955 499/1052/956 735/1053/957
f 735/1053/958 499/1052/956 498/1054/959
f 735/1053/957 498/1054/959 734/1055/960
f 734/1055/960 498/1054/959 497/1056/961
f 734/1055/960 497/1056/961 705/1057/961
f 734/1055/960 705/1057/961 753/1058/962
f 753/1058/962 705/1057/961 706/1059/961
f 753/1058/962 706/1059/961 772/1060/963
f 772/1060/963 706/1059/961 707/1061/961
f 772/1060/963 707/1061/961 733/1062/964
f 733/1062/964 707/1061/961 708/1063/961
f 733/1062/965 708/1063/961 846/1064/966
f 846/1064/966 708/1063/961 809/1065/967
f 846/1064/966 809/1065/967 810/1066/968
f 810/1066/968 809/1065/969 848/1067/970
f 810/1066/968 848/1067/970 849/1068/971
f 849/1068/971 848/1067/970 712/1069/972
f 849/1068/971 712/1069/972 713/1070/973
f 708/1063/961 709/1071/961 809/1065/967
f 809/1065/967 709/1071/961 847/1072/974
f 809/1065/967 847/1072/974 848/1067/970
f 848/1067/970 847/1072/974 711/1073/975
f 848/1067/970 711/1073/975 712/1069/972
f 709/1071/961 710/1074/961 847/1072/974
f 847/1072/974 710/1074/961 711/1073/976
f 849/1068/971 713/1070/973 850/1075/977
f 850/1075/978 713/1070/979 714/1076/980
f 850/1075/978 714/1076/981 851/1077/982
f 851/1077/983 714/1076/981 852/1078/984
f 851/1077/983 852/1078/984 813/1079/985
f 813/1079/985 852/1078/984 814/1080/986
f 813/1079/985 814/1080/986 842/1081/987
f 842/1081/987 814/1080/986 841/1082/988
f 842/1081/987 841/1082/989 794/1083/990
f 794/1083/990 841/1082/991 795/1084/992
f 794/1083/990 795/1084/992 776/1085/993
f 776/1085/994 795/1084/995 777/1086/996
f 776/1085/993 777/1086/996 757/1087/997
f 757/1087/997 777/1086/998 758/1088/999
f 757/1087/997 758/1088/1000 738/1046/951
f 738/1046/951 758/1088/1001 739/1009/883
f 714/1076/1002 715/1089/1003 852/1078/984
f 852/1078/984 715/1089/1003 853/1090/1004
f 852/1078/984 853/1090/1004 814/1080/986
f 814/1080/986 853/1090/1004 815/1091/1005
f 814/1080/986 815/1091/1005 841/1082/988
f 841/1082/988 815/1091/1005 840/1092/1006
f 841/1082/988 840/1092/1006 795/1084/1007
f 795/1084/992 840/1092/1006 796/1093/1008
f 795/1084/992 796/1093/1009 777/1086/998
f 777/1086/998 796/1093/1009 778/1094/1010
f 777/1086/998 778/1094/1011 758/1088/1001
f 758/1088/1000 778/1094/1011 759/1007/880
f 758/1088/1001 759/1007/880 739/1009/883
f 715/1089/1003 716/1095/1012 853/1090/1004
f 853/1090/1004 716/1095/1012 854/1096/1013
f 853/1090/1014 854/1096/1013 815/1091/1015
f 815/1091/1005 854/1096/1013 816/1097/1016
f 815/1091/1015 816/1097/1016 840/1092/1006
f 840/1092/1006 816/1097/1016 839/1098/1017
f 840/1092/1006 839/1098/1017 796/1093/1008
f 796/1093/1009 839/1098/1017 797/1099/1018
f 796/1093/1008 797/1099/1018 778/1094/1019
f 778/1094/1011 797/1099/1018 779/1005/878
f 778/1094/1011 779/1005/878 759/1007/880
f 716/1095/1020 717/1100/1021 854/1096/1013
f 854/1096/1022 717/1100/1021 855/1101/1023
f 854/1096/1013 855/1101/1024 816/1097/1016
f 816/1097/1016 855/1101/1024 817/1102/1025
f 816/1097/1016 817/1102/1026 839/1098/1017
f 839/1098/1017 817/1102/1026 838/1103/1027
f 839/1098/1017 838/1103/1027 797/1099/1018
f 797/1099/1018 838/1103/1027 798/1003/875
f 797/1099/1018 798/1003/875 779/1005/878
f 855/1101/1024 717/1100/1021 856/1104/1028
f 856/1104/1028 717/1100/1021 718/1105/1029
f 856/1104/1028 718/1105/1030 857/1106/1031
f 857/1106/1031 718/1105/1029 719/1107/1032
f 857/1106/1031 719/1107/1033 858/997/868
f 858/997/868 719/1107/1033 720/995/1034
f 722/992/860 723/1108/1035 862/990/858
f 862/990/858 723/1108/1035 863/1109/1036
f 862/990/858 863/1109/1037 824/988/857
f 824/988/857 863/1109/1037 825/1110/1038
f 824/988/857 825/1110/1038 831/986/853
f 831/986/853 825/1110/1038 830/1111/1039
f 831/986/1040 830/1111/1039 805/984/1041
f 805/984/1041 830/1111/1039 806/1112/1042
f 805/984/1043 806/1112/1042 787/982/847
f 787/982/847 806/1112/1042 788/1113/1044
f 787/982/847 788/1113/1044 768/980/845
f 768/980/1045 788/1113/1044 769/1114/1046
f 768/980/845 769/1114/1046 749/978/841
f 749/978/841 769/1114/1046 750/976/838
f 723/1108/1047 724/1115/1048 863/1109/1037
f 863/1109/1037 724/1115/1048 864/1116/1049
f 863/1109/1037 864/1116/1049 825/1110/1038
f 825/1110/1038 864/1116/1049 826/1117/1050
f 825/1110/1038 826/1117/1050 830/1111/1051
f 830/1111/1051 826/1117/1050 829/1118/1052
f 830/1111/1039 829/1118/1052 806/1112/1042
f 806/1112/1042 829/1118/1052 807/1119/1053
f 806/1112/1054 807/1119/1053 788/1113/1044
f 788/1113/1044 807/1119/1053 789/1120/1055
f 788/1113/1044 789/1120/1056 769/1114/1046
f 769/1114/1046 789/1120/1055 770/1121/1057
f 769/1114/1046 770/1121/1057 750/976/1058
f 750/976/838 770/1121/1059 751/974/835
f 724/1115/1048 725/1122/1060 864/1116/1049
f 864/1116/1049 725/1122/1060 865/1123/1061
f 864/1116/1049 865/1123/1062 826/1117/1063
f 826/1117/1063 865/1123/1062 827/1124/1064
f 826/1117/1050 827/1124/1065 829/1118/1052
f 829/1118/1052 827/1124/1065 828/1125/1066
f 829/1118/1052 828/1125/1066 807/1119/1053
f 807/1119/1053 828/1125/1066 808/1126/1067
f 807/1119/1053 808/1126/1067 789/1120/1055
f 789/1120/1068 808/1126/1067 790/1127/1069
f 789/1120/1056 790/1127/1070 770/1121/1057
f 770/1121/1057 790/1127/1069 771/1128/1071
f 770/1121/1057 771/1128/1071 751/974/834
f 751/974/834 771/1128/1072 752/971/831
f 725/1122/1060 726/920/1073 865/1123/1061
f 865/1123/1061 726/920/1073 727/1129/1074
f 865/1123/1062 727/1129/1074 827/1124/1065
f 827/1124/1064 727/1129/1074 728/1130/1075
f 827/1124/1064 728/1130/1075 828/1125/1066
f 828/1125/1066 728/1130/1075 729/1131/1076
f 828/1125/1066 729/1131/1076 808/1126/1077
f 808/1126/1077 729/1131/1076 730/1132/1078
f 808/1126/1077 730/1132/1078 790/1127/1069
f 790/1127/1069 730/1132/1078 731/1133/1079
f 790/1127/1069 731/1133/1079 771/1128/1071
f 771/1128/1071 731/1133/1079 732/969/829
f 771/1128/1071 732/969/1080 752/971/831
f 735/1053/957 734/1055/960 754/1134/1081
f 754/1134/1081 734/1055/960 753/1058/962
f 754/1134/1081 753/1058/962 773/1135/1082
f 773/1135/1082 753/1058/962 772/1060/963
f 773/1135/1082 772/1060/963 791/1136/1083
f 791/1136/1083 772/1060/963 733/1062/964
f 791/1136/1083 733/1062/964 845/1137/1084
f 845/1137/1084 733/1062/964 846/1064/966
f 845/1137/1084 846/1064/966 810/1066/968
f 736/1051/955 735/1053/957 755/1138/1085
f 755/1138/1085 735/1053/957 754/1134/1081
f 755/1138/1085 754/1134/1081 774/1139/1086
f 774/1139/1086 754/1134/1081 773/1135/1087
f 774/1139/1086 773/1135/1087 792/1140/1088
f 792/1140/1088 773/1135/1082 791/1136/1083
f 792/1140/1088 791/1136/1083 844/1141/1089
f 844/1141/1089 791/1136/1083 845/1137/1084
f 844/1141/1089 845/1137/1084 811/1142/1090
f 811/1142/1091 845/1137/1084 810/1066/968
f 811/1142/1090 810/1066/968 849/1068/971
f 757/1087/997 738/1046/948 737/1049/1092
f 737/1049/952 736/1051/1093 756/1143/1094
f 756/1143/1095 736/1051/1093 755/1138/1085
f 756/1143/1096 755/1138/1097 775/1144/1098
f 775/1144/1099 755/1138/1085 774/1139/1100
f 775/1144/1098 774/1139/1086 793/1145/1101
f 793/1145/1101 774/1139/1100 792/1140/1088
f 793/1145/1101 792/1140/1088 843/1146/1102
f 843/1146/1102 792/1140/1088 844/1141/1089
f 843/1146/1102 844/1141/1089 812/1147/1103
f 812/1147/1103 844/1141/1089 811/1142/1091
f 812/1147/1103 811/1142/1091 850/1075/978
f 850/1075/977 811/1142/1090 849/1068/971
f 740/1008/882 760/1006/881 741/1043/943
f 741/1043/943 760/1006/879 761/1148/1104
f 741/1043/943 761/1148/1104 742/1041/941
f 742/1041/939 761/1148/1104 762/1039/931
f 742/1041/1105 762/1039/1106 743/1038/930
f 776/1085/994 757/1087/997 756/1143/1095
f 756/1143/1095 757/1087/997 737/1049/952
f 776/1085/994 756/1143/1095 775/1144/1098
f 781/1040/934 762/1039/1106 761/1148/1104
f 781/1040/1107 761/1148/1104 780/1004/877
f 780/1004/877 761/1148/1104 760/1006/879
f 794/1083/990 776/1085/994 775/1144/1108
f 794/1083/990 775/1144/1098 793/1145/1101
f 799/1002/874 781/1040/934 780/1004/877
f 842/1081/987 794/1083/990 793/1145/1101
f 842/1081/987 793/1145/1109 843/1146/1102
f 837/1001/873 798/1003/875 838/1103/1027
f 842/1081/987 843/1146/1102 813/1079/1110
f 813/1079/1110 843/1146/1102 812/1147/1103
f 813/1079/985 812/1147/1103 851/1077/982
f 851/1077/982 812/1147/1103 850/1075/977
f 837/1001/873 838/1103/1027 818/1149/1111
f 818/1149/1111 838/1103/1027 817/1102/1025
f 818/1149/1112 817/1102/1025 856/1104/1028
f 856/1104/1028 817/1102/1025 855/1101/1024
f 837/1001/873 818/1149/1111 819/999/871
f 819/999/1113 818/1149/1112 857/1106/1031
f 819/999/871 857/1106/1114 858/997/868
f 857/1106/1031 818/1149/1112 856/1104/1028
f 290/1150/1115 289/1151/1115 525/1152/1115
f 525/1152/1116 289/1151/1116 532/1153/1116
f 532/1153/1116 289/1151/1116 288/1154/1116
f 532/1153/1116 288/1154/1116 533/1155/1116
f 533/1155/1116 288/1154/1116 287/1156/1116
f 533/1155/1116 287/1156/1116 534/1157/1116
f 534/1157/1116 287/1156/1116 286/1158/1116
f 534/1157/1116 286/1158/1116 535/1159/1116
f 535/1159/1116 286/1158/1116 889/1160/1116
f 535/1159/1116 889/1160/1116 890/1161/1116
f 285/1162/1116 867/1163/1116 286/1158/1116
f 286/1158/1116 867/1163/1116 868/1164/1116
f 286/1158/1116 868/1164/1116 888/1165/1116
f 888/1165/1116 868/1164/1116 887/1166/1116
f 887/1166/1116 868/1164/1116 869/1167/1116
f 887/1166/1116 869/1167/1116 886/1168/1116
f 886/1168/1116 869/1167/1116 870/1169/1116
f 886/1168/1116 870/1169/1116 885/1170/1116
f 885/1170/1116 870/1169/1116 884/1171/1116
f 884/1171/1116 870/1169/1116 883/1172/1116
f 883/1172/1116 870/1169/1116 871/1173/1116
f 883/1172/1116 871/1173/1116 882/1174/1116
f 882/1174/1116 871/1173/1116 872/1175/1116
f 882/1174/1116 872/1175/1116 881/1176/1116
f 881/1176/1116 872/1175/1116 873/1177/1116
f 881/1176/1116 873/1177/1116 880/1178/1116
f 880/1178/1116 873/1177/1116 874/1179/1116
f 880/1178/1116 874/1179/1116 879/1180/1116
f 879/1180/1116 874/1179/1116 875/1181/1116
f 879/1180/1116 875/1181/1116 878/1182/1116
f 878/1182/1116 875/1181/1116 876/1183/1116
f 878/1182/1116 876/1183/1116 877/1184/1116
f 284/1185/1116 268/1186/1116 285/1162/1116
f 285/1162/1116 268/1186/1116 866/1187/1116
f 285/1162/1116 866/1187/1116 867/1163/1116
f 284/1185/1116 283/1188/1116 268/1186/1116
f 268/1186/1116 283/1188/1116 282/1189/1116
f 268/1186/1116 282/1189/1116 281/1190/1116
f 281/1190/1116 280/1191/1116 268/1186/1116
f 268/1186/1116 280/1191/1116 269/1192/1116
f 269/1192/1116 280/1191/1116 270/1193/1116
f 270/1193/1116 280/1191/1116 279/1194/1116
f 270/1193/1116 279/1194/1116 271/1195/1116
f 271/1195/1116 279/1194/1116 278/1196/1116
f 271/1195/1116 278/1196/1116 277/1197/1116
f 271/1195/1116 277/1197/1116 272/1198/1116
f 272/1198/1116 277/1197/1116 276/1199/1116
f 272/1198/1116 276/1199/1116 273/1200/1116
f 273/1200/1116 276/1199/1116 275/1201/1116
f 273/1200/1116 275/1201/1116 274/1202/1116
f 870/1169/1116 869/1167/1116 710/1203/1116
f 710/1203/1116 869/1167/1116 726/1204/1116
f 710/1203/1116 726/1204/1116 725/1205/1116
f 725/1205/1116 724/1206/1116 710/1203/1116
f 710/1203/1116 724/1206/1116 723/1207/1116
f 710/1203/1116 723/1207/1116 711/1208/1116
f 711/1208/1116 723/1207/1116 722/1209/1116
f 711/1208/1116 722/1209/1116 712/1210/1116
f 712/1210/1116 722/1209/1116 721/1211/1116
f 712/1210/1116 721/1211/1116 713/1212/1116
f 713/1212/1116 721/1211/1116 720/1213/1116
f 713/1212/1116 720/1213/1116 714/1214/1116
f 714/1214/1116 720/1213/1116 719/1215/1116
f 714/1214/1116 719/1215/1116 715/1216/1116
f 715/1216/1116 719/1215/1116 718/1217/1116
f 715/1216/1116 718/1217/1116 716/1218/1116
f 716/1218/1116 718/1217/1116 717/1219/1116
f 888/1165/1116 889/1160/1116 286/1158/1116
f 890/1161/1116 551/1220/1116 535/1159/1116
f 535/1159/1116 551/1220/1116 536/1221/1116
f 536/1221/1116 551/1220/1116 537/1222/1116
f 537/1222/1116 551/1220/1116 538/1223/1116
f 538/1223/1116 551/1220/1116 539/1224/1116
f 539/1224/1116 551/1220/1116 540/1225/1116
f 540/1225/1116 551/1220/1116 541/1226/1116
f 541/1226/1116 551/1220/1116 542/1227/1116
f 542/1227/1116 551/1220/1116 543/1228/1116
f 543/1228/1116 551/1220/1116 544/1229/1116
f 544/1229/1116 551/1220/1116 545/1230/1116
f 545/1230/1116 551/1220/1116 546/1231/1116
f 546/1231/1116 551/1220/1116 547/1232/1116
f 547/1232/1116 551/1220/1116 548/1233/1116
f 548/1233/1116 551/1220/1116 549/1234/1116
f 549/1234/1116 551/1220/1116 550/1235/1116
f 870/1236/961 710/1237/961 895/1238/961
f 895/1238/961 710/1237/961 709/1239/961
f 895/1238/961 709/1239/961 894/1240/961
f 894/1240/961 709/1239/961 708/1241/961
f 894/1240/961 708/1241/961 893/1242/961
f 893/1242/961 708/1241/961 707/1243/961
f 893/1242/961 707/1243/961 892/1244/961
f 892/1244/961 707/1243/961 706/1245/961
f 892/1244/961 706/1245/961 891/1246/961
f 891/1246/961 706/1245/961 705/1247/961
f 891/1246/961 705/1247/961 496/1248/961
f 496/1248/961 705/1247/961 497/1249/961
f 891/1250/961 496/1251/961 921/971/1117
f 921/971/1117 496/1251/961 495/1252/1118
f 921/971/1117 495/1252/1118 920/974/1119
f 920/974/1119 495/1252/1118 494/1253/1120
f 920/974/1119 494/1253/1120 919/976/1121
f 919/976/1121 494/1253/1120 493/1254/1122
f 919/976/1123 493/1254/1124 918/978/1125
f 918/978/1125 493/1254/1124 492/1255/1126
f 918/978/1125 492/1255/1127 917/979/1128
f 917/979/1128 492/1255/1126 491/1256/1129
f 917/979/1128 491/1256/1130 490/1257/1131
f 917/979/1132 490/1257/1133 916/1013/1134
f 916/1013/1134 490/1257/1131 489/1258/1135
f 916/1013/1134 489/1258/1135 915/1020/1136
f 915/1020/1136 489/1258/1135 488/1259/1137
f 915/1020/1138 488/1259/1139 487/1260/1140
f 915/1020/1138 487/1260/1140 914/1027/1141
f 914/1027/1141 487/1260/1140 486/1261/1142
f 914/1027/1141 486/1261/1142 913/1033/1143
f 913/1033/1144 486/1261/1142 485/1262/1145
f 913/1033/1146 485/1262/1145 912/1038/1147
f 912/1038/1147 485/1262/1148 484/1263/1149
f 912/1038/1147 484/1263/1150 911/1041/1151
f 911/1041/1151 484/1263/1152 910/1043/1153
f 911/1041/1154 910/1043/1155 930/1148/1156
f 930/1148/1157 910/1043/1155 929/1006/1158
f 930/1148/1157 929/1006/1158 949/1004/1159
f 949/1004/1159 929/1006/1158 948/1005/1160
f 949/1004/1159 948/1005/1161 968/1003/1162
f 968/1003/1162 948/1005/1161 967/1099/1163
f 968/1003/1162 967/1099/1163 987/1103/1164
f 987/1103/1164 967/1099/1163 986/1098/1165
f 987/1103/1164 986/1098/1165 1005/1102/1166
f 1005/1102/1166 986/1098/1165 1004/1097/1167
f 1005/1102/1166 1004/1097/1167 1024/1101/1168
f 1024/1101/1169 1004/1097/1167 1023/1096/1170
f 1024/1101/1168 1023/1096/1170 879/1264/1171
f 879/1264/1171 1023/1096/1170 880/1265/1172
f 880/1265/1173 1023/1096/1170 1022/1090/1174
f 880/1265/1175 1022/1090/1174 1021/1078/1176
f 1021/1078/1177 1022/1090/1174 1002/1080/1178
f 1021/1078/1176 1002/1080/1179 1001/1079/1180
f 1001/1079/1180 1002/1080/1179 983/1081/1181
f 1001/1079/1180 983/1081/1181 982/1146/1182
f 982/1146/1182 983/1081/1181 963/1145/1183
f 982/1146/1182 963/1145/1183 962/1140/1184
f 962/1140/1184 963/1145/1185 943/1139/1186
f 962/1140/1184 943/1139/1186 942/1135/1187
f 942/1135/1187 943/1139/1186 923/1134/1188
f 942/1135/1187 923/1134/1188 922/1058/1189
f 922/1058/1189 923/1134/1188 903/1055/1190
f 922/1058/1189 903/1055/1190 896/1266/1191
f 896/1266/1192 903/1055/1190 476/1267/1193
f 476/1267/1193 903/1055/1190 477/1268/1194
f 477/1268/1194 903/1055/1190 904/1053/1195
f 477/1268/1196 904/1053/1195 478/1269/1197
f 478/1269/1198 904/1053/1199 905/1051/1200
f 478/1269/1198 905/1051/1200 479/1270/1201
f 479/1270/1202 905/1051/1203 906/1049/1204
f 479/1270/1202 906/1049/1205 480/1271/1206
f 480/1271/1206 906/1049/1205 907/1046/1207
f 480/1271/1206 907/1046/1207 481/1272/1208
f 481/1272/1208 907/1046/1207 908/1009/1209
f 481/1272/1208 908/1009/1210 482/1273/1211
f 482/1273/1212 908/1009/1209 909/1008/1213
f 482/1273/1212 909/1008/1213 483/1274/1214
f 483/1274/1214 909/1008/1213 910/1043/1155
f 483/1274/1214 910/1043/1155 484/1263/1152
f 896/1266/1192 897/1275/1215 922/1058/1189
f 922/1058/1189 897/1275/1215 941/1060/1216
f 922/1058/1189 941/1060/1216 942/1135/1217
f 942/1135/1217 941/1060/1216 961/1136/1218
f 942/1135/1187 961/1136/1218 962/1140/1184
f 962/1140/1184 961/1136/1218 981/1141/1219
f 962/1140/1184 981/1141/1220 982/1146/1182
f 982/1146/1182 981/1141/1220 1000/1147/1221
f 982/1146/1222 1000/1147/1223 1001/1079/1180
f 1001/1079/1180 1000/1147/1221 1020/1077/1224
f 1001/1079/1180 1020/1077/1224 1021/1078/1176
f 1021/1078/1176 1020/1077/1224 881/1276/1225
f 1021/1078/1226 881/1276/1225 880/1265/1175
f 897/1275/1227 898/1277/1228 941/1060/1216
f 941/1060/1216 898/1277/1228 960/1062/1229
f 941/1060/1216 960/1062/1229 961/1136/1218
f 961/1136/1218 960/1062/1229 980/1137/1230
f 961/1136/1218 980/1137/1230 981/1141/1219
f 981/1141/1220 980/1137/1230 999/1142/1231
f 981/1141/1232 999/1142/1231 1000/1147/1223
f 1000/1147/1221 999/1142/1231 1019/1075/1233
f 1000/1147/1221 1019/1075/1233 1020/1077/1224
f 1020/1077/1224 1019/1075/1233 882/1278/1234
f 1020/1077/1224 882/1278/1235 881/1276/1236
f 898/1277/1228 899/1279/1237 960/1062/1229
f 960/1062/1229 899/1279/1237 979/1064/1238
f 960/1062/1239 979/1064/1238 980/1137/1230
f 980/1137/1230 979/1064/1238 998/1066/1240
f 980/1137/1230 998/1066/1241 999/1142/1231
f 999/1142/1231 998/1066/1240 1018/1068/1242
f 999/1142/1243 1018/1068/1242 1019/1075/1233
f 1019/1075/1233 1018/1068/1242 883/1280/1244
f 1019/1075/1233 883/1280/1244 882/1278/1235
f 899/1279/1237 900/1281/1245 979/1064/1238
f 979/1064/1238 900/1281/1245 997/1065/1246
f 979/1064/1238 997/1065/1247 998/1066/1240
f 998/1066/1241 997/1065/1247 1017/1067/1248
f 998/1066/1241 1017/1067/1248 1018/1068/1242
f 1018/1068/1242 1017/1067/1248 883/1280/1249
f 900/1281/1245 901/1282/1250 997/1065/1246
f 997/1065/1247 901/1282/1250 1016/1072/1251
f 997/1065/1246 1016/1072/1251 1017/1067/1248
f 1017/1067/1248 1016/1072/1251 884/1283/1252
f 1017/1067/1248 884/1283/1252 883/1280/1249
f 901/1282/1250 886/1284/1253 1016/1072/1254
f 1016/1072/1254 886/1284/1253 885/1285/1255
f 1016/1072/1254 885/1285/1256 884/1283/1252
f 879/1264/1257 878/1286/1258 1024/1101/1168
f 1024/1101/1168 878/1286/1258 1025/1104/1259
f 1024/1101/1169 1025/1104/1259 1005/1102/1260
f 1005/1102/1166 1025/1104/1259 1006/1149/1261
f 1005/1102/1166 1006/1149/1261 987/1103/1262
f 987/1103/1262 1006/1149/1263 988/1001/1264
f 987/1103/1262 988/1001/1264 968/1003/1162
f 968/1003/1265 988/1001/1264 969/1002/1266
f 968/1003/1267 969/1002/1266 949/1004/1159
f 949/1004/1159 969/1002/1266 950/1040/1268
f 949/1004/1159 950/1040/1269 930/1148/1157
f 930/1148/1157 950/1040/1270 931/1039/1271
f 930/1148/1157 931/1039/1272 911/1041/1151
f 911/1041/1151 931/1039/1272 912/1038/1147
f 878/1286/1273 877/1287/1274 1025/1104/1275
f 1025/1104/1259 877/1287/1274 1026/1106/1276
f 1025/1104/1275 1026/1106/1276 1006/1149/1263
f 1006/1149/1263 1026/1106/1276 1007/999/1277
f 1006/1149/1263 1007/999/1277 988/1001/1264
f 988/1001/1264 1007/999/1277 989/1000/1278
f 988/1001/1264 989/1000/1278 969/1002/1279
f 969/1002/1266 989/1000/1278 970/1036/1280
f 969/1002/1266 970/1036/1280 950/1040/1270
f 950/1040/1270 970/1036/1280 951/1035/1281
f 950/1040/1270 951/1035/1281 931/1039/1272
f 931/1039/1272 951/1035/1281 932/1034/1282
f 931/1039/1271 932/1034/1282 912/1038/1147
f 912/1038/1147 932/1034/1282 913/1033/1146
f 1026/1106/1283 877/1287/1284 1027/997/1285
f 1027/997/1286 877/1287/1284 876/1288/1287
f 1027/997/1286 876/1288/1287 1028/996/1288
f 1028/996/1288 876/1288/1287 875/1289/1289
f 1028/996/1288 875/1289/1290 1029/994/1291
f 1029/994/1292 875/1289/1290 874/1290/1293
f 1029/994/1292 874/1290/1293 1030/991/1294
f 1030/991/1295 874/1290/1293 1031/990/1296
f 1030/991/1294 1031/990/1296 1011/989/1297
f 1011/989/1297 1031/990/1296 1012/988/1298
f 1011/989/1297 1012/988/1298 993/987/1299
f 993/987/1299 1012/988/1298 994/986/1300
f 993/987/1299 994/986/1300 974/985/1301
f 974/985/1302 994/986/1300 975/984/1303
f 974/985/1301 975/984/1303 955/983/1304
f 955/983/1304 975/984/1305 956/982/1306
f 955/983/1304 956/982/1306 936/981/1307
f 936/981/1307 956/982/1306 937/980/1308
f 936/981/1307 937/980/1308 917/979/1128
f 917/979/1128 937/980/1309 918/978/1310
f 874/1290/1293 873/1291/1311 1031/990/1296
f 1031/990/1312 873/1291/1311 1032/1109/1313
f 1031/990/1296 1032/1109/1313 1012/988/1298
f 1012/988/1298 1032/1109/1313 1013/1110/1314
f 1012/988/1298 1013/1110/1314 994/986/1300
f 994/986/1300 1013/1110/1315 995/1111/1316
f 994/986/1300 995/1111/1316 975/984/1303
f 975/984/1305 995/1111/1316 976/1112/1317
f 975/984/1305 976/1112/1317 956/982/1306
f 956/982/1318 976/1112/1317 957/1113/1319
f 956/982/1320 957/1113/1319 937/980/1309
f 937/980/1309 957/1113/1319 938/1114/1321
f 937/980/1322 938/1114/1323 918/978/1125
f 918/978/1125 938/1114/1321 919/976/1123
f 873/1291/1311 872/1292/1324 1032/1109/1313
f 1032/1109/1313 872/1292/1325 1033/1116/1326
f 1032/1109/1313 1033/1116/1326 1013/1110/1315
f 1013/1110/1315 1033/1116/1326 1014/1117/1327
f 1013/1110/1314 1014/1117/1327 995/1111/1316
f 995/1111/1316 1014/1117/1327 996/1118/1328
f 995/1111/1316 996/1118/1328 976/1112/1317
f 976/1112/1317 996/1118/1328 977/1119/1329
f 976/1112/1317 977/1119/1329 957/1113/1330
f 957/1113/1330 977/1119/1329 958/1120/1331
f 957/1113/1330 958/1120/1331 938/1114/1323
f 938/1114/1321 958/1120/1332 939/1121/1333
f 938/1114/1321 939/1121/1333 919/976/1123
f 919/976/1121 939/1121/1333 920/974/1119
f 872/1292/1334 871/1293/1335 1033/1116/1326
f 1033/1116/1326 871/1293/1335 1034/1123/1336
f 1033/1116/1326 1034/1123/1337 1014/1117/1327
f 1014/1117/1327 1034/1123/1337 1015/1124/1338
f 1014/1117/1327 1015/1124/1338 996/1118/1328
f 996/1118/1328 1015/1124/1339 902/1125/1340
f 996/1118/1328 902/1125/1340 977/1119/1329
f 977/1119/1329 902/1125/1340 978/1126/1341
f 977/1119/1329 978/1126/1341 958/1120/1332
f 958/1120/1331 978/1126/1341 959/1127/1342
f 958/1120/1331 959/1127/1342 939/1121/1333
f 939/1121/1333 959/1127/1342 940/1128/1343
f 939/1121/1333 940/1128/1343 920/974/1119
f 920/974/1119 940/1128/1343 921/971/1117
f 871/1293/1335 870/1294/961 1034/1123/1337
f 1034/1123/1337 870/1294/961 895/1295/961
f 1034/1123/1337 895/1295/961 1015/1124/1338
f 1015/1124/1338 895/1295/961 894/1296/961
f 1015/1124/1338 894/1296/961 902/1125/1340
f 902/1125/1340 894/1296/961 893/1297/961
f 902/1125/1340 893/1297/961 978/1126/1344
f 978/1126/1341 893/1297/961 959/1127/1342
f 893/1297/961 892/1298/961 959/1127/1342
f 959/1127/1342 892/1298/961 940/1128/1343
f 892/1298/961 891/1250/961 940/1128/1343
f 940/1128/1343 891/1250/961 921/971/1117
f 903/1055/1190 923/1134/1188 904/1053/1199
f 904/1053/1195 923/1134/1188 924/1138/1345
f 904/1053/1199 924/1138/1345 905/1051/1203
f 905/1051/1346 924/1138/1345 925/1143/1347
f 905/1051/1200 925/1143/1348 906/1049/1204
f 906/1049/1349 925/1143/1347 926/1087/1350
f 906/1049/1205 926/1087/1351 907/1046/1207
f 907/1046/1207 926/1087/1350 927/1088/1352
f 907/1046/1207 927/1088/1352 908/1009/1209
f 908/1009/1209 927/1088/1352 928/1007/1353
f 908/1009/1209 928/1007/1353 909/1008/1213
f 909/1008/1213 928/1007/1353 929/1006/1158
f 909/1008/1213 929/1006/1158 910/1043/1155
f 914/1027/1141 913/1033/1143 933/1028/1354
f 933/1028/1354 913/1033/1144 932/1034/1282
f 933/1028/1354 932/1034/1282 952/1029/1355
f 952/1029/1355 932/1034/1282 951/1035/1281
f 952/1029/1355 951/1035/1281 971/1030/1356
f 971/1030/1357 951/1035/1281 970/1036/1280
f 971/1030/1357 970/1036/1280 990/1031/1358
f 990/1031/1358 970/1036/1280 989/1000/1278
f 990/1031/1358 989/1000/1359 1008/998/1360
f 1008/998/1360 989/1000/1278 1007/999/1277
f 1008/998/1360 1007/999/1277 1027/997/1286
f 1027/997/1286 1007/999/1277 1026/1106/1276
f 915/1020/1136 914/1027/1141 934/1021/1361
f 934/1021/1361 914/1027/1141 933/1028/1354
f 934/1021/1361 933/1028/1362 953/1022/1363
f 953/1022/1363 933/1028/1362 952/1029/1355
f 953/1022/1364 952/1029/1355 972/1023/1365
f 972/1023/1366 952/1029/1355 971/1030/1357
f 972/1023/1365 971/1030/1357 991/1024/1367
f 991/1024/1367 971/1030/1356 990/1031/1358
f 991/1024/1367 990/1031/1358 1009/1025/1368
f 1009/1025/1369 990/1031/1358 1008/998/1360
f 1009/1025/1369 1008/998/1360 1028/996/1288
f 1028/996/1288 1008/998/1360 1027/997/1286
f 936/981/1307 917/979/1132 916/1013/1134
f 916/1013/1134 915/1020/1138 935/1014/1370
f 935/1014/1370 915/1020/1138 934/1021/1361
f 935/1014/1370 934/1021/1361 954/1015/1371
f 954/1015/1371 934/1021/1361 953/1022/1372
f 954/1015/1371 953/1022/1372 973/1016/1373
f 973/1016/1374 953/1022/1372 972/1023/1366
f 973/1016/1374 972/1023/1365 992/1017/1375
f 992/1017/1375 972/1023/1365 991/1024/1367
f 992/1017/1375 991/1024/1367 1010/1018/1376
f 1010/1018/1376 991/1024/1367 1009/1025/1369
f 1010/1018/1376 1009/1025/1368 1029/994/1291
f 1029/994/1292 1009/1025/1369 1028/996/1377
f 923/1134/1378 943/1139/1186 924/1138/1345
f 924/1138/1345 943/1139/1186 944/1144/1379
f 924/1138/1345 944/1144/1380 925/1143/1347
f 925/1143/1347 944/1144/1380 945/1085/1381
f 925/1143/1347 945/1085/1381 926/1087/1350
f 926/1087/1382 945/1085/1383 946/1086/1384
f 926/1087/1385 946/1086/1384 927/1088/1352
f 927/1088/1352 946/1086/1386 947/1094/1387
f 927/1088/1352 947/1094/1387 928/1007/1353
f 928/1007/1353 947/1094/1387 948/1005/1161
f 928/1007/1353 948/1005/1161 929/1006/1158
f 955/983/1388 936/981/1307 935/1014/1389
f 935/1014/1389 936/981/1307 916/1013/1134
f 955/983/1390 935/1014/1370 954/1015/1371
f 943/1139/1186 963/1145/1183 944/1144/1380
f 944/1144/1380 963/1145/1183 964/1083/1391
f 944/1144/1380 964/1083/1391 945/1085/1383
f 945/1085/1381 964/1083/1391 965/1084/1392
f 945/1085/1381 965/1084/1392 946/1086/1384
f 946/1086/1384 965/1084/1392 966/1093/1393
f 946/1086/1386 966/1093/1394 947/1094/1387
f 947/1094/1387 966/1093/1394 967/1099/1163
f 947/1094/1387 967/1099/1163 948/1005/1161
f 974/985/1302 955/983/1390 954/1015/1371
f 974/985/1302 954/1015/1371 973/1016/1373
f 963/1145/1183 983/1081/1181 964/1083/1391
f 964/1083/1391 983/1081/1181 984/1082/1395
f 964/1083/1391 984/1082/1395 965/1084/1392
f 965/1084/1392 984/1082/1395 985/1092/1396
f 965/1084/1392 985/1092/1396 966/1093/1393
f 966/1093/1394 985/1092/1396 986/1098/1165
f 966/1093/1394 986/1098/1165 967/1099/1163
f 993/987/1299 974/985/1302 973/1016/1373
f 993/987/1299 973/1016/1374 992/1017/1375
f 983/1081/1181 1002/1080/1179 984/1082/1395
f 984/1082/1395 1002/1080/1179 1003/1091/1397
f 984/1082/1395 1003/1091/1397 985/1092/1396
f 985/1092/1398 1003/1091/1397 1004/1097/1399
f 985/1092/1396 1004/1097/1399 986/1098/1165
f 1011/989/1297 993/987/1299 992/1017/1375
f 1011/989/1297 992/1017/1375 1010/1018/1376
f 1023/1096/1170 1004/1097/1167 1003/1091/1397
f 1023/1096/1170 1003/1091/1400 1022/1090/1401
f 1022/1090/1174 1003/1091/1400 1002/1080/1178
f 1030/991/1294 1011/989/1297 1010/1018/1376
f 1030/991/1294 1010/1018/1376 1029/994/1292
f 469/1299/1402 468/1300/504 1048/1301/1403
f 1048/1301/1403 468/1300/504 558/1302/506
f 1048/1301/1403 558/1302/506 1092/1303/1404
f 1092/1303/1405 558/1302/506 1093/1304/1406
f 1092/1303/1404 1093/1304/1406 1094/1305/1407
f 1094/1305/1407 1093/1304/1406 1570/1306/1408
f 1094/1305/1407 1570/1306/1408 1569/1307/1409
f 1569/1307/1409 1570/1306/1408 1488/1308/1410
f 1569/1307/1409 1488/1308/1410 1487/1309/1411
f 1487/1309/1411 1488/1308/1410 1132/1310/1412
f 1487/1309/1411 1132/1310/1413 1131/1311/1414
f 1131/1311/1414 1132/1310/1413 1140/1312/1415
f 1131/1311/1414 1140/1312/1416 1141/1313/1417
f 1141/1313/1418 1140/1312/1416 1545/1314/1419
f 1141/1313/1418 1545/1314/1419 1544/1315/1420
f 1544/1315/1420 1545/1314/1421 1462/1316/1422
f 1544/1315/1420 1462/1316/1422 1461/1317/1423
f 1461/1317/1424 1462/1316/1422 1172/1318/1425
f 1461/1317/1423 1172/1318/1426 1171/1319/1427
f 1171/1319/1428 1172/1318/1425 1188/1320/1429
f 1171/1319/1428 1188/1320/1429 1189/1321/1430
f 1189/1321/1430 1188/1320/1429 1438/1322/1431
f 1189/1321/1430 1438/1322/1432 1437/1323/1433
f 1437/1323/1433 1438/1322/1432 1212/1324/1434
f 1437/1323/1433 1212/1324/1434 1211/1325/1435
f 1211/1325/1435 1212/1324/1434 1233/1326/1436
f 1211/1325/1435 1233/1326/1436 1234/1327/1437
f 1234/1327/1438 1233/1326/1436 1415/1328/1439
f 1234/1327/1437 1415/1328/1439 1414/1329/1440
f 1414/1329/1440 1415/1328/1439 1251/1330/1441
f 1414/1329/1440 1251/1330/1441 1250/1331/1442
f 1250/1331/1442 1251/1330/1443 1276/1332/1444
f 1250/1331/1442 1276/1332/1444 1277/1333/1445
f 1277/1333/1445 1276/1332/1446 1289/1334/1447
f 1277/1333/1445 1289/1334/1447 1288/1335/1448
f 1288/1335/1448 1289/1334/1447 1319/1336/1449
f 1288/1335/1448 1319/1336/1450 1320/1337/1451
f 1320/1337/1451 1319/1336/1450 1513/1338/1452
f 1320/1337/1453 1513/1338/1452 1512/1339/1454
f 1512/1339/1454 1513/1338/1452 1389/1340/1455
f 1512/1339/1454 1389/1340/1455 1388/1341/1456
f 1388/1341/1457 1389/1340/1455 1327/1342/1458
f 1388/1341/1457 1327/1342/1458 1326/1343/1459
f 1326/1343/1459 1327/1342/1458 1365/1344/1460
f 1326/1343/1459 1365/1344/1460 1037/1345/1461
f 1037/1345/1461 1365/1344/1460 1491/1346/1462
f 1037/1345/1461 1491/1346/1463 901/1347/1464
f 901/1347/1464 1491/1346/1462 1366/1348/1465
f 901/1347/1464 1366/1348/1466 886/1349/1253
f 886/1349/1253 1366/1348/1467 1367/1350/1468
f 886/1349/1253 1367/1350/1468 1368/1351/1469
f 1368/1351/1470 1367/1350/1468 1493/1352/1471
f 1368/1351/1469 1493/1352/1472 1494/1353/1473
f 1494/1353/1473 1493/1352/1474 1363/1354/1475
f 1494/1353/1476 1363/1354/1475 1362/1355/1477
f 1362/1355/1477 1363/1354/1475 1329/1356/1478
f 1362/1355/1477 1329/1356/1478 1330/1357/1479
f 1330/1357/1480 1329/1356/1478 1391/1358/1481
f 1330/1357/1479 1391/1358/1481 1392/1359/1482
f 1392/1359/1482 1391/1358/1481 1515/1360/1483
f 1392/1359/1482 1515/1360/1483 1516/1361/1484
f 1516/1361/1484 1515/1360/1483 1317/1362/1485
f 1516/1361/1484 1317/1362/1485 1316/1363/1486
f 1316/1363/1486 1317/1362/1485 1291/1364/1487
f 1316/1363/1488 1291/1364/1487 1292/1365/1489
f 1292/1365/1490 1291/1364/1487 1274/1366/1491
f 1292/1365/1490 1274/1366/1491 1273/1367/1492
f 1273/1367/1493 1274/1366/1491 1253/1368/1494
f 1273/1367/1495 1253/1368/1494 1254/1369/1496
f 1254/1369/1496 1253/1368/1494 1417/1370/1497
f 1254/1369/1496 1417/1370/1497 1418/1371/1498
f 1418/1371/1498 1417/1370/1497 1231/1372/1499
f 1418/1371/1498 1231/1372/1500 1230/1373/1501
f 1230/1373/1501 1231/1372/1500 1214/1374/1502
f 1230/1373/1501 1214/1374/1502 1215/1375/1503
f 1215/1375/1503 1214/1374/1502 1440/1376/1504
f 1215/1375/1503 1440/1376/1505 1441/1377/1506
f 1441/1377/1506 1440/1376/1504 1186/1378/1507
f 1441/1377/1506 1186/1378/1507 1185/1379/1508
f 1185/1379/1508 1186/1378/1507 1174/1380/1509
f 1185/1379/1508 1174/1380/1509 1175/1381/1510
f 1175/1381/1510 1174/1380/1509 1464/1382/1511
f 1175/1381/1510 1464/1382/1511 1465/1383/1512
f 1465/1383/1512 1464/1382/1511 1547/1384/1513
f 1465/1383/1512 1547/1384/1513 1548/1385/1514
f 1548/1385/1514 1547/1384/1513 1138/1386/1515
f 1548/1385/1514 1138/1386/1516 1137/1387/1517
f 1137/1387/1518 1138/1386/1516 1134/1388/1519
f 1137/1387/1520 1134/1388/1519 1135/1389/1521
f 1135/1389/1521 1134/1388/1519 1046/1390/1522
f 1135/1389/1523 1046/1390/1522 557/1391/734
f 557/1391/734 1046/1390/1522 1490/1392/1524
f 557/1391/734 1490/1392/1524 558/1302/506
f 558/1302/506 1490/1392/1524 1093/1304/1406
f 556/1393/733 1468/1394/1525 557/1391/734
f 557/1391/734 1468/1394/1525 1136/1395/1526
f 557/1391/734 1136/1395/1526 1135/1389/1521
f 1135/1389/1521 1136/1395/1526 1137/1387/1518
f 555/1396/729 1180/1397/1527 556/1393/733
f 556/1393/733 1180/1397/1527 1179/1398/1528
f 556/1393/733 1179/1398/1529 1044/1399/1530
f 1044/1399/1530 1179/1398/1528 1178/1400/1531
f 1044/1399/1530 1178/1400/1531 1467/1401/1532
f 1467/1401/1532 1178/1400/1531 1177/1402/1533
f 1467/1401/1532 1177/1402/1533 1466/1403/1534
f 1466/1403/1534 1177/1402/1533 1176/1404/1535
f 1466/1403/1534 1176/1404/1535 1465/1383/1512
f 1465/1383/1512 1176/1404/1535 1175/1381/1536
f 554/1405/1537 1040/1406/1538 555/1396/729
f 555/1396/729 1040/1406/1539 1223/1407/1540
f 555/1396/729 1223/1407/1540 1221/1408/1541
f 1221/1408/1542 1223/1407/1543 1224/1409/1544
f 1221/1408/1542 1224/1409/1544 1220/1410/1545
f 1220/1410/1545 1224/1409/1544 1225/1411/1546
f 1220/1410/1545 1225/1411/1547 1219/1412/1548
f 1219/1412/1548 1225/1411/1546 1226/1413/1549
f 1219/1412/1548 1226/1413/1550 1218/1414/1551
f 1218/1414/1551 1226/1413/1550 1227/1415/1552
f 1218/1414/1551 1227/1415/1553 1217/1416/1554
f 1217/1416/1555 1227/1415/1556 1228/1417/1557
f 1217/1416/1554 1228/1417/1557 1216/1418/1558
f 1216/1418/1558 1228/1417/1557 1229/1419/1559
f 1216/1418/1560 1229/1419/1559 1215/1375/1503
f 1215/1375/1503 1229/1419/1559 1230/1373/1501
f 553/1420/725 1038/1421/1561 554/1405/727
f 554/1405/1537 1038/1421/1561 1263/1422/1562
f 554/1405/727 1263/1422/1562 1040/1406/1538
f 1040/1406/1539 1263/1422/1562 1262/1423/1563
f 1040/1406/1538 1262/1423/1564 1425/1424/1565
f 1425/1424/1565 1262/1423/1563 1261/1425/1566
f 1425/1424/1565 1261/1425/1566 1424/1426/1567
f 1424/1426/1568 1261/1425/1566 1260/1427/1569
f 1424/1426/1570 1260/1427/1569 1423/1428/1571
f 1423/1428/1571 1260/1427/1572 1259/1429/1573
f 1423/1428/1571 1259/1429/1573 1422/1430/1574
f 1422/1430/1574 1259/1429/1573 1258/1431/1575
f 1422/1430/1574 1258/1431/1575 1421/1432/1576
f 1421/1432/1576 1258/1431/1575 1257/1433/1577
f 1421/1432/1576 1257/1433/1577 1420/1434/1578
f 1420/1434/1578 1257/1433/1577 1256/1435/1579
f 1420/1434/1578 1256/1435/1579 1419/1436/1580
f 1419/1436/1580 1256/1435/1579 1255/1437/1581
f 1419/1436/1580 1255/1437/1581 1418/1371/1498
f 1418/1371/1498 1255/1437/1582 1254/1369/1496
f 552/1438/1583 1304/1439/1584 553/1420/725
f 553/1420/725 1304/1439/1585 1303/1440/1586
f 553/1420/725 1303/1440/1586 1038/1421/1587
f 1038/1421/1587 1303/1440/1586 1302/1441/1588
f 1038/1421/1561 1302/1441/1589 1264/1442/1590
f 1264/1442/1590 1302/1441/1591 1301/1443/1592
f 1264/1442/1590 1301/1443/1592 1265/1444/1593
f 1265/1444/1593 1301/1443/1592 1300/1445/1594
f 1265/1444/1593 1300/1445/1594 1266/1446/1595
f 1266/1446/1596 1300/1445/1597 1299/1447/1598
f 1266/1446/1595 1299/1447/1598 1267/1448/1599
f 1267/1448/1599 1299/1447/1598 1298/1449/1600
f 1267/1448/1599 1298/1449/1601 1268/1450/1602
f 1268/1450/1602 1298/1449/1601 1297/1451/1603
f 1268/1450/1602 1297/1451/1603 1269/1452/1604
f 1269/1452/1605 1297/1451/1603 1296/1453/1606
f 1269/1452/1604 1296/1453/1606 1270/1454/1607
f 1270/1454/1607 1296/1453/1606 1295/1455/1608
f 1270/1454/1609 1295/1455/1608 1271/1456/1610
f 1271/1456/1610 1295/1455/1608 1294/1457/1611
f 1271/1456/1612 1294/1457/1611 1272/1458/1613
f 1272/1458/1613 1294/1457/1611 1293/1459/1614
f 1272/1458/1615 1293/1459/1614 1273/1367/1493
f 1273/1367/1493 1293/1459/1614 1292/1365/1490
f 551/1460/1616 1346/1461/1617 552/1438/723
f 552/1438/723 1346/1461/1617 1345/1462/1618
f 552/1438/1619 1345/1462/1618 1036/1463/1620
f 1036/1463/1620 1345/1462/1618 1344/1464/1621
f 1036/1463/1620 1344/1464/1621 1405/1465/1622
f 1405/1465/1622 1344/1464/1621 1343/1466/1623
f 1405/1465/1622 1343/1466/1623 1404/1467/1624
f 1404/1467/1625 1343/1466/1623 1342/1468/1626
f 1404/1467/1624 1342/1468/1626 1403/1469/1627
f 1403/1469/1627 1342/1468/1626 1341/1470/1628
f 1403/1469/1629 1341/1470/1628 1402/1471/1630
f 1402/1471/1631 1341/1470/1628 1340/1472/1632
f 1402/1471/1631 1340/1472/1632 1401/1473/1633
f 1401/1473/1633 1340/1472/1634 1339/1474/1635
f 1401/1473/1633 1339/1474/1636 1400/1475/1637
f 1400/1475/1638 1339/1474/1635 1338/1476/1639
f 1400/1475/1637 1338/1476/1639 1399/1477/1640
f 1399/1477/1640 1338/1476/1639 1337/1478/1641
f 1399/1477/1640 1337/1478/1641 1398/1479/1642
f 1398/1479/1642 1337/1478/1641 1336/1480/1643
f 1398/1479/1642 1336/1480/1643 1397/1481/1644
f 1397/1481/1644 1336/1480/1643 1335/1482/1645
f 1397/1481/1644 1335/1482/1645 1396/1483/1646
f 1396/1483/1646 1335/1482/1645 1334/1484/1647
f 1396/1483/1646 1334/1484/1648 1395/1485/1649
f 1395/1485/1649 1334/1484/1648 1333/1486/1650
f 1395/1485/1649 1333/1486/1650 1394/1487/1651
f 1394/1487/1651 1333/1486/1650 1332/1488/1652
f 1394/1487/1651 1332/1488/1652 1393/1489/1653
f 1393/1489/1653 1332/1488/1652 1331/1490/1654
f 1393/1489/1655 1331/1490/1654 1392/1359/1482
f 1392/1359/1482 1331/1490/1654 1330/1357/1479
f 890/1491/1656 1384/1492/1657 551/1460/721
f 551/1460/721 1384/1492/1657 1385/1493/1658
f 551/1460/721 1385/1493/1659 1035/1494/1660
f 1035/1494/1660 1385/1493/1658 1384/1492/1657
f 1035/1494/1661 1384/1492/1657 1509/1495/1662
f 1509/1495/1663 1384/1492/1657 1383/1496/1664
f 1509/1495/1662 1383/1496/1665 1508/1497/1666
f 1508/1497/1666 1383/1496/1667 1382/1498/1668
f 1508/1497/1666 1382/1498/1668 1507/1499/1669
f 1507/1499/1669 1382/1498/1668 1381/1500/1670
f 1507/1499/1669 1381/1500/1671 1506/1501/1672
f 1506/1501/1672 1381/1500/1671 1380/1502/1673
f 1506/1501/1672 1380/1502/1673 1505/1503/1674
f 1505/1503/1674 1380/1502/1673 1379/1504/1675
f 1505/1503/1674 1379/1504/1675 1504/1505/1676
f 1504/1505/1677 1379/1504/1678 1378/1506/1679
f 1504/1505/1676 1378/1506/1679 1503/1507/1680
f 1503/1507/1680 1378/1506/1679 1377/1508/1681
f 1503/1507/1680 1377/1508/1682 1502/1509/1683
f 1502/1509/1683 1377/1508/1681 1376/1510/1684
f 1502/1509/1683 1376/1510/1684 1501/1511/1685
f 1501/1511/1685 1376/1510/1684 1375/1512/1686
f 1501/1511/1685 1375/1512/1687 1500/1513/1688
f 1500/1513/1688 1375/1512/1687 1374/1514/1689
f 1500/1513/1690 1374/1514/1689 1499/1515/1691
f 1499/1515/1692 1374/1514/1689 1373/1516/1693
f 1499/1515/1691 1373/1516/1693 1498/1517/1694
f 1498/1517/1695 1373/1516/1693 1372/1518/1696
f 1498/1517/1694 1372/1518/1696 1497/1519/1697
f 1497/1519/1698 1372/1518/1699 1371/1520/1700
f 1497/1519/1697 1371/1520/1700 1496/1521/1701
f 1496/1521/1701 1371/1520/1700 1370/1522/1702
f 1496/1521/1701 1370/1522/1702 1495/1523/1703
f 1495/1523/1703 1370/1522/1702 1369/1524/1704
f 1495/1523/1703 1369/1524/1705 1494/1353/1476
f 1494/1353/1473 1369/1524/1706 1368/1351/1470
f 889/1525/1707 1381/1500/1671 890/1491/1656
f 890/1491/1656 1381/1500/1671 1382/1498/1708
f 890/1491/1656 1382/1498/1709 1383/1496/1710
f 888/1526/1711 1378/1506/1679 889/1525/1707
f 889/1525/1707 1378/1506/1712 1379/1504/1678
f 889/1525/1707 1379/1504/1675 1380/1502/1673
f 887/1527/1713 1375/1512/1687 888/1526/1711
f 888/1526/1711 1375/1512/1714 1376/1510/1684
f 888/1526/1711 1376/1510/1684 1377/1508/1681
f 886/1349/1253 1369/1524/1706 887/1527/1715
f 887/1527/1713 1369/1524/1704 1370/1522/1702
f 887/1527/1713 1370/1522/1702 1371/1520/1700
f 900/1528/1245 1324/1529/1716 901/1347/1464
f 901/1347/1464 1324/1529/1716 1386/1530/1717
f 901/1347/1464 1386/1530/1717 1325/1531/1718
f 1325/1531/1718 1386/1530/1717 1387/1532/1719
f 1325/1531/1718 1387/1532/1719 1326/1343/1459
f 1326/1343/1459 1387/1532/1719 1388/1341/1457
f 899/1533/1720 1041/1534/1721 900/1528/1245
f 900/1528/1245 1041/1534/1721 1283/1535/1722
f 900/1528/1245 1283/1535/1722 1039/1536/1723
f 1039/1536/1724 1283/1535/1725 1284/1537/1726
f 1039/1536/1724 1284/1537/1726 1323/1538/1727
f 1323/1538/1728 1284/1537/1726 1285/1539/1729
f 1323/1538/1727 1285/1539/1729 1322/1540/1730
f 1322/1540/1730 1285/1539/1729 1286/1541/1731
f 1322/1540/1730 1286/1541/1731 1321/1542/1732
f 1321/1542/1732 1286/1541/1731 1287/1543/1733
f 1321/1542/1734 1287/1543/1733 1320/1337/1451
f 1320/1337/1451 1287/1543/1733 1288/1335/1448
f 898/1544/1228 1406/1545/1735 899/1533/1237
f 899/1533/1237 1406/1545/1736 1243/1546/1737
f 899/1533/1237 1243/1546/1738 1041/1534/1721
f 1041/1534/1721 1243/1546/1737 1244/1547/1739
f 1041/1534/1740 1244/1547/1741 1282/1548/1742
f 1282/1548/1742 1244/1547/1741 1245/1549/1743
f 1282/1548/1744 1245/1549/1743 1281/1550/1745
f 1281/1550/1746 1245/1549/1743 1246/1551/1747
f 1281/1550/1746 1246/1551/1748 1280/1552/1749
f 1280/1552/1750 1246/1551/1748 1247/1553/1751
f 1280/1552/1750 1247/1553/1751 1279/1554/1752
f 1279/1554/1752 1247/1553/1751 1248/1555/1753
f 1279/1554/1752 1248/1555/1754 1278/1556/1755
f 1278/1556/1755 1248/1555/1754 1249/1557/1756
f 1278/1556/1757 1249/1557/1756 1277/1333/1445
f 1277/1333/1445 1249/1557/1756 1250/1331/1442
f 897/1558/1227 1426/1559/1758 898/1544/1228
f 898/1544/1228 1426/1559/1758 1201/1560/1759
f 898/1544/1228 1201/1560/1759 1043/1561/1760
f 1043/1561/1760 1201/1560/1759 1202/1562/1761
f 1043/1561/1760 1202/1562/1761 1242/1563/1762
f 1242/1563/1763 1202/1562/1761 1203/1564/1764
f 1242/1563/1765 1203/1564/1764 1241/1565/1766
f 1241/1565/1766 1203/1564/1764 1204/1566/1767
f 1241/1565/1766 1204/1566/1767 1240/1567/1768
f 1240/1567/1769 1204/1566/1767 1205/1568/1770
f 1240/1567/1768 1205/1568/1770 1239/1569/1771
f 1239/1569/1771 1205/1568/1770 1206/1570/1772
f 1239/1569/1771 1206/1570/1772 1238/1571/1773
f 1238/1571/1774 1206/1570/1772 1207/1572/1775
f 1238/1571/1773 1207/1572/1775 1237/1573/1776
f 1237/1573/1776 1207/1572/1775 1208/1574/1777
f 1237/1573/1778 1208/1574/1777 1236/1575/1779
f 1236/1575/1779 1208/1574/1777 1209/1576/1780
f 1236/1575/1779 1209/1576/1780 1235/1577/1781
f 1235/1577/1781 1209/1576/1780 1210/1578/1782
f 1235/1577/1781 1210/1578/1782 1234/1327/1438
f 1234/1327/1438 1210/1578/1782 1211/1325/1435
f 896/1579/1192 1157/1580/1783 897/1558/1227
f 897/1558/1227 1157/1580/1784 1447/1581/1785
f 897/1558/1227 1447/1581/1785 1158/1582/1786
f 1158/1582/1786 1447/1581/1787 1448/1583/1788
f 1158/1582/1786 1448/1583/1788 1159/1584/1789
f 1159/1584/1789 1448/1583/1788 1449/1585/1790
f 1159/1584/1789 1449/1585/1790 1160/1586/1791
f 1160/1586/1791 1449/1585/1790 1450/1587/1792
f 1160/1586/1791 1450/1587/1792 1161/1588/1793
f 1161/1588/1794 1450/1587/1792 1451/1589/1795
f 1161/1588/1793 1451/1589/1796 1162/1590/1797
f 1162/1590/1797 1451/1589/1795 1452/1591/1798
f 1162/1590/1797 1452/1591/1798 1163/1592/1799
f 1163/1592/1799 1452/1591/1798 1453/1593/1800
f 1163/1592/1799 1453/1593/1800 1164/1594/1801
f 1164/1594/1801 1453/1593/1800 1454/1595/1802
f 1164/1594/1801 1454/1595/1802 1165/1596/1803
f 1165/1596/1803 1454/1595/1804 1455/1597/1805
f 1165/1596/1803 1455/1597/1806 1166/1598/1807
f 1166/1598/1807 1455/1597/1808 1456/1599/1809
f 1166/1598/1807 1456/1599/1809 1167/1600/1810
f 1167/1600/1810 1456/1599/1809 1457/1601/1811
f 1167/1600/1812 1457/1601/1811 1168/1602/1813
f 1168/1602/1814 1457/1601/1811 1458/1603/1815
f 1168/1602/1813 1458/1603/1815 1169/1604/1816
f 1169/1604/1816 1458/1603/1817 1459/1605/1818
f 1169/1604/1816 1459/1605/1818 1170/1606/1819
f 1170/1606/1819 1459/1605/1818 1460/1607/1820
f 1170/1606/1819 1460/1607/1820 1171/1319/1428
f 1171/1319/1428 1460/1607/1821 1461/1317/1423
f 476/1608/1193 1049/1609/1822 896/1579/1191
f 896/1579/1192 1049/1609/1823 1071/1610/1824
f 896/1579/1192 1071/1610/1824 1550/1611/1825
f 1550/1611/1825 1071/1610/1824 1113/1612/1826
f 1550/1611/1825 1113/1612/1827 1551/1613/1828
f 1551/1613/1828 1113/1612/1826 1112/1614/1829
f 1551/1613/1828 1112/1614/1829 1552/1615/1830
f 1552/1615/1830 1112/1614/1829 1111/1616/1831
f 1552/1615/1830 1111/1616/1831 1553/1617/1832
f 1553/1617/1832 1111/1616/1831 1110/1618/1833
f 1553/1617/1832 1110/1618/1833 1554/1619/1834
f 1554/1619/1834 1110/1618/1833 1109/1620/1835
f 1554/1619/1834 1109/1620/1836 1555/1621/1837
f 1555/1621/1837 1109/1620/1835 1108/1622/1838
f 1555/1621/1839 1108/1622/1840 1556/1623/1841
f 1556/1623/1841 1108/1622/1840 1107/1624/1842
f 1556/1623/1841 1107/1624/1842 1557/1625/1843
f 1557/1625/1844 1107/1624/1842 1106/1626/1845
f 1557/1625/1843 1106/1626/1846 1558/1627/1847
f 1558/1627/1847 1106/1626/1846 1105/1628/1848
f 1558/1627/1847 1105/1628/1849 1559/1629/1850
f 1559/1629/1850 1105/1628/1848 1104/1630/1851
f 1559/1629/1850 1104/1630/1851 1560/1631/1852
f 1560/1631/1852 1104/1630/1851 1103/1632/1853
f 1560/1631/1852 1103/1632/1853 1561/1633/1854
f 1561/1633/1854 1103/1632/1853 1102/1634/1855
f 1561/1633/1854 1102/1634/1855 1562/1635/1856
f 1562/1635/1856 1102/1634/1855 1101/1636/1857
f 1562/1635/1856 1101/1636/1857 1563/1637/1858
f 1563/1637/1858 1101/1636/1857 1100/1638/1859
f 1563/1637/1858 1100/1638/1859 1564/1639/1860
f 1564/1639/1861 1100/1638/1859 1099/1640/1862
f 1564/1639/1860 1099/1640/1863 1565/1641/1864
f 1565/1641/1864 1099/1640/1863 1098/1642/1865
f 1565/1641/1864 1098/1642/1865 1566/1643/1866
f 1566/1643/1867 1098/1642/1865 1097/1644/1868
f 1566/1643/1866 1097/1644/1868 1567/1645/1869
f 1567/1645/1869 1097/1644/1868 1096/1646/1870
f 1567/1645/1869 1096/1646/1870 1568/1647/1871
f 1568/1647/1871 1096/1646/1870 1095/1648/1872
f 1568/1647/1871 1095/1648/1873 1569/1307/1409
f 1569/1307/1409 1095/1648/1873 1094/1305/1407
f 1049/1609/1823 476/1608/1193 1070/1649/1874
f 1070/1649/1874 476/1608/1193 475/1650/1875
f 1070/1649/1876 475/1650/1875 1069/1651/1877
f 1069/1651/1877 475/1650/1875 1068/1652/1878
f 1069/1651/1877 1068/1652/1879 1072/1653/1880
f 1072/1653/1881 1068/1652/1879 1073/1654/1882
f 1072/1653/1881 1073/1654/1882 1113/1612/1827
f 1113/1612/1827 1073/1654/1882 1112/1614/1829
f 1068/1652/1878 475/1650/1875 1067/1655/1883
f 1067/1655/1883 475/1650/1875 474/1656/1884
f 1067/1655/1883 474/1656/1885 1066/1657/1886
f 1066/1657/1887 474/1656/1888 1065/1658/1889
f 1066/1657/1890 1065/1658/1889 1075/1659/1891
f 1075/1659/1891 1065/1658/1889 1076/1660/1892
f 1075/1659/1891 1076/1660/1892 1110/1618/1833
f 1110/1618/1833 1076/1660/1892 1109/1620/1835
f 474/1656/1893 473/1661/1894 1065/1658/1889
f 1065/1658/1889 473/1661/1895 1064/1662/1896
f 1065/1658/1889 1064/1662/1896 1076/1660/1897
f 1076/1660/1892 1064/1662/1896 1077/1663/1898
f 1076/1660/1892 1077/1663/1898 1109/1620/1835
f 1109/1620/1899 1077/1663/1898 1108/1622/1840
f 472/1664/1900 1062/1665/1901 473/1661/1895
f 473/1661/1895 1062/1665/1902 1063/1666/1903
f 473/1661/1895 1063/1666/1904 1064/1662/1905
f 1064/1662/1896 1063/1666/1903 1077/1663/1898
f 471/1667/1906 1058/1668/1907 472/1664/1900
f 472/1664/1900 1058/1668/1907 1059/1669/1908
f 472/1664/1900 1059/1669/1908 1060/1670/1909
f 1060/1670/1910 1059/1669/1908 1081/1671/1911
f 1060/1670/1912 1081/1671/1911 1080/1672/1913
f 1080/1672/1914 1081/1671/1911 1105/1628/1849
f 1080/1672/1914 1105/1628/1848 1106/1626/1915
f 470/1673/1916 1054/1674/1917 471/1667/1906
f 471/1667/1918 1054/1674/1919 1055/1675/1920
f 471/1667/1918 1055/1675/1920 1056/1676/1921
f 1056/1676/1922 1055/1675/1920 1085/1677/1923
f 1056/1676/1922 1085/1677/1923 1084/1678/1924
f 1084/1678/1924 1085/1677/1923 1101/1636/1857
f 1084/1678/1924 1101/1636/1857 1102/1634/1855
f 469/1299/1402 1051/1679/1925 470/1673/1916
f 470/1673/1916 1051/1679/1925 1052/1680/1926
f 470/1673/1916 1052/1680/1927 1053/1681/1928
f 1053/1681/1929 1052/1680/1926 1088/1682/1930
f 1053/1681/1929 1088/1682/1930 1087/1683/1931
f 1087/1683/1931 1088/1682/1930 1098/1642/1865
f 1087/1683/1932 1098/1642/1865 1099/1640/1862
f 1346/1461/1617 551/1460/721 1035/1494/1933
f 1326/1343/1459 1037/1345/1461 1325/1531/1718
f 1325/1531/1718 1037/1345/1461 901/1347/1464
f 1324/1529/1716 900/1528/1245 1039/1536/1724
f 1042/1684/1934 555/1396/1935 1222/1685/1936
f 1222/1685/1937 555/1396/732 1221/1408/1542
f 1222/1685/1936 1221/1408/1542 1042/1684/1934
f 1042/1684/1938 1221/1408/1542 1446/1686/1939
f 1042/1684/1934 1446/1686/1939 1180/1397/1527
f 1180/1397/1527 1446/1686/1939 1181/1687/1940
f 1180/1397/1527 1181/1687/1940 1179/1398/1528
f 1179/1398/1528 1181/1687/1940 1178/1400/1531
f 1406/1545/1736 898/1544/1228 1043/1561/1760
f 1468/1394/1525 556/1393/733 1044/1399/1530
f 897/1558/1227 1158/1582/1786 1045/1688/1941
f 1045/1688/1941 1158/1582/1786 1159/1584/1789
f 1045/1688/1941 1159/1584/1942 1200/1689/1943
f 1200/1689/1943 1159/1584/1789 1160/1586/1791
f 1200/1689/1943 1160/1586/1791 1199/1690/1944
f 1199/1690/1944 1160/1586/1791 1161/1588/1793
f 1199/1690/1944 1161/1588/1793 1198/1691/1945
f 1198/1691/1945 1161/1588/1946 1162/1590/1797
f 1198/1691/1945 1162/1590/1797 1197/1692/1947
f 1197/1692/1947 1162/1590/1797 1163/1592/1799
f 1197/1692/1947 1163/1592/1799 1196/1693/1948
f 1196/1693/1948 1163/1592/1799 1164/1594/1801
f 1196/1693/1948 1164/1594/1801 1195/1694/1949
f 1195/1694/1949 1164/1594/1801 1165/1596/1803
f 1195/1694/1950 1165/1596/1951 1194/1695/1952
f 1194/1695/1953 1165/1596/1803 1166/1598/1807
f 1194/1695/1952 1166/1598/1807 1193/1696/1954
f 1193/1696/1954 1166/1598/1807 1167/1600/1810
f 1193/1696/1955 1167/1600/1810 1192/1697/1956
f 1192/1697/1956 1167/1600/1810 1168/1602/1957
f 1192/1697/1956 1168/1602/1813 1191/1698/1958
f 1191/1698/1959 1168/1602/1813 1169/1604/1960
f 1191/1698/1958 1169/1604/1816 1190/1699/1961
f 1190/1699/1961 1169/1604/1816 1170/1606/1962
f 1190/1699/1963 1170/1606/1819 1189/1321/1430
f 1189/1321/1430 1170/1606/1819 1171/1319/1428
f 1047/1700/1964 896/1579/1192 1114/1701/1965
f 1114/1701/1965 896/1579/1192 1469/1702/1966
f 1114/1701/1965 1469/1702/1966 1470/1703/1967
f 1470/1703/1967 1469/1702/1966 1551/1613/1828
f 1470/1703/1967 1551/1613/1828 1552/1615/1830
f 1570/1306/1408 1093/1304/1406 1490/1392/1524
f 1469/1702/1966 896/1579/1192 1550/1611/1825
f 1051/1679/1925 469/1299/1402 1050/1704/1968
f 1050/1704/1968 469/1299/1402 1048/1301/1969
f 1050/1704/1970 1048/1301/1403 1091/1705/1971
f 1091/1705/1971 1048/1301/1403 1092/1303/1404
f 1091/1705/1971 1092/1303/1404 1094/1305/1407
f 1051/1679/1925 1050/1704/1970 1090/1706/1972
f 1090/1706/1972 1050/1704/1970 1091/1705/1971
f 1090/1706/1972 1091/1705/1971 1095/1648/1873
f 1095/1648/1872 1091/1705/1971 1094/1305/1407
f 1054/1674/1917 470/1673/1916 1053/1681/1928
f 1052/1680/1926 1051/1679/1925 1089/1707/1973
f 1089/1707/1973 1051/1679/1925 1090/1706/1972
f 1089/1707/1973 1090/1706/1972 1096/1646/1870
f 1096/1646/1870 1090/1706/1972 1095/1648/1873
f 1053/1681/1929 1087/1683/1974 1054/1674/1919
f 1054/1674/1975 1087/1683/1931 1086/1708/1976
f 1054/1674/1917 1086/1708/1976 1055/1675/1977
f 1055/1675/1977 1086/1708/1976 1085/1677/1923
f 1058/1668/1907 471/1667/1918 1057/1709/1978
f 1057/1709/1978 471/1667/1918 1056/1676/1921
f 1057/1709/1979 1056/1676/1980 1084/1678/1924
f 1058/1668/1907 1057/1709/1981 1083/1710/1982
f 1083/1710/1982 1057/1709/1979 1084/1678/1924
f 1083/1710/1982 1084/1678/1924 1102/1634/1855
f 1059/1669/1908 1058/1668/1983 1082/1711/1984
f 1082/1711/1985 1058/1668/1907 1083/1710/1982
f 1082/1711/1985 1083/1710/1982 1103/1632/1853
f 1103/1632/1853 1083/1710/1982 1102/1634/1855
f 1062/1665/1986 472/1664/1900 1061/1712/1987
f 1061/1712/1987 472/1664/1900 1060/1670/1910
f 1061/1712/1987 1060/1670/1910 1080/1672/1988
f 1062/1665/1902 1061/1712/1989 1079/1713/1990
f 1079/1713/1990 1061/1712/1989 1080/1672/1914
f 1079/1713/1990 1080/1672/1914 1106/1626/1915
f 1063/1666/1904 1062/1665/1986 1078/1714/1991
f 1078/1714/1992 1062/1665/1901 1079/1713/1990
f 1078/1714/1991 1079/1713/1990 1107/1624/1842
f 1107/1624/1842 1079/1713/1993 1106/1626/1846
f 1073/1654/1882 1068/1652/1879 1067/1655/1883
f 1067/1655/1883 1066/1657/1887 1074/1715/1994
f 1074/1715/1994 1066/1657/1995 1075/1659/1891
f 1074/1715/1994 1075/1659/1891 1111/1616/1996
f 1111/1616/1997 1075/1659/1891 1110/1618/1833
f 1049/1609/1823 1070/1649/1876 1069/1651/1877
f 1049/1609/1823 1069/1651/1877 1072/1653/1881
f 1113/1612/1826 1071/1610/1824 1072/1653/1998
f 1072/1653/1880 1071/1610/1824 1049/1609/1823
f 1111/1616/1831 1112/1614/1829 1074/1715/1994
f 1074/1715/1994 1112/1614/1999 1073/1654/1882
f 1074/1715/1994 1073/1654/1882 1067/1655/1883
f 1107/1624/1842 1108/1622/1838 1078/1714/1992
f 1078/1714/1992 1108/1622/1838 1077/1663/1898
f 1078/1714/1991 1077/1663/2000 1063/1666/1904
f 1104/1630/1851 1105/1628/1849 1081/1671/1911
f 1103/1632/1853 1104/1630/1851 1082/1711/1984
f 1082/1711/1985 1104/1630/1851 1081/1671/1911
f 1082/1711/1985 1081/1671/1911 1059/1669/1908
f 1100/1638/1859 1101/1636/1857 1085/1677/1923
f 1099/1640/1863 1100/1638/1859 1086/1708/1976
f 1086/1708/2001 1100/1638/1859 1085/1677/1923
f 1086/1708/1976 1087/1683/1931 1099/1640/1862
f 1097/1644/1868 1098/1642/1865 1088/1682/2002
f 1096/1646/1870 1097/1644/1868 1089/1707/1973
f 1089/1707/1973 1097/1644/1868 1088/1682/1930
f 1089/1707/1973 1088/1682/1930 1052/1680/2003
f 1114/1701/1965 1115/1716/2004 1047/1700/1964
f 1047/1700/1964 1115/1716/2004 1156/1717/2005
f 1047/1700/1964 1156/1717/2005 1157/1580/1784
f 1157/1580/1784 1156/1717/2005 1530/1718/2006
f 1157/1580/1784 1530/1718/2006 1447/1581/1785
f 1447/1581/1787 1530/1718/2006 1448/1583/1788
f 896/1579/1192 1047/1700/1964 1157/1580/1784
f 1115/1716/2004 1116/1719/2007 1156/1717/2005
f 1156/1717/2005 1116/1719/2007 1155/1720/2008
f 1156/1717/2005 1155/1720/2008 1530/1718/2009
f 1530/1718/2006 1155/1720/2008 1531/1721/2010
f 1530/1718/2006 1531/1721/2011 1448/1583/1788
f 1448/1583/1788 1531/1721/2010 1449/1585/1790
f 1114/1701/1965 1470/1703/1967 1115/1716/2004
f 1115/1716/2004 1470/1703/1967 1471/1722/2012
f 1115/1716/2004 1471/1722/2012 1116/1719/2007
f 1116/1719/2007 1471/1722/2012 1472/1723/2013
f 1116/1719/2007 1472/1723/2013 1117/1724/2014
f 1117/1724/2015 1472/1723/2013 1473/1725/2016
f 1117/1724/2014 1473/1725/2016 1118/1726/2017
f 1118/1726/2017 1473/1725/2016 1474/1727/2018
f 1118/1726/2017 1474/1727/2018 1119/1728/2019
f 1119/1728/2019 1474/1727/2018 1475/1729/2020
f 1119/1728/2019 1475/1729/2020 1120/1730/2021
f 1120/1730/2021 1475/1729/2020 1476/1731/2022
f 1120/1730/2021 1476/1731/2022 1121/1732/2023
f 1121/1732/2023 1476/1731/2022 1477/1733/2024
f 1121/1732/2023 1477/1733/2024 1122/1734/2025
f 1122/1734/2025 1477/1733/2024 1478/1735/2026
f 1122/1734/2025 1478/1735/2026 1123/1736/2027
f 1123/1736/2027 1478/1735/2026 1479/1737/2028
f 1123/1736/2027 1479/1737/2028 1124/1738/2029
f 1124/1738/2030 1479/1737/2028 1480/1739/2031
f 1124/1738/2029 1480/1739/2032 1125/1740/2033
f 1125/1740/2033 1480/1739/2031 1481/1741/2034
f 1125/1740/2033 1481/1741/2034 1126/1742/2035
f 1126/1742/2035 1481/1741/2034 1482/1743/2036
f 1126/1742/2035 1482/1743/2036 1127/1744/2037
f 1127/1744/2037 1482/1743/2036 1483/1745/2038
f 1127/1744/2039 1483/1745/2038 1128/1746/2040
f 1128/1746/2040 1483/1745/2038 1484/1747/2041
f 1128/1746/2040 1484/1747/2041 1129/1748/2042
f 1129/1748/2042 1484/1747/2041 1485/1749/2043
f 1129/1748/2042 1485/1749/2043 1130/1750/2044
f 1130/1750/2044 1485/1749/2043 1486/1751/2045
f 1130/1750/2044 1486/1751/2046 1131/1311/1414
f 1131/1311/1414 1486/1751/2046 1487/1309/1411
f 1116/1719/2007 1117/1724/2014 1155/1720/2008
f 1155/1720/2008 1117/1724/2014 1154/1752/2047
f 1155/1720/2008 1154/1752/2048 1531/1721/2010
f 1531/1721/2010 1154/1752/2048 1532/1753/2049
f 1531/1721/2010 1532/1753/2050 1449/1585/2051
f 1449/1585/1790 1532/1753/2052 1450/1587/1792
f 1117/1724/2014 1118/1726/2017 1154/1752/2047
f 1154/1752/2047 1118/1726/2017 1153/1754/2053
f 1154/1752/2047 1153/1754/2053 1532/1753/2052
f 1532/1753/2050 1153/1754/2053 1533/1755/2054
f 1532/1753/2052 1533/1755/2054 1450/1587/1792
f 1450/1587/2055 1533/1755/2054 1451/1589/1795
f 1118/1726/2017 1119/1728/2019 1153/1754/2053
f 1153/1754/2053 1119/1728/2019 1152/1756/2056
f 1153/1754/2053 1152/1756/2056 1533/1755/2054
f 1533/1755/2054 1152/1756/2057 1534/1757/2058
f 1533/1755/2054 1534/1757/2058 1451/1589/1795
f 1451/1589/1795 1534/1757/2059 1452/1591/1798
f 1119/1728/2019 1120/1730/2021 1152/1756/2056
f 1152/1756/2056 1120/1730/2021 1151/1758/2060
f 1152/1756/2056 1151/1758/2061 1534/1757/2059
f 1534/1757/2058 1151/1758/2062 1535/1759/2063
f 1534/1757/2064 1535/1759/2063 1452/1591/1798
f 1452/1591/1798 1535/1759/2063 1453/1593/1800
f 1120/1730/2021 1121/1732/2023 1151/1758/2060
f 1151/1758/2060 1121/1732/2065 1150/1760/2066
f 1151/1758/2060 1150/1760/2067 1535/1759/2063
f 1535/1759/2063 1150/1760/2066 1536/1761/2068
f 1535/1759/2063 1536/1761/2068 1453/1593/1800
f 1453/1593/1800 1536/1761/2068 1454/1595/1802
f 1121/1732/2023 1122/1734/2025 1150/1760/2066
f 1150/1760/2069 1122/1734/2025 1149/1762/2070
f 1150/1760/2066 1149/1762/2070 1536/1761/2068
f 1536/1761/2068 1149/1762/2070 1537/1763/2071
f 1536/1761/2068 1537/1763/2072 1454/1595/1804
f 1454/1595/1804 1537/1763/2071 1455/1597/1808
f 1122/1734/2025 1123/1736/2027 1149/1762/2070
f 1149/1762/2070 1123/1736/2027 1148/1764/2073
f 1149/1762/2070 1148/1764/2073 1537/1763/2071
f 1537/1763/2072 1148/1764/2074 1538/1765/2075
f 1537/1763/2071 1538/1765/2075 1455/1597/1808
f 1455/1597/1805 1538/1765/2075 1456/1599/2076
f 1123/1736/2027 1124/1738/2029 1148/1764/2073
f 1148/1764/2073 1124/1738/2030 1147/1766/2077
f 1148/1764/2073 1147/1766/2077 1538/1765/2075
f 1538/1765/2075 1147/1766/2077 1539/1767/2078
f 1538/1765/2075 1539/1767/2079 1456/1599/1809
f 1456/1599/2076 1539/1767/2078 1457/1601/1811
f 1124/1738/2029 1125/1740/2033 1147/1766/2077
f 1147/1766/2077 1125/1740/2080 1146/1768/2081
f 1147/1766/2077 1146/1768/2081 1539/1767/2082
f 1539/1767/2078 1146/1768/2083 1540/1769/2084
f 1539/1767/2085 1540/1769/2084 1457/1601/1811
f 1457/1601/1811 1540/1769/2086 1458/1603/1817
f 1125/1740/2033 1126/1742/2035 1146/1768/2081
f 1146/1768/2081 1126/1742/2035 1145/1770/2087
f 1146/1768/2081 1145/1770/2088 1540/1769/2084
f 1540/1769/2084 1145/1770/2087 1541/1771/2089
f 1540/1769/2084 1541/1771/2089 1458/1603/1817
f 1458/1603/1817 1541/1771/2090 1459/1605/1818
f 1126/1742/2035 1127/1744/2037 1145/1770/2087
f 1145/1770/2087 1127/1744/2039 1144/1772/2091
f 1145/1770/2087 1144/1772/2091 1541/1771/2090
f 1541/1771/2090 1144/1772/2091 1542/1773/2092
f 1541/1771/2090 1542/1773/2092 1459/1605/2093
f 1459/1605/2093 1542/1773/2092 1460/1607/1821
f 1127/1744/2037 1128/1746/2040 1144/1772/2091
f 1144/1772/2091 1128/1746/2040 1143/1774/2094
f 1144/1772/2091 1143/1774/2095 1542/1773/2092
f 1542/1773/2092 1143/1774/2094 1543/1775/2096
f 1542/1773/2092 1543/1775/2096 1460/1607/1821
f 1460/1607/1820 1543/1775/2096 1461/1317/1424
f 1128/1746/2040 1129/1748/2042 1143/1774/2094
f 1143/1774/2094 1129/1748/2097 1142/1776/2098
f 1143/1774/2094 1142/1776/2098 1543/1775/2096
f 1543/1775/2096 1142/1776/2099 1544/1315/1420
f 1543/1775/2096 1544/1315/1420 1461/1317/1423
f 1129/1748/2042 1130/1750/2044 1142/1776/2098
f 1142/1776/2098 1130/1750/2044 1141/1313/1418
f 1142/1776/2099 1141/1313/1418 1544/1315/1420
f 1130/1750/2044 1131/1311/1414 1141/1313/1418
f 1132/1310/1413 1133/1777/2100 1139/1778/2101
f 1139/1778/2101 1133/1777/2100 1138/1386/1516
f 1139/1778/2101 1138/1386/1516 1547/1384/1513
f 1138/1386/1516 1133/1777/2102 1134/1388/1519
f 1134/1388/1519 1133/1777/2100 1489/1779/2103
f 1134/1388/1519 1489/1779/2103 1046/1390/1522
f 1046/1390/1522 1489/1779/2103 1490/1392/1524
f 1489/1779/2103 1133/1777/2104 1488/1308/1410
f 1488/1308/1410 1133/1777/2102 1132/1310/1412
f 1137/1387/1518 1136/1395/1526 1549/1780/2105
f 1549/1780/2106 1136/1395/1526 1468/1394/1525
f 1549/1780/2107 1468/1394/1525 1467/1401/1532
f 1467/1401/1532 1468/1394/2108 1044/1399/1530
f 1132/1310/1412 1139/1778/2101 1140/1312/1416
f 1140/1312/1416 1139/1778/2101 1546/1781/2109
f 1140/1312/1415 1546/1781/2109 1545/1314/1419
f 1545/1314/1419 1546/1781/2109 1463/1782/2110
f 1545/1314/1419 1463/1782/2110 1462/1316/1422
f 1462/1316/1422 1463/1782/2110 1173/1783/2111
f 1462/1316/1422 1173/1783/2111 1172/1318/1426
f 1172/1318/1426 1173/1783/2111 1187/1784/2112
f 1172/1318/1426 1187/1784/2112 1188/1320/2113
f 1188/1320/1429 1187/1784/2114 1439/1785/2115
f 1188/1320/1429 1439/1785/2115 1438/1322/1432
f 1438/1322/1432 1439/1785/2116 1213/1786/2117
f 1438/1322/1431 1213/1786/2117 1212/1324/2118
f 1212/1324/1434 1213/1786/2117 1232/1787/2119
f 1212/1324/1434 1232/1787/2119 1233/1326/1436
f 1233/1326/1436 1232/1787/2119 1416/1788/2120
f 1233/1326/1436 1416/1788/2120 1415/1328/2121
f 1415/1328/1439 1416/1788/2120 1252/1789/2122
f 1415/1328/1439 1252/1789/2122 1251/1330/1441
f 1251/1330/1441 1252/1789/2122 1275/1790/2123
f 1251/1330/1441 1275/1790/2123 1276/1332/1444
f 1276/1332/1444 1275/1790/2123 1290/1791/2124
f 1276/1332/1444 1290/1791/2124 1289/1334/1447
f 1289/1334/1447 1290/1791/2124 1318/1792/2125
f 1289/1334/1447 1318/1792/2125 1319/1336/1450
f 1319/1336/1450 1318/1792/2125 1514/1793/2126
f 1319/1336/1450 1514/1793/2126 1513/1338/1452
f 1513/1338/1452 1514/1793/2126 1390/1794/2127
f 1513/1338/1452 1390/1794/2127 1389/1340/1455
f 1389/1340/1455 1390/1794/2127 1328/1795/2128
f 1389/1340/2129 1328/1795/2130 1327/1342/1458
f 1327/1342/1458 1328/1795/2128 1364/1796/2131
f 1327/1342/1458 1364/1796/2131 1365/1344/1460
f 1365/1344/1460 1364/1796/2131 1492/1797/2132
f 1365/1344/1460 1492/1797/2132 1491/1346/1463
f 1491/1346/2133 1492/1797/2132 1366/1348/1466
f 1546/1781/2109 1139/1778/2101 1547/1384/1513
f 897/1558/1227 1045/1688/1941 1426/1559/1758
f 1426/1559/2134 1045/1688/1941 1200/1689/1943
f 1426/1559/2135 1200/1689/1943 1427/1798/2136
f 1427/1798/2136 1200/1689/1943 1199/1690/1944
f 1427/1798/2136 1199/1690/1944 1428/1799/2137
f 1428/1799/2138 1199/1690/1944 1198/1691/1945
f 1428/1799/2137 1198/1691/1945 1429/1800/2139
f 1429/1800/2139 1198/1691/1945 1197/1692/1947
f 1429/1800/2139 1197/1692/1947 1430/1801/2140
f 1430/1801/2140 1197/1692/1947 1196/1693/1948
f 1430/1801/2140 1196/1693/1948 1431/1802/2141
f 1431/1802/2141 1196/1693/2142 1195/1694/2143
f 1431/1802/2141 1195/1694/1949 1432/1803/2144
f 1432/1803/2145 1195/1694/1949 1194/1695/1952
f 1432/1803/2145 1194/1695/1953 1433/1804/2146
f 1433/1804/2146 1194/1695/1952 1193/1696/1954
f 1433/1804/2147 1193/1696/1954 1434/1805/2148
f 1434/1805/2148 1193/1696/1954 1192/1697/1956
f 1434/1805/2148 1192/1697/1956 1435/1806/2149
f 1435/1806/2149 1192/1697/1956 1191/1698/1958
f 1435/1806/2149 1191/1698/2150 1436/1807/2151
f 1436/1807/2152 1191/1698/1958 1190/1699/1963
f 1436/1807/2151 1190/1699/1961 1437/1323/1433
f 1437/1323/2153 1190/1699/1961 1189/1321/1430
f 1187/1784/2112 1173/1783/2111 1186/1378/1507
f 1186/1378/1507 1173/1783/2111 1174/1380/1509
f 1464/1382/1511 1174/1380/1509 1463/1782/2110
f 1463/1782/2110 1174/1380/1509 1173/1783/2111
f 1175/1381/1510 1176/1404/1535 1184/1808/2154
f 1184/1808/2154 1176/1404/1535 1183/1809/2155
f 1184/1808/2154 1183/1809/2156 1443/1810/2157
f 1443/1810/2157 1183/1809/2158 1444/1811/2159
f 1443/1810/2157 1444/1811/2159 1218/1414/1551
f 1218/1414/1551 1444/1811/2160 1219/1412/1548
f 1176/1404/1535 1177/1402/1533 1183/1809/2158
f 1183/1809/2158 1177/1402/1533 1182/1812/2161
f 1183/1809/2158 1182/1812/2161 1444/1811/2160
f 1444/1811/2159 1182/1812/2161 1445/1813/2162
f 1444/1811/2160 1445/1813/2162 1219/1412/1548
f 1219/1412/1548 1445/1813/2162 1220/1410/1545
f 1177/1402/1533 1178/1400/1531 1182/1812/2161
f 1182/1812/2161 1178/1400/1531 1181/1687/1940
f 1182/1812/2161 1181/1687/1940 1445/1813/2162
f 1445/1813/2162 1181/1687/1940 1446/1686/1939
f 1445/1813/2162 1446/1686/1939 1220/1410/1545
f 1220/1410/1545 1446/1686/1939 1221/1408/1542
f 1175/1381/1510 1184/1808/2154 1185/1379/1508
f 1185/1379/1508 1184/1808/2154 1442/1814/2163
f 1185/1379/1508 1442/1814/2164 1441/1377/1506
f 1441/1377/1506 1442/1814/2163 1216/1418/1558
f 1441/1377/1506 1216/1418/1558 1215/1375/1503
f 1442/1814/2163 1184/1808/2154 1443/1810/2157
f 1439/1785/2115 1187/1784/2112 1440/1376/1505
f 1440/1376/1504 1187/1784/2112 1186/1378/1507
f 1426/1559/1758 1427/1798/2136 1201/1560/2165
f 1201/1560/2166 1427/1798/2136 1202/1562/1761
f 1427/1798/2136 1428/1799/2137 1202/1562/1761
f 1202/1562/1761 1428/1799/2138 1203/1564/1764
f 1428/1799/2137 1429/1800/2139 1203/1564/1764
f 1203/1564/1764 1429/1800/2139 1204/1566/1767
f 1429/1800/2139 1430/1801/2167 1204/1566/1767
f 1204/1566/1767 1430/1801/2140 1205/1568/1770
f 1430/1801/2140 1431/1802/2141 1205/1568/1770
f 1205/1568/1770 1431/1802/2141 1206/1570/1772
f 1431/1802/2141 1432/1803/2144 1206/1570/1772
f 1206/1570/2168 1432/1803/2144 1207/1572/1775
f 1432/1803/2144 1433/1804/2146 1207/1572/1775
f 1207/1572/1775 1433/1804/2169 1208/1574/1777
f 1433/1804/2146 1434/1805/2148 1208/1574/1777
f 1208/1574/1777 1434/1805/2148 1209/1576/1780
f 1434/1805/2148 1435/1806/2149 1209/1576/1780
f 1209/1576/1780 1435/1806/2149 1210/1578/1782
f 1435/1806/2149 1436/1807/2151 1210/1578/1782
f 1210/1578/1782 1436/1807/2151 1211/1325/1435
f 1436/1807/2151 1437/1323/1433 1211/1325/1435
f 1232/1787/2119 1213/1786/2117 1231/1372/1499
f 1231/1372/1500 1213/1786/2117 1214/1374/1502
f 1440/1376/1505 1214/1374/1502 1439/1785/2116
f 1439/1785/2116 1214/1374/1502 1213/1786/2117
f 1443/1810/2157 1218/1414/1551 1217/1416/1554
f 1443/1810/2157 1217/1416/1555 1442/1814/2163
f 1442/1814/2164 1217/1416/1554 1216/1418/1558
f 555/1396/2170 1042/1684/1934 1180/1397/1527
f 1040/1406/1538 1425/1424/1565 1223/1407/1543
f 1223/1407/1543 1425/1424/1565 1224/1409/1544
f 1425/1424/1565 1424/1426/1568 1224/1409/1544
f 1224/1409/1544 1424/1426/1568 1225/1411/1546
f 1424/1426/1567 1423/1428/2171 1225/1411/1546
f 1225/1411/1546 1423/1428/1571 1226/1413/1550
f 1423/1428/1571 1422/1430/1574 1226/1413/1550
f 1226/1413/2172 1422/1430/1574 1227/1415/1556
f 1422/1430/1574 1421/1432/2173 1227/1415/1553
f 1227/1415/1556 1421/1432/1576 1228/1417/1557
f 1421/1432/1576 1420/1434/1578 1228/1417/1557
f 1228/1417/1557 1420/1434/1578 1229/1419/1559
f 1420/1434/1578 1419/1436/1580 1229/1419/1559
f 1229/1419/2174 1419/1436/2175 1230/1373/1501
f 1419/1436/1580 1418/1371/1498 1230/1373/1501
f 1416/1788/2120 1232/1787/2119 1417/1370/1497
f 1417/1370/1497 1232/1787/2119 1231/1372/2176
f 1234/1327/1438 1414/1329/1440 1235/1577/1781
f 1235/1577/2177 1414/1329/1440 1413/1815/2178
f 1235/1577/1781 1413/1815/2178 1236/1575/1779
f 1236/1575/1779 1413/1815/2178 1412/1816/2179
f 1236/1575/1779 1412/1816/2180 1237/1573/1776
f 1237/1573/1776 1412/1816/2180 1411/1817/2181
f 1237/1573/1776 1411/1817/2181 1238/1571/1773
f 1238/1571/1774 1411/1817/2181 1410/1818/2182
f 1238/1571/1773 1410/1818/2183 1239/1569/1771
f 1239/1569/1771 1410/1818/2182 1409/1819/2184
f 1239/1569/1771 1409/1819/2184 1240/1567/1768
f 1240/1567/1769 1409/1819/2184 1408/1820/2185
f 1240/1567/1768 1408/1820/2185 1241/1565/1766
f 1241/1565/1766 1408/1820/2185 1407/1821/2186
f 1241/1565/1766 1407/1821/2186 1242/1563/1762
f 1242/1563/1762 1407/1821/2186 1406/1545/1736
f 1242/1563/1762 1406/1545/1736 1043/1561/1760
f 1406/1545/1736 1407/1821/2186 1243/1546/1737
f 1243/1546/1737 1407/1821/2186 1244/1547/1741
f 1407/1821/2186 1408/1820/2185 1244/1547/1739
f 1244/1547/1741 1408/1820/2187 1245/1549/1743
f 1408/1820/2185 1409/1819/2184 1245/1549/1743
f 1245/1549/1743 1409/1819/2184 1246/1551/1748
f 1409/1819/2184 1410/1818/2183 1246/1551/1748
f 1246/1551/1748 1410/1818/2182 1247/1553/1751
f 1410/1818/2182 1411/1817/2181 1247/1553/2188
f 1247/1553/2189 1411/1817/2181 1248/1555/1754
f 1411/1817/2181 1412/1816/2180 1248/1555/1754
f 1248/1555/1754 1412/1816/2180 1249/1557/1756
f 1412/1816/2180 1413/1815/2190 1249/1557/1756
f 1249/1557/1756 1413/1815/2190 1250/1331/1442
f 1413/1815/2178 1414/1329/1440 1250/1331/2191
f 1275/1790/2123 1252/1789/2122 1274/1366/1491
f 1274/1366/1491 1252/1789/2122 1253/1368/1494
f 1272/1458/1613 1273/1367/1493 1254/1369/1496
f 1417/1370/1497 1253/1368/1494 1416/1788/2120
f 1416/1788/2120 1253/1368/1494 1252/1789/2122
f 1271/1456/1610 1272/1458/1615 1255/1437/1581
f 1255/1437/1581 1272/1458/1615 1254/1369/1496
f 1270/1454/1607 1271/1456/1610 1256/1435/1579
f 1256/1435/1579 1271/1456/1612 1255/1437/1582
f 1269/1452/1604 1270/1454/2192 1257/1433/1577
f 1257/1433/1577 1270/1454/1607 1256/1435/1579
f 1268/1450/1602 1269/1452/1604 1258/1431/1575
f 1258/1431/1575 1269/1452/1604 1257/1433/1577
f 1267/1448/1599 1268/1450/1602 1259/1429/1573
f 1259/1429/1573 1268/1450/1602 1258/1431/1575
f 1266/1446/1595 1267/1448/1599 1260/1427/1572
f 1260/1427/1572 1267/1448/1599 1259/1429/1573
f 1265/1444/1593 1266/1446/2193 1261/1425/1566
f 1261/1425/2194 1266/1446/1595 1260/1427/1572
f 1264/1442/1590 1265/1444/1593 1262/1423/1563
f 1262/1423/1563 1265/1444/1593 1261/1425/1566
f 1038/1421/1561 1264/1442/1590 1263/1422/1562
f 1263/1422/1562 1264/1442/1590 1262/1423/1563
f 1290/1791/2124 1275/1790/2123 1291/1364/1487
f 1291/1364/1487 1275/1790/2123 1274/1366/1491
f 1277/1333/1445 1288/1335/1448 1278/1556/1755
f 1278/1556/1755 1288/1335/1448 1287/1543/2195
f 1278/1556/1755 1287/1543/1733 1279/1554/1752
f 1279/1554/1752 1287/1543/1733 1286/1541/1731
f 1279/1554/1752 1286/1541/1731 1280/1552/1749
f 1280/1552/1750 1286/1541/1731 1285/1539/1729
f 1280/1552/1749 1285/1539/1729 1281/1550/1745
f 1281/1550/1746 1285/1539/1729 1284/1537/1726
f 1281/1550/1745 1284/1537/1726 1282/1548/1742
f 1282/1548/1742 1284/1537/1726 1283/1535/1722
f 1282/1548/1742 1283/1535/2196 1041/1534/1721
f 1318/1792/2125 1290/1791/2124 1317/1362/1485
f 1317/1362/1485 1290/1791/2124 1291/1364/1487
f 1292/1365/1490 1293/1459/1614 1315/1822/2197
f 1315/1822/2197 1293/1459/1614 1314/1823/2198
f 1315/1822/2197 1314/1823/2198 1518/1824/2199
f 1518/1824/2199 1314/1823/2198 1519/1825/2200
f 1518/1824/2199 1519/1825/2200 1395/1485/1649
f 1395/1485/1649 1519/1825/2201 1396/1483/1646
f 1293/1459/1614 1294/1457/1611 1314/1823/2198
f 1314/1823/2198 1294/1457/1611 1313/1826/2202
f 1314/1823/2198 1313/1826/2202 1519/1825/2203
f 1519/1825/2200 1313/1826/2202 1520/1827/2204
f 1519/1825/2200 1520/1827/2205 1396/1483/1646
f 1396/1483/1646 1520/1827/2205 1397/1481/1644
f 1294/1457/1611 1295/1455/1608 1313/1826/2202
f 1313/1826/2206 1295/1455/1608 1312/1828/2207
f 1313/1826/2202 1312/1828/2208 1520/1827/2204
f 1520/1827/2204 1312/1828/2207 1521/1829/2209
f 1520/1827/2204 1521/1829/2209 1397/1481/1644
f 1397/1481/1644 1521/1829/2209 1398/1479/1642
f 1295/1455/1608 1296/1453/2210 1312/1828/2211
f 1312/1828/2207 1296/1453/2210 1311/1830/2212
f 1312/1828/2207 1311/1830/2213 1521/1829/2209
f 1521/1829/2209 1311/1830/2212 1522/1831/2214
f 1521/1829/2209 1522/1831/2215 1398/1479/1642
f 1398/1479/1642 1522/1831/2215 1399/1477/1640
f 1296/1453/1606 1297/1451/1603 1311/1830/2212
f 1311/1830/2212 1297/1451/1603 1310/1832/2216
f 1311/1830/2212 1310/1832/2216 1522/1831/2217
f 1522/1831/2214 1310/1832/2216 1523/1833/2218
f 1522/1831/2214 1523/1833/2218 1399/1477/1640
f 1399/1477/1640 1523/1833/2218 1400/1475/1637
f 1297/1451/1603 1298/1449/1601 1310/1832/2216
f 1310/1832/2216 1298/1449/1601 1309/1834/2219
f 1310/1832/2216 1309/1834/2219 1523/1833/2218
f 1523/1833/2218 1309/1834/2219 1524/1835/2220
f 1523/1833/2218 1524/1835/2220 1400/1475/1637
f 1400/1475/2221 1524/1835/2220 1401/1473/1633
f 1298/1449/1601 1299/1447/1598 1309/1834/2222
f 1309/1834/2219 1299/1447/1598 1308/1836/2223
f 1309/1834/2219 1308/1836/2224 1524/1835/2220
f 1524/1835/2220 1308/1836/2225 1525/1837/2226
f 1524/1835/2220 1525/1837/2226 1401/1473/1633
f 1401/1473/1633 1525/1837/2226 1402/1471/1630
f 1299/1447/1598 1300/1445/1597 1308/1836/2224
f 1308/1836/2223 1300/1445/1597 1307/1838/2227
f 1308/1836/2224 1307/1838/2227 1525/1837/2226
f 1525/1837/2226 1307/1838/2228 1526/1839/2229
f 1525/1837/2226 1526/1839/2229 1402/1471/1631
f 1402/1471/1630 1526/1839/2229 1403/1469/1627
f 1300/1445/1597 1301/1443/1592 1307/1838/2227
f 1307/1838/2227 1301/1443/1592 1306/1840/2230
f 1307/1838/2227 1306/1840/2230 1526/1839/2229
f 1526/1839/2229 1306/1840/2230 1527/1841/2231
f 1526/1839/2229 1527/1841/2232 1403/1469/1629
f 1403/1469/2233 1527/1841/2231 1404/1467/1624
f 1301/1443/1592 1302/1441/1591 1306/1840/2230
f 1306/1840/2230 1302/1441/1591 1305/1842/2234
f 1306/1840/2230 1305/1842/2235 1527/1841/2231
f 1527/1841/2232 1305/1842/2234 1528/1843/2236
f 1527/1841/2231 1528/1843/2236 1404/1467/1624
f 1404/1467/1624 1528/1843/2236 1405/1465/1622
f 1302/1441/1591 1303/1440/2237 1305/1842/2234
f 1305/1842/2235 1303/1440/1586 1304/1439/1584
f 1305/1842/2234 1304/1439/1584 1528/1843/2236
f 1528/1843/2236 1304/1439/1584 1529/1844/2238
f 1528/1843/2236 1529/1844/2238 1405/1465/1622
f 1405/1465/1622 1529/1844/2238 1036/1463/1620
f 1292/1365/1490 1315/1822/2197 1316/1363/1486
f 1316/1363/1486 1315/1822/2197 1517/1845/2239
f 1316/1363/1488 1517/1845/2239 1516/1361/1484
f 1516/1361/1484 1517/1845/2239 1393/1489/2240
f 1516/1361/1484 1393/1489/1653 1392/1359/1482
f 1517/1845/2241 1315/1822/2197 1518/1824/2199
f 1514/1793/2126 1318/1792/2242 1515/1360/1483
f 1515/1360/1483 1318/1792/2125 1317/1362/1485
f 1320/1337/1451 1512/1339/1454 1321/1542/1734
f 1321/1542/1734 1512/1339/1454 1511/1846/2243
f 1321/1542/1732 1511/1846/2244 1322/1540/1730
f 1322/1540/1730 1511/1846/2244 1510/1847/2245
f 1322/1540/1730 1510/1847/2245 1323/1538/1727
f 1323/1538/1727 1510/1847/2245 1324/1529/1716
f 1323/1538/1727 1324/1529/2246 1039/1536/1724
f 1364/1796/2131 1328/1795/2128 1363/1354/1475
f 1363/1354/2247 1328/1795/2130 1329/1356/1478
f 1391/1358/1481 1329/1356/1478 1390/1794/2127
f 1390/1794/2127 1329/1356/1478 1328/1795/2128
f 1330/1357/1480 1331/1490/1654 1361/1848/2248
f 1361/1848/2248 1331/1490/2249 1360/1849/2250
f 1361/1848/2251 1360/1849/2250 1496/1521/1701
f 1496/1521/1701 1360/1849/2250 1497/1519/1697
f 1331/1490/1654 1332/1488/1652 1360/1849/2250
f 1360/1849/2250 1332/1488/2252 1359/1850/2253
f 1360/1849/2250 1359/1850/2254 1497/1519/1698
f 1497/1519/1697 1359/1850/2253 1498/1517/1694
f 1332/1488/1652 1333/1486/2255 1359/1850/2254
f 1359/1850/2256 1333/1486/1650 1358/1851/2257
f 1359/1850/2253 1358/1851/2258 1498/1517/1694
f 1498/1517/1695 1358/1851/2258 1499/1515/1691
f 1333/1486/1650 1334/1484/1647 1358/1851/2258
f 1358/1851/2258 1334/1484/1647 1357/1852/2259
f 1358/1851/2257 1357/1852/2260 1499/1515/1692
f 1499/1515/2261 1357/1852/2259 1500/1513/1688
f 1334/1484/1648 1335/1482/1645 1357/1852/2259
f 1357/1852/2259 1335/1482/1645 1356/1853/2262
f 1357/1852/2259 1356/1853/2262 1500/1513/1690
f 1500/1513/1688 1356/1853/2262 1501/1511/1685
f 1335/1482/1645 1336/1480/1643 1356/1853/2262
f 1356/1853/2262 1336/1480/1643 1355/1854/2263
f 1356/1853/2262 1355/1854/2263 1501/1511/1685
f 1501/1511/1685 1355/1854/2263 1502/1509/1683
f 1336/1480/1643 1337/1478/1641 1355/1854/2263
f 1355/1854/2263 1337/1478/1641 1354/1855/2264
f 1355/1854/2263 1354/1855/2264 1502/1509/1683
f 1502/1509/2265 1354/1855/2264 1503/1507/1680
f 1337/1478/1641 1338/1476/1639 1354/1855/2264
f 1354/1855/2264 1338/1476/1639 1353/1856/2266
f 1354/1855/2264 1353/1856/2267 1503/1507/1680
f 1503/1507/1680 1353/1856/2266 1504/1505/1676
f 1338/1476/1639 1339/1474/1635 1353/1856/2266
f 1353/1856/2266 1339/1474/1635 1352/1857/2268
f 1353/1856/2266 1352/1857/2268 1504/1505/1676
f 1504/1505/1676 1352/1857/2269 1505/1503/1674
f 1339/1474/1635 1340/1472/1634 1352/1857/2268
f 1352/1857/2268 1340/1472/1632 1351/1858/2270
f 1352/1857/2268 1351/1858/2270 1505/1503/1674
f 1505/1503/1674 1351/1858/2270 1506/1501/1672
f 1340/1472/1634 1341/1470/1628 1351/1858/2270
f 1351/1858/2271 1341/1470/1628 1350/1859/2272
f 1351/1858/2270 1350/1859/2273 1506/1501/1672
f 1506/1501/1672 1350/1859/2272 1507/1499/1669
f 1341/1470/1628 1342/1468/1626 1350/1859/2272
f 1350/1859/2272 1342/1468/2274 1349/1860/2275
f 1350/1859/2272 1349/1860/2275 1507/1499/1669
f 1507/1499/1669 1349/1860/2275 1508/1497/1666
f 1342/1468/2276 1343/1466/1623 1349/1860/2277
f 1349/1860/2277 1343/1466/1623 1348/1861/2278
f 1349/1860/2275 1348/1861/2278 1508/1497/1666
f 1508/1497/2279 1348/1861/2278 1509/1495/1662
f 1343/1466/1623 1344/1464/1621 1348/1861/2278
f 1348/1861/2278 1344/1464/1621 1347/1862/2280
f 1348/1861/2278 1347/1862/2281 1509/1495/1662
f 1509/1495/1663 1347/1862/2280 1035/1494/1660
f 1344/1464/1621 1345/1462/1618 1347/1862/2280
f 1347/1862/2280 1345/1462/1618 1346/1461/1617
f 1347/1862/2280 1346/1461/1617 1035/1494/1660
f 1304/1439/1584 552/1438/2282 1529/1844/2238
f 1529/1844/2238 552/1438/723 1036/1463/1620
f 1330/1357/1479 1361/1848/2251 1362/1355/1477
f 1362/1355/1477 1361/1848/2251 1495/1523/1703
f 1362/1355/1477 1495/1523/1703 1494/1353/1476
f 1495/1523/1703 1361/1848/2248 1496/1521/1701
f 1492/1797/2132 1364/1796/2131 1493/1352/1472
f 1493/1352/1474 1364/1796/2131 1363/1354/2247
f 1369/1524/2283 886/1349/1253 1368/1351/2284
f 1493/1352/1471 1367/1350/1468 1492/1797/2132
f 1492/1797/2132 1367/1350/1468 1366/1348/1466
f 1371/1520/1700 1372/1518/1696 887/1527/1713
f 887/1527/1713 1372/1518/1699 1373/1516/1693
f 887/1527/1713 1373/1516/2285 1374/1514/1689
f 1375/1512/1687 887/1527/1713 1374/1514/1689
f 1378/1506/1679 888/1526/1711 1377/1508/1681
f 1381/1500/1670 889/1525/1707 1380/1502/1673
f 1384/1492/1657 890/1491/1656 1383/1496/2286
f 1324/1529/2246 1510/1847/2245 1386/1530/1717
f 1386/1530/2287 1510/1847/2245 1387/1532/1719
f 1510/1847/2245 1511/1846/2288 1387/1532/1719
f 1387/1532/1719 1511/1846/2244 1388/1341/1456
f 1511/1846/2244 1512/1339/1454 1388/1341/1456
f 1515/1360/1483 1391/1358/1481 1514/1793/2126
f 1514/1793/2126 1391/1358/1481 1390/1794/2127
f 1518/1824/2199 1395/1485/1649 1394/1487/2289
f 1518/1824/2199 1394/1487/2289 1517/1845/2239
f 1517/1845/2239 1394/1487/1651 1393/1489/1653
f 1547/1384/1513 1464/1382/1511 1546/1781/2109
f 1546/1781/2109 1464/1382/1511 1463/1782/2110
f 1549/1780/2107 1467/1401/1532 1466/1403/2290
f 1549/1780/2106 1466/1403/1534 1548/1385/1514
f 1548/1385/1514 1466/1403/1534 1465/1383/2291
f 1550/1611/1825 1551/1613/1828 1469/1702/1966
f 1470/1703/1967 1552/1615/1830 1471/1722/2012
f 1471/1722/2012 1552/1615/1830 1553/1617/1832
f 1471/1722/2012 1553/1617/1832 1472/1723/2013
f 1472/1723/2013 1553/1617/1832 1554/1619/1834
f 1472/1723/2013 1554/1619/1834 1473/1725/2016
f 1473/1725/2016 1554/1619/1834 1555/1621/2292
f 1473/1725/2016 1555/1621/2292 1474/1727/2018
f 1474/1727/2018 1555/1621/1837 1556/1623/1841
f 1474/1727/2018 1556/1623/1841 1475/1729/2020
f 1475/1729/2020 1556/1623/1841 1557/1625/1843
f 1475/1729/2020 1557/1625/1843 1476/1731/2022
f 1476/1731/2293 1557/1625/1843 1558/1627/1847
f 1476/1731/2022 1558/1627/1847 1477/1733/2024
f 1477/1733/2024 1558/1627/1847 1559/1629/1850
f 1477/1733/2024 1559/1629/1850 1478/1735/2026
f 1478/1735/2026 1559/1629/1850 1560/1631/2294
f 1478/1735/2026 1560/1631/1852 1479/1737/2295
f 1479/1737/2295 1560/1631/1852 1561/1633/1854
f 1479/1737/2028 1561/1633/1854 1480/1739/2031
f 1480/1739/2031 1561/1633/1854 1562/1635/1856
f 1480/1739/2031 1562/1635/1856 1481/1741/2034
f 1481/1741/2034 1562/1635/1856 1563/1637/1858
f 1481/1741/2034 1563/1637/1858 1482/1743/2036
f 1482/1743/2036 1563/1637/1858 1564/1639/1860
f 1482/1743/2036 1564/1639/1860 1483/1745/2038
f 1483/1745/2038 1564/1639/1860 1565/1641/1864
f 1483/1745/2038 1565/1641/1864 1484/1747/2041
f 1484/1747/2041 1565/1641/1864 1566/1643/1866
f 1484/1747/2041 1566/1643/1867 1485/1749/2043
f 1485/1749/2043 1566/1643/1866 1567/1645/1869
f 1485/1749/2296 1567/1645/2297 1486/1751/2046
f 1486/1751/2046 1567/1645/1869 1568/1647/1871
f 1486/1751/2046 1568/1647/1871 1487/1309/1411
f 1487/1309/1411 1568/1647/1871 1569/1307/1409
f 1490/1392/1524 1489/1779/2103 1570/1306/1408
f 1570/1306/1408 1489/1779/2103 1488/1308/1410
f 1137/1387/1518 1549/1780/2106 1548/1385/1514
f 267/1863/2298 1571/1864/2299 268/1865/321
f 268/1865/321 1571/1864/2299 1585/1866/2300
f 268/1865/321 1585/1866/2300 1586/1867/2301
f 1586/1867/2301 1585/1866/2300 2086/1868/2302
f 1586/1867/2301 2086/1868/2303 2085/1869/2304
f 2085/1869/2305 2086/1868/2302 1637/1870/2306
f 2085/1869/2305 1637/1870/2306 1636/1871/2307
f 1636/1871/2307 1637/1870/2306 1607/1872/2308
f 1636/1871/2307 1607/1872/2308 1608/1873/2309
f 1608/1873/2309 1607/1872/2308 1985/1874/2310
f 1608/1873/2309 1985/1874/2311 1986/1875/2312
f 1986/1875/2313 1985/1874/2311 2064/1876/2314
f 1986/1875/2312 2064/1876/2314 2063/1877/2315
f 2063/1877/2315 2064/1876/2314 1670/1878/2316
f 2063/1877/2315 1670/1878/2316 1669/1879/2317
f 1669/1879/2318 1670/1878/2319 1648/1880/2320
f 1669/1879/2318 1648/1880/2320 1649/1881/2321
f 1649/1881/2321 1648/1880/2320 1970/1882/2322
f 1649/1881/2323 1970/1882/2324 1971/1883/2325
f 1971/1883/2325 1970/1882/2322 2043/1884/2326
f 1971/1883/2325 2043/1884/2326 2042/1885/2327
f 2042/1885/2327 2043/1884/2326 1704/1886/2328
f 2042/1885/2327 1704/1886/2328 1703/1887/2329
f 1703/1887/2329 1704/1886/2328 1690/1557/2330
f 1703/1887/2329 1690/1557/2330 1691/1888/2331
f 1691/1888/2331 1690/1557/2330 1954/1889/2332
f 1691/1888/2331 1954/1889/2333 1955/1890/2334
f 1955/1890/2334 1954/1889/2333 2022/1891/2335
f 1955/1890/2334 2022/1891/2335 2021/1892/2336
f 2021/1892/2336 2022/1891/2337 1741/1893/2338
f 2021/1892/2336 1741/1893/2339 1740/1894/2340
f 1740/1894/2340 1741/1893/2339 1733/1895/2341
f 1740/1894/2340 1733/1895/2341 1734/1896/2342
f 1734/1896/2342 1733/1895/2341 1938/1897/2343
f 1734/1896/2342 1938/1897/2343 1939/1898/2344
f 1939/1898/2344 1938/1897/2343 1999/1899/2345
f 1939/1898/2344 1999/1899/2346 1578/1900/2347
f 1578/1900/2347 1999/1899/2345 1778/1901/2348
f 1578/1900/2347 1778/1901/2348 730/1902/2349
f 730/1902/1078 1778/1901/2350 731/1903/2351
f 731/1903/2351 1778/1901/2348 1777/1904/2352
f 731/1903/2351 1777/1904/2352 1580/1905/2353
f 1580/1905/2353 1777/1904/2352 1776/1906/2354
f 1580/1905/2353 1776/1906/2354 1820/1907/2355
f 1820/1907/2356 1776/1906/2354 1775/1908/2357
f 1820/1907/2355 1775/1908/2358 1821/1909/2359
f 1821/1909/2359 1775/1908/2357 1774/1910/2360
f 1821/1909/2359 1774/1910/2361 1822/1911/2362
f 1822/1911/2362 1774/1910/2360 1773/1912/2363
f 1822/1911/2362 1773/1912/2364 1823/1913/2365
f 1823/1913/2366 1773/1912/2363 1772/1914/2367
f 1823/1913/2368 1772/1914/2367 1824/1915/2369
f 1824/1915/2369 1772/1914/2367 1771/1916/2370
f 1824/1915/2369 1771/1916/2370 1825/1917/2371
f 1825/1917/2372 1771/1916/2370 1770/1594/2373
f 1825/1917/2374 1770/1594/2373 1826/1759/2375
f 1826/1759/2375 1770/1594/2373 1769/1918/2376
f 1826/1759/2375 1769/1918/2376 1827/1919/2377
f 1827/1919/2378 1769/1918/2376 1768/1920/2379
f 1827/1919/2378 1768/1920/2379 1828/1921/2380
f 1828/1921/2380 1768/1920/2379 1767/1922/2381
f 1828/1921/2380 1767/1922/2382 1829/1923/2383
f 1829/1923/2383 1767/1922/2384 1766/1924/2385
f 1829/1923/2383 1766/1924/2386 1830/1925/2387
f 1830/1925/2387 1766/1924/2386 1765/1926/2388
f 1830/1925/2387 1765/1926/2389 1831/1927/2390
f 1831/1927/2391 1765/1926/2389 1764/1928/2392
f 1831/1927/2391 1764/1928/2392 1832/1929/2393
f 1832/1929/2393 1764/1928/2392 1763/1930/2394
f 1832/1929/2393 1763/1930/2395 1833/1931/2396
f 1833/1931/2396 1763/1930/2394 1762/1932/2397
f 1833/1931/2396 1762/1932/2398 1834/1933/2399
f 1834/1933/2399 1762/1932/2397 1761/1934/2400
f 1834/1933/2399 1761/1934/2400 1835/1935/2401
f 1835/1935/2401 1761/1934/2400 1760/1936/2402
f 1835/1935/2401 1760/1936/2403 1836/1937/2404
f 1836/1937/2405 1760/1936/2403 1759/1938/2406
f 1836/1937/2404 1759/1938/2406 1837/1939/2407
f 1837/1939/2407 1759/1938/2406 1758/1940/2408
f 1837/1939/2407 1758/1940/2409 1838/1941/2410
f 1838/1941/2410 1758/1940/2408 1757/1942/2411
f 1838/1941/2412 1757/1942/2411 1581/1943/2413
f 1581/1943/2413 1757/1942/2411 263/1944/331
f 1581/1943/2413 263/1944/331 262/1945/333
f 266/1946/324 1980/1947/2414 267/1863/322
f 267/1863/2415 1980/1947/2414 1603/1948/2416
f 267/1863/322 1603/1948/2416 1571/1864/2299
f 1571/1864/2299 1603/1948/2416 1604/1949/2417
f 1571/1864/2299 1604/1949/2417 1639/1950/2418
f 1639/1950/2418 1604/1949/2417 1605/1951/2419
f 1639/1950/2420 1605/1951/2419 1638/1952/2421
f 1638/1952/2421 1605/1951/2419 1606/1953/2422
f 1638/1952/2421 1606/1953/2422 1637/1870/2306
f 1637/1870/2423 1606/1953/2422 1607/1872/2308
f 265/1954/326 1961/1955/2424 266/1946/324
f 266/1946/324 1961/1955/2424 1640/1956/2425
f 266/1946/324 1640/1956/2425 1677/1957/2426
f 1677/1957/2427 1640/1956/2425 1641/1958/2428
f 1677/1957/2427 1641/1958/2429 1676/1959/2430
f 1676/1959/2430 1641/1958/2429 1642/1960/2431
f 1676/1959/2432 1642/1960/2431 1675/1961/2433
f 1675/1961/2433 1642/1960/2431 1643/1962/2434
f 1675/1961/2433 1643/1962/2435 1674/1963/2436
f 1674/1963/2436 1643/1962/2435 1644/1964/2437
f 1674/1963/2436 1644/1964/2437 1673/1965/2438
f 1673/1965/2439 1644/1964/2437 1645/1966/2440
f 1673/1965/2438 1645/1966/2440 1672/1967/2441
f 1672/1967/2441 1645/1966/2440 1646/1968/2442
f 1672/1967/2441 1646/1968/2443 1671/1969/2444
f 1671/1969/2445 1646/1968/2442 1647/1970/2446
f 1671/1969/2447 1647/1970/2446 1670/1878/2316
f 1670/1878/2448 1647/1970/2446 1648/1880/2320
f 264/1971/328 1941/1972/2449 265/1954/326
f 265/1954/326 1941/1972/2449 1678/1973/2450
f 265/1954/2451 1678/1973/2450 1715/1974/2452
f 1715/1974/2453 1678/1973/2450 1679/1975/2454
f 1715/1974/2452 1679/1975/2455 1714/1976/2456
f 1714/1976/2456 1679/1975/2454 1680/1977/2457
f 1714/1976/2456 1680/1977/2457 1713/1978/2458
f 1713/1978/2458 1680/1977/2457 1681/1979/2459
f 1713/1978/2458 1681/1979/2460 1712/1980/2461
f 1712/1980/2462 1681/1979/2460 1682/1981/2463
f 1712/1980/2461 1682/1981/2463 1711/1982/2464
f 1711/1982/2464 1682/1981/2463 1683/1983/2465
f 1711/1982/2464 1683/1983/2465 1710/1984/2466
f 1710/1984/2466 1683/1983/2465 1684/1985/2467
f 1710/1984/2466 1684/1985/2467 1709/1986/2468
f 1709/1986/2468 1684/1985/2467 1685/1987/2469
f 1709/1986/2468 1685/1987/2470 1708/1988/2471
f 1708/1988/2471 1685/1987/2470 1686/1989/2472
f 1708/1988/2471 1686/1989/2472 1707/1990/2473
f 1707/1990/2473 1686/1989/2472 1687/1991/2474
f 1707/1990/2473 1687/1991/2474 1706/1992/2475
f 1706/1992/2475 1687/1991/2474 1688/1993/2476
f 1706/1992/2475 1688/1993/2476 1705/1994/2477
f 1705/1994/2477 1688/1993/2476 1689/1995/2478
f 1705/1994/2477 1689/1995/2478 1704/1886/2328
f 1704/1886/2479 1689/1995/2478 1690/1557/2330
f 263/1944/331 1716/1996/2480 264/1971/329
f 264/1971/328 1716/1996/2481 1717/1997/2482
f 264/1971/329 1717/1997/2483 1756/1998/2484
f 1756/1998/2484 1717/1997/2482 1718/1999/2485
f 1756/1998/2486 1718/1999/2485 1755/2000/2487
f 1755/2000/2487 1718/1999/2485 1719/2001/2488
f 1755/2000/2487 1719/2001/2488 1754/2002/2489
f 1754/2002/2490 1719/2001/2488 1720/2003/2491
f 1754/2002/2489 1720/2003/2491 1753/2004/2492
f 1753/2004/2492 1720/2003/2491 1721/2005/2493
f 1753/2004/2494 1721/2005/2495 1752/2006/2496
f 1752/2006/2497 1721/2005/2493 1722/2007/2498
f 1752/2006/2499 1722/2007/2498 1751/2008/2500
f 1751/2008/2500 1722/2007/2498 1723/2009/2501
f 1751/2008/2502 1723/2009/2501 1750/2010/2503
f 1750/2010/2503 1723/2009/2501 1724/2011/2504
f 1750/2010/2503 1724/2011/2504 1749/2012/2505
f 1749/2012/2505 1724/2011/2504 1725/2013/2506
f 1749/2012/2505 1725/2013/2507 1748/2014/2508
f 1748/2014/2508 1725/2013/2507 1726/2015/2509
f 1748/2014/2508 1726/2015/2509 1747/2016/2510
f 1747/2016/2510 1726/2015/2509 1727/2017/2511
f 1747/2016/2510 1727/2017/2512 1746/2018/2513
f 1746/2018/2513 1727/2017/2511 1728/2019/2514
f 1746/2018/2515 1728/2019/2516 1745/2020/2517
f 1745/2020/2517 1728/2019/2516 1729/1572/2518
f 1745/2020/2517 1729/1572/2518 1744/1573/2519
f 1744/1573/2519 1729/1572/2518 1730/2021/2520
f 1744/1573/2521 1730/2021/2522 1743/2022/2523
f 1743/2022/2523 1730/2021/2524 1731/2023/2525
f 1743/2022/2526 1731/2023/2525 1742/2024/2527
f 1742/2024/2527 1731/2023/2525 1732/2025/2528
f 1742/2024/2529 1732/2025/2528 1741/1893/2339
f 1741/1893/2338 1732/2025/2528 1733/1895/2341
f 261/2026/287 1583/2027/2530 262/1945/333
f 262/1945/333 1583/2027/2530 1899/2028/2531
f 262/1945/333 1899/2028/2531 1799/2029/2532
f 1799/2029/2533 1899/2028/2531 1900/2030/2534
f 1799/2029/2533 1900/2030/2534 1800/2031/2535
f 1800/2031/2535 1900/2030/2534 1901/2032/2536
f 1800/2031/2535 1901/2032/2536 1801/2033/2537
f 1801/2033/2537 1901/2032/2536 1902/2034/2538
f 1801/2033/2537 1902/2034/2538 1802/2035/2539
f 1802/2035/2540 1902/2034/2538 1903/2036/2541
f 1802/2035/2539 1903/2036/2541 1803/2037/2542
f 1803/2037/2542 1903/2036/2541 1904/2038/2543
f 1803/2037/2542 1904/2038/2544 1804/2039/2545
f 1804/2039/2545 1904/2038/2544 1905/2040/2546
f 1804/2039/2545 1905/2040/2546 1805/2041/2547
f 1805/2041/2547 1905/2040/2546 1906/2042/2548
f 1805/2041/2547 1906/2042/2548 1806/2043/2549
f 1806/2043/2549 1906/2042/2548 1907/2044/2550
f 1806/2043/2549 1907/2044/2551 1807/2045/2552
f 1807/2045/2553 1907/2044/2550 1908/2046/2554
f 1807/2045/2552 1908/2046/2554 1808/2047/2555
f 1808/2047/2555 1908/2046/2554 1909/2048/2556
f 1808/2047/2555 1909/2048/2557 1809/2049/2558
f 1809/2049/2559 1909/2048/2556 1910/2050/2560
f 1809/2049/2558 1910/2050/2560 1810/2051/2561
f 1810/2051/2561 1910/2050/2560 1911/2052/2562
f 1810/2051/2561 1911/2052/2562 1811/2053/2563
f 1811/2053/2563 1911/2052/2562 1912/1729/2564
f 1811/2053/2563 1912/1729/2565 1812/1730/2566
f 1812/1730/2566 1912/1729/2567 1913/2054/2568
f 1812/1730/2566 1913/2054/2568 1813/2055/2569
f 1813/2055/2569 1913/2054/2568 1914/2056/2570
f 1813/2055/2571 1914/2056/2570 1814/2057/2572
f 1814/2057/2572 1914/2056/2570 1915/2058/2573
f 1814/2057/2572 1915/2058/2573 1815/2059/2574
f 1815/2059/2574 1915/2058/2573 1916/2060/2575
f 1815/2059/2574 1916/2060/2575 1816/2061/2576
f 1816/2061/2576 1916/2060/2575 1917/2062/2577
f 1816/2061/2576 1917/2062/2577 1817/2063/2578
f 1817/2063/2578 1917/2062/2577 1918/2064/2579
f 1817/2063/2578 1918/2064/2579 1818/2065/2580
f 1818/2065/2580 1918/2064/2579 1919/2066/2581
f 1818/2065/2580 1919/2066/2581 1819/2067/2582
f 1819/2067/2583 1919/2066/2581 732/2068/829
f 1819/2067/2582 732/2068/829 1580/1905/2353
f 1580/1905/2353 732/2068/829 731/1903/1079
f 260/2069/286 1584/2070/2584 261/2026/287
f 261/2026/287 1584/2070/2584 1839/2071/2585
f 261/2026/287 1839/2071/2585 1583/2027/2530
f 1583/2027/2530 1839/2071/2586 1840/2072/2587
f 1583/2027/2530 1840/2072/2587 1878/2073/2588
f 1878/2073/2588 1840/2072/2587 1841/2074/2589
f 1878/2073/2588 1841/2074/2589 1877/2075/2590
f 1877/2075/2590 1841/2074/2589 1842/2076/2591
f 1877/2075/2590 1842/2076/2591 1876/2077/2592
f 1876/2077/2592 1842/2076/2591 1843/2078/2593
f 1876/2077/2592 1843/2078/2593 1875/2079/2594
f 1875/2079/2595 1843/2078/2593 1844/2080/2596
f 1875/2079/2594 1844/2080/2596 1874/2081/2597
f 1874/2081/2598 1844/2080/2596 1845/2082/2599
f 1874/2081/2597 1845/2082/2599 1873/2083/2600
f 1873/2083/2600 1845/2082/2599 1846/2084/2601
f 1873/2083/2600 1846/2084/2601 1872/2085/2602
f 1872/2085/2602 1846/2084/2601 1847/2086/2603
f 1872/2085/2602 1847/2086/2603 1871/2087/2604
f 1871/2087/2604 1847/2086/2603 1848/2088/2605
f 1871/2087/2604 1848/2088/2606 1870/2089/2607
f 1870/2089/2607 1848/2088/2605 1849/2090/2608
f 1870/2089/2607 1849/2090/2608 1869/2091/2609
f 1869/2091/2609 1849/2090/2608 1850/2092/2610
f 1869/2091/2611 1850/2092/2610 1868/2093/2612
f 1868/2093/2612 1850/2092/2610 1851/2094/2613
f 1868/2093/2612 1851/2094/2614 1867/2095/2615
f 1867/2095/2615 1851/2094/2613 1852/1663/2616
f 1867/2095/2615 1852/1663/2617 1866/1623/2618
f 1866/1623/2618 1852/1663/2617 1853/2096/2619
f 1866/1623/2618 1853/2096/2619 1865/2097/2620
f 1865/2097/2620 1853/2096/2619 1854/2098/2621
f 1865/2097/2622 1854/2098/2621 1864/2099/2623
f 1864/2099/2623 1854/2098/2621 1855/2100/2624
f 1864/2099/2623 1855/2100/2624 1863/2101/2625
f 1863/2101/2625 1855/2100/2624 1856/2102/2626
f 1863/2101/2625 1856/2102/2626 1862/2103/2627
f 1862/2103/2627 1856/2102/2626 1857/2104/2628
f 1862/2103/2627 1857/2104/2628 1861/2105/2629
f 1861/2105/2629 1857/2104/2628 1858/2106/2630
f 1861/2105/2629 1858/2106/2630 1860/2107/2631
f 1860/2107/2631 1858/2106/2630 1859/2108/2632
f 1860/2107/2631 1859/2108/2633 1582/2109/2634
f 1582/2109/2635 1859/2108/2633 732/2068/829
f 1582/2109/2635 732/2068/829 1919/2066/2581
f 260/2069/286 524/2110/2636 1584/2070/2584
f 1584/2070/2637 524/2110/2636 1898/2111/2638
f 1584/2070/2584 1898/2111/2639 1839/2071/2586
f 1839/2071/2586 1898/2111/2639 1840/2072/2587
f 1898/2111/2640 524/2110/2636 1897/2112/2641
f 1897/2112/2641 524/2110/2636 523/2113/2642
f 1897/2112/2641 523/2113/2642 1896/2114/2643
f 1896/2114/2643 523/2113/2642 1895/2115/2644
f 1896/2114/2645 1895/2115/2644 1842/2076/2591
f 1842/2076/2591 1895/2115/2646 1843/2078/2593
f 1895/2115/2644 523/2113/2642 1894/2116/2647
f 1894/2116/2647 523/2113/2642 522/2117/2648
f 1894/2116/2649 522/2117/2650 1893/2118/2651
f 1893/2118/2651 522/2117/2650 1892/2119/2652
f 1893/2118/2653 1892/2119/2654 1845/2082/2599
f 1845/2082/2599 1892/2119/2655 1846/2084/2601
f 1892/2119/2652 522/2117/2650 1891/2120/2656
f 1891/2120/2656 522/2117/2648 521/2121/2657
f 1891/2120/2656 521/2121/2657 1890/2122/2658
f 1890/2122/2658 521/2121/2657 1889/2123/2659
f 1890/2122/2658 1889/2123/2659 1848/2088/2660
f 1848/2088/2605 1889/2123/2661 1849/2090/2608
f 520/2124/2662 1887/2125/2663 521/2121/2657
f 521/2121/2657 1887/2125/2664 1888/2126/2665
f 521/2121/2657 1888/2126/2665 1889/2123/2666
f 1889/2123/2661 1888/2126/2667 1849/2090/2608
f 519/2127/2668 1885/2128/2669 520/2124/2670
f 520/2124/2662 1885/2128/2669 1886/1662/2671
f 520/2124/2662 1886/1662/2672 1887/2125/2673
f 1887/2125/2673 1886/1662/2672 1851/2094/2614
f 1887/2125/2663 1851/2094/2613 1850/2092/2610
f 518/2129/2674 1883/2130/2675 519/2127/2676
f 519/2127/2677 1883/2130/2675 1884/2131/2678
f 519/2127/2679 1884/2131/2680 1885/2128/2669
f 1885/2128/2669 1884/2131/2681 1853/2096/2682
f 1885/2128/2669 1853/2096/2619 1852/1663/2617
f 517/2132/830 1880/2133/2683 518/2129/2674
f 518/2129/2674 1880/2133/2684 1881/2134/2685
f 518/2129/2674 1881/2134/2685 1882/2135/2686
f 1882/2135/2687 1881/2134/2685 1856/2102/2626
f 1882/2135/2687 1856/2102/2626 1855/2100/2624
f 732/2068/829 1859/2108/2632 517/2132/830
f 517/2132/830 1859/2108/2632 1879/2136/2688
f 517/2132/830 1879/2136/2688 1880/2133/2684
f 1880/2133/2684 1879/2136/2688 1858/2106/2630
f 1880/2133/2684 1858/2106/2630 1857/2104/2689
f 729/2137/1076 1736/2138/2690 730/1902/1078
f 730/1902/2349 1736/2138/2691 1940/2139/2692
f 730/1902/2349 1940/2139/2692 1578/1900/2347
f 1578/1900/2347 1940/2139/2692 1939/1898/2344
f 728/2140/1075 1697/2141/2693 729/2137/1076
f 729/2137/1076 1697/2141/2694 1696/2142/2695
f 729/2137/1076 1696/2142/2695 1959/2143/2696
f 1959/2143/2696 1696/2142/2695 1695/2144/2697
f 1959/2143/2696 1695/2144/2698 1958/2145/2699
f 1958/2145/2700 1695/2144/2697 1694/2146/2701
f 1958/2145/2699 1694/2146/2701 1957/2147/2702
f 1957/2147/2702 1694/2146/2701 1693/2148/2703
f 1957/2147/2702 1693/2148/2704 1956/2149/2705
f 1956/2149/2705 1693/2148/2704 1692/2150/2706
f 1956/2149/2707 1692/2150/2706 1955/1890/2334
f 1955/1890/2334 1692/2150/2706 1691/1888/2331
f 727/2151/1074 1659/2152/2708 728/2140/2709
f 728/2140/1075 1659/2152/2710 1658/2153/2711
f 728/2140/1075 1658/2153/2712 1979/2154/2713
f 1979/2154/2713 1658/2153/2712 1657/2155/2714
f 1979/2154/2713 1657/2155/2714 1978/2156/2715
f 1978/2156/2715 1657/2155/2714 1656/2157/2716
f 1978/2156/2715 1656/2157/2716 1977/2158/2717
f 1977/2158/2717 1656/2157/2716 1655/2159/2718
f 1977/2158/2717 1655/2159/2718 1976/2160/2719
f 1976/2160/2720 1655/2159/2718 1654/2161/2721
f 1976/2160/2719 1654/2161/2721 1975/2162/2722
f 1975/2162/2723 1654/2161/2721 1653/2163/2724
f 1975/2162/2725 1653/2163/2724 1974/2164/2726
f 1974/2164/2726 1653/2163/2724 1652/1334/2727
f 1974/2164/2726 1652/1334/2727 1973/2165/2728
f 1973/2165/2729 1652/1334/2727 1651/2166/2730
f 1973/2165/2728 1651/2166/2730 1972/2167/2731
f 1972/2167/2731 1651/2166/2730 1650/2168/2732
f 1972/2167/2731 1650/2168/2732 1971/1883/2325
f 1971/1883/2733 1650/2168/2732 1649/1881/2321
f 726/2169/1073 1602/2170/2734 727/2151/2735
f 727/2151/2735 1602/2170/2736 2070/2171/2737
f 727/2151/2735 2070/2171/2737 1622/2172/2738
f 1622/2172/2738 2070/2171/2739 2071/2173/2740
f 1622/2172/2738 2071/2173/2740 1623/2174/2741
f 1623/2174/2741 2071/2173/2740 2072/2175/2742
f 1623/2174/2741 2072/2175/2743 1624/2176/2744
f 1624/2176/2744 2072/2175/2745 2073/2177/2746
f 1624/2176/2744 2073/2177/2747 1625/2178/2748
f 1625/2178/2748 2073/2177/2746 2074/2179/2749
f 1625/2178/2748 2074/2179/2750 1626/2180/2751
f 1626/2180/2751 2074/2179/2750 2075/2181/2752
f 1626/2180/2751 2075/2181/2752 1627/2182/2753
f 1627/2182/2754 2075/2181/2752 2076/1519/2755
f 1627/2182/2753 2076/1519/2755 1628/1849/2756
f 1628/1849/2756 2076/1519/2757 2077/2183/2758
f 1628/1849/2756 2077/2183/2759 1629/2184/2760
f 1629/2184/2761 2077/2183/2762 2078/2185/2763
f 1629/2184/2761 2078/2185/2764 1630/2186/2765
f 1630/2186/2766 2078/2185/2763 2079/2187/2767
f 1630/2186/2765 2079/2187/2767 1631/2188/2768
f 1631/2188/2768 2079/2187/2767 2080/2189/2769
f 1631/2188/2768 2080/2189/2769 1632/2190/2770
f 1632/2190/2770 2080/2189/2769 2081/2191/2771
f 1632/2190/2770 2081/2191/2771 1633/2192/2772
f 1633/2192/2772 2081/2191/2771 2082/2193/2773
f 1633/2192/2772 2082/2193/2773 1634/2194/2774
f 1634/2194/2774 2082/2193/2773 2083/2195/2775
f 1634/2194/2774 2083/2195/2775 1635/2196/2776
f 1635/2196/2777 2083/2195/2775 2084/2197/2778
f 1635/2196/2776 2084/2197/2779 1636/1871/2307
f 1636/1871/2307 2084/2197/2779 2085/1869/2305
f 869/2198/2780 1599/2199/2781 726/2169/1073
f 726/2169/1073 1599/2199/2782 1600/2200/2783
f 726/2169/1073 1600/2200/2784 1601/2201/2785
f 1601/2201/2785 1600/2200/2786 2071/2173/2740
f 1601/2201/2785 2071/2173/2740 2070/2171/2787
f 868/2202/2788 1594/2203/2789 869/2198/2790
f 869/2198/2790 1594/2203/2789 1595/2204/2791
f 869/2198/2790 1595/2204/2791 1596/1518/2792
f 1596/1518/2793 1595/2204/2791 2076/1519/2755
f 1596/1518/2792 2076/1519/2757 2075/2181/2752
f 867/2205/2794 1591/2206/2795 868/2202/2788
f 868/2202/2788 1591/2206/2795 1592/2207/2796
f 868/2202/2788 1592/2207/2796 1593/2208/2797
f 1593/2208/2797 1592/2207/2796 2079/2187/2767
f 1593/2208/2797 2079/2187/2767 2078/2185/2764
f 866/2209/2798 1589/2210/2799 867/2205/2794
f 867/2205/2794 1589/2210/2799 1590/2211/2800
f 867/2205/2794 1590/2211/2801 1591/2206/2802
f 1591/2206/2795 1590/2211/2800 2081/2191/2803
f 1591/2206/2795 2081/2191/2771 2080/2189/2804
f 268/1865/321 1586/1867/2301 866/2209/2798
f 866/2209/2798 1586/1867/2301 1587/2212/2805
f 866/2209/2798 1587/2212/2805 1588/2213/2806
f 1588/2213/2807 1587/2212/2808 2084/2197/2779
f 1588/2213/2807 2084/2197/2779 2083/2195/2775
f 1572/2214/2809 727/2151/2735 1998/2215/2810
f 1998/2215/2810 727/2151/2735 1621/2216/2811
f 1998/2215/2810 1621/2216/2812 1620/2217/2813
f 1620/2217/2813 1621/2216/2812 1623/2174/2741
f 1620/2217/2813 1623/2174/2741 1624/2176/2744
f 266/1946/324 1677/1957/2426 1573/2218/2814
f 1573/2218/2814 1677/1957/2427 1676/1959/2432
f 1573/2218/2814 1676/1959/2430 2069/2219/2815
f 2069/2219/2815 1676/1959/2432 1675/1961/2816
f 2069/2219/2815 1675/1961/2433 2068/2220/2817
f 2068/2220/2817 1675/1961/2433 1674/1963/2436
f 2068/2220/2817 1674/1963/2436 2067/2221/2818
f 2067/2221/2819 1674/1963/2436 1673/1965/2820
f 2067/2221/2818 1673/1965/2439 2066/2222/2821
f 2066/2222/2821 1673/1965/2438 1672/1967/2441
f 2066/2222/2821 1672/1967/2441 2065/2223/2822
f 2065/2223/2822 1672/1967/2441 1671/1969/2447
f 2065/2223/2822 1671/1969/2444 2064/1876/2314
f 2064/1876/2823 1671/1969/2444 1670/1878/2824
f 728/2140/1075 1979/2154/2713 1574/2224/2825
f 1574/2224/2825 1979/2154/2713 1978/2156/2715
f 1574/2224/2826 1978/2156/2715 2036/2225/2827
f 2036/2225/2827 1978/2156/2715 1977/2158/2717
f 2036/2225/2828 1977/2158/2717 2037/2226/2829
f 2037/2226/2830 1977/2158/2717 1976/2160/2720
f 2037/2226/2829 1976/2160/2831 2038/2227/2832
f 2038/2227/2833 1976/2160/2719 1975/2162/2723
f 2038/2227/2833 1975/2162/2725 2039/2228/2834
f 2039/2228/2835 1975/2162/2722 1974/2164/2726
f 2039/2228/2834 1974/2164/2726 2040/2229/2836
f 2040/2229/2836 1974/2164/2726 1973/2165/2728
f 2040/2229/2836 1973/2165/2729 2041/1333/2837
f 2041/1333/2837 1973/2165/2728 1972/2167/2731
f 2041/1333/2837 1972/2167/2838 2042/1885/2327
f 2042/1885/2327 1972/2167/2731 1971/1883/2325
f 265/1954/2451 1715/1974/2453 1575/2230/2839
f 1575/2230/2839 1715/1974/2453 1714/1976/2840
f 1575/2230/2839 1714/1976/2456 2052/2231/2841
f 2052/2231/2841 1714/1976/2840 1713/1978/2458
f 2052/2231/2841 1713/1978/2458 2051/2232/2842
f 2051/2232/2842 1713/1978/2458 1712/1980/2461
f 2051/2232/2842 1712/1980/2461 2050/2233/2843
f 2050/2233/2844 1712/1980/2461 1711/1982/2464
f 2050/2233/2843 1711/1982/2464 2049/2234/2845
f 2049/2234/2845 1711/1982/2464 1710/1984/2466
f 2049/2234/2845 1710/1984/2466 2048/2235/2846
f 2048/2235/2846 1710/1984/2466 1709/1986/2468
f 2048/2235/2846 1709/1986/2847 2047/2236/2848
f 2047/2236/2848 1709/1986/2468 1708/1988/2471
f 2047/2236/2849 1708/1988/2850 2046/2237/2851
f 2046/2237/2852 1708/1988/2471 1707/1990/2853
f 2046/2237/2854 1707/1990/2473 2045/2238/2855
f 2045/2238/2855 1707/1990/2473 1706/1992/2475
f 2045/2238/2856 1706/1992/2475 2044/2239/2857
f 2044/2239/2857 1706/1992/2475 1705/1994/2858
f 2044/2239/2857 1705/1994/2477 2043/1884/2326
f 2043/1884/2326 1705/1994/2477 1704/1886/2328
f 1576/2240/2859 729/2137/1076 1960/2241/2860
f 1960/2241/2860 729/2137/1076 1959/2143/2696
f 1960/2241/2861 1959/2143/2696 1576/2240/2862
f 1576/2240/2862 1959/2143/2696 2018/2242/2863
f 1576/2240/2862 2018/2242/2863 1737/2243/2864
f 1737/2243/2864 2018/2242/2863 1738/2244/2865
f 1737/2243/2864 1738/2244/2865 1736/2138/2691
f 1736/2138/2691 1738/2244/2865 1735/2245/2866
f 1736/2138/2691 1735/2245/2866 1940/2139/2692
f 1940/2139/2692 1735/2245/2866 1939/1898/2344
f 264/1971/329 1756/1998/2484 1577/2246/2867
f 1577/2246/2868 1756/1998/2486 1755/2000/2487
f 1577/2246/2868 1755/2000/2487 2035/2247/2869
f 2035/2247/2869 1755/2000/2487 1754/2002/2489
f 2035/2247/2869 1754/2002/2489 2034/2248/2870
f 2034/2248/2871 1754/2002/2489 1753/2004/2494
f 2034/2248/2872 1753/2004/2492 2033/2249/2873
f 2033/2249/2874 1753/2004/2492 1752/2006/2496
f 2033/2249/2873 1752/2006/2497 2032/2250/2875
f 2032/2250/2875 1752/2006/2499 1751/2008/2500
f 2032/2250/2875 1751/2008/2500 2031/2251/2876
f 2031/2251/2876 1751/2008/2500 1750/2010/2503
f 2031/2251/2876 1750/2010/2503 2030/2252/2877
f 2030/2252/2877 1750/2010/2503 1749/2012/2878
f 2030/2252/2877 1749/2012/2505 2029/2253/2879
f 2029/2253/2879 1749/2012/2505 1748/2014/2508
f 2029/2253/2879 1748/2014/2508 2028/2254/2880
f 2028/2254/2880 1748/2014/2508 1747/2016/2510
f 2028/2254/2880 1747/2016/2510 2027/2255/2881
f 2027/2255/2881 1747/2016/2510 1746/2018/2515
f 2027/2255/2881 1746/2018/2515 2026/2256/2882
f 2026/2256/2882 1746/2018/2513 1745/2020/2517
f 2026/2256/2882 1745/2020/2883 2025/2257/2884
f 2025/2257/2884 1745/2020/2517 1744/1573/2519
f 2025/2257/2884 1744/1573/2519 2024/1816/2885
f 2024/1816/2885 1744/1573/2519 1743/2022/2526
f 2024/1816/2885 1743/2022/2523 2023/2258/2886
f 2023/2258/2886 1743/2022/2526 1742/2024/2527
f 2023/2258/2886 1742/2024/2527 2022/1891/2335
f 2022/1891/2337 1742/2024/2527 1741/1893/2339
f 1579/2259/2887 263/1944/331 1798/2260/2888
f 1798/2260/2888 263/1944/331 1757/1942/2411
f 1798/2260/2888 1757/1942/2411 1758/1940/2408
f 1858/2106/2630 1879/2136/2688 1859/2108/2632
f 1589/2210/2799 866/2209/2798 1588/2213/2806
f 2084/2197/2779 1587/2212/2889 2085/1869/2305
f 2085/1869/2305 1587/2212/2890 1586/1867/2301
f 1588/2213/2891 2083/2195/2775 1589/2210/2799
f 1589/2210/2799 2083/2195/2775 2082/2193/2773
f 1589/2210/2799 2082/2193/2892 1590/2211/2801
f 1590/2211/2801 2082/2193/2773 2081/2191/2771
f 1594/2203/2893 868/2202/2788 1593/2208/2797
f 2079/2187/2767 1592/2207/2894 2080/2189/2769
f 2080/2189/2769 1592/2207/2796 1591/2206/2795
f 1593/2208/2797 2078/2185/2763 1594/2203/2789
f 1594/2203/2789 2078/2185/2763 2077/2183/2762
f 1594/2203/2789 2077/2183/2759 1595/2204/2791
f 1595/2204/2791 2077/2183/2762 2076/1519/2755
f 1596/1518/2793 1597/2261/2895 869/2198/2790
f 869/2198/2790 1597/2261/2895 1598/2262/2896
f 869/2198/2790 1598/2262/2896 1599/2199/2897
f 1599/2199/2781 1598/2262/2896 2073/2177/2746
f 1599/2199/2898 2073/2177/2747 2072/2175/2745
f 1596/1518/2792 2075/2181/2752 1597/2261/2895
f 1597/2261/2895 2075/2181/2752 2074/2179/2750
f 1597/2261/2895 2074/2179/2750 1598/2262/2896
f 1598/2262/2896 2074/2179/2750 2073/2177/2747
f 1602/2170/2736 726/2169/1073 1601/2201/2785
f 2071/2173/2740 1600/2200/2784 2072/2175/2745
f 2072/2175/2742 1600/2200/2783 1599/2199/2781
f 2070/2171/2739 1602/2170/2736 1601/2201/2785
f 1604/1949/2417 1603/1948/2416 1981/2263/2899
f 1981/2263/2899 1603/1948/2416 1980/1947/2414
f 1981/2263/2899 1980/1947/2414 2069/2219/2815
f 2069/2219/2815 1980/1947/2414 1573/2218/2814
f 1605/1951/2419 1604/1949/2417 1982/2264/2900
f 1982/2264/2901 1604/1949/2417 1981/2263/2899
f 1982/2264/2901 1981/2263/2899 2068/2220/2817
f 2068/2220/2817 1981/2263/2899 2069/2219/2815
f 1606/1953/2902 1605/1951/2419 1983/2265/2903
f 1983/2265/2904 1605/1951/2419 1982/2264/2901
f 1983/2265/2903 1982/2264/2901 2067/2221/2818
f 2067/2221/2818 1982/2264/2901 2068/2220/2817
f 1635/2196/2776 1636/1871/2307 1608/1873/2309
f 1607/1872/2308 1606/1953/2422 1984/2266/2905
f 1984/2266/2906 1606/1953/2422 1983/2265/2903
f 1984/2266/2906 1983/2265/2903 2066/2222/2821
f 2066/2222/2821 1983/2265/2907 2067/2221/2818
f 1634/2194/2774 1635/2196/2776 1609/2267/2908
f 1609/2267/2908 1635/2196/2776 1608/1873/2309
f 1609/2267/2908 1608/1873/2309 1986/1875/2313
f 1633/2192/2772 1634/2194/2909 1610/2268/2910
f 1610/2268/2910 1634/2194/2774 1609/2267/2908
f 1610/2268/2910 1609/2267/2908 1987/2269/2911
f 1987/2269/2911 1609/2267/2908 1986/1875/2313
f 1987/2269/2911 1986/1875/2313 2063/1877/2315
f 1632/2190/2770 1633/2192/2772 1611/2270/2912
f 1611/2270/2912 1633/2192/2772 1610/2268/2910
f 1611/2270/2912 1610/2268/2910 1988/2271/2913
f 1988/2271/2913 1610/2268/2910 1987/2269/2911
f 1988/2271/2913 1987/2269/2911 2062/2272/2914
f 2062/2272/2915 1987/2269/2911 2063/1877/2315
f 2062/2272/2915 2063/1877/2315 1669/1879/2318
f 1631/2188/2768 1632/2190/2770 1612/2273/2916
f 1612/2273/2916 1632/2190/2770 1611/2270/2912
f 1612/2273/2916 1611/2270/2912 1989/2274/2917
f 1989/2274/2917 1611/2270/2912 1988/2271/2913
f 1989/2274/2917 1988/2271/2913 2061/2275/2918
f 2061/2275/2919 1988/2271/2913 2062/2272/2915
f 2061/2275/2919 2062/2272/2914 1668/2276/2920
f 1668/2276/2920 2062/2272/2915 1669/1879/2318
f 1668/2276/2920 1669/1879/2318 1649/1881/2321
f 1630/2186/2765 1631/2188/2768 1613/2277/2921
f 1613/2277/2921 1631/2188/2768 1612/2273/2916
f 1613/2277/2922 1612/2273/2916 1990/2278/2923
f 1990/2278/2923 1612/2273/2916 1989/2274/2917
f 1990/2278/2923 1989/2274/2917 2060/2279/2924
f 2060/2279/2924 1989/2274/2917 2061/2275/2919
f 2060/2279/2924 2061/2275/2919 1667/2280/2925
f 1667/2280/2925 2061/2275/2926 1668/2276/2920
f 1667/2280/2925 1668/2276/2920 1650/2168/2732
f 1650/2168/2732 1668/2276/2920 1649/1881/2321
f 1629/2184/2760 1630/2186/2927 1614/2281/2928
f 1614/2281/2928 1630/2186/2765 1613/2277/2922
f 1614/2281/2928 1613/2277/2922 1991/2282/2929
f 1991/2282/2930 1613/2277/2922 1990/2278/2923
f 1991/2282/2929 1990/2278/2923 2059/2283/2931
f 2059/2283/2931 1990/2278/2923 2060/2279/2924
f 2059/2283/2931 2060/2279/2924 1666/2284/2932
f 1666/2284/2933 2060/2279/2924 1667/2280/2925
f 1666/2284/2933 1667/2280/2925 1651/2166/2730
f 1651/2166/2730 1667/2280/2925 1650/2168/2732
f 1628/1849/2756 1629/2184/2761 1615/1490/2934
f 1615/1490/2934 1629/2184/2761 1614/2281/2928
f 1615/1490/2934 1614/2281/2928 1992/1359/2935
f 1992/1359/2935 1614/2281/2928 1991/2282/2929
f 1992/1359/2935 1991/2282/2930 2058/1360/2936
f 2058/1360/2936 1991/2282/2929 2059/2283/2931
f 2058/1360/2936 2059/2283/2931 1665/1792/2937
f 1665/1792/2938 2059/2283/2931 1666/2284/2933
f 1665/1792/2938 1666/2284/2933 1652/1334/2727
f 1652/1334/2727 1666/2284/2933 1651/2166/2730
f 1627/2182/2753 1628/1849/2756 1616/2285/2939
f 1616/2285/2940 1628/1849/2756 1615/1490/2934
f 1616/2285/2940 1615/1490/2934 1993/2286/2941
f 1993/2286/2941 1615/1490/2934 1992/1359/2935
f 1993/2286/2941 1992/1359/2935 2057/2287/2942
f 2057/2287/2942 1992/1359/2935 2058/1360/2936
f 2057/2287/2942 2058/1360/2936 1664/2288/2943
f 1664/2288/2943 2058/1360/2936 1665/1792/2938
f 1664/2288/2943 1665/1792/2938 1653/2163/2724
f 1653/2163/2724 1665/1792/2938 1652/1334/2727
f 1626/2180/2751 1627/2182/2754 1617/2289/2944
f 1617/2289/2944 1627/2182/2753 1616/2285/2940
f 1617/2289/2944 1616/2285/2940 1994/2290/2945
f 1994/2290/2945 1616/2285/2939 1993/2286/2941
f 1994/2290/2945 1993/2286/2941 2056/2291/2946
f 2056/2291/2946 1993/2286/2941 2057/2287/2942
f 2056/2291/2946 2057/2287/2942 1663/2292/2947
f 1663/2292/2948 2057/2287/2942 1664/2288/2943
f 1663/2292/2948 1664/2288/2943 1654/2161/2721
f 1654/2161/2949 1664/2288/2950 1653/2163/2724
f 1625/2178/2748 1626/2180/2751 1618/2293/2951
f 1618/2293/2951 1626/2180/2751 1617/2289/2944
f 1618/2293/2952 1617/2289/2944 1995/2294/2953
f 1995/2294/2953 1617/2289/2944 1994/2290/2945
f 1995/2294/2953 1994/2290/2954 2055/2295/2955
f 2055/2295/2955 1994/2290/2945 2056/2291/2946
f 2055/2295/2955 2056/2291/2946 1662/2296/2956
f 1662/2296/2956 2056/2291/2946 1663/2292/2948
f 1662/2296/2957 1663/2292/2948 1655/2159/2718
f 1655/2159/2718 1663/2292/2948 1654/2161/2721
f 1624/2176/2744 1625/2178/2958 1619/2297/2959
f 1619/2297/2960 1625/2178/2958 1618/2293/2952
f 1619/2297/2959 1618/2293/2951 1996/2298/2961
f 1996/2298/2961 1618/2293/2951 1995/2294/2953
f 1996/2298/2961 1995/2294/2953 2054/2299/2962
f 2054/2299/2963 1995/2294/2953 2055/2295/2955
f 2054/2299/2962 2055/2295/2964 1661/2300/2965
f 1661/2300/2965 2055/2295/2955 1662/2296/2956
f 1661/2300/2965 1662/2296/2957 1656/2157/2716
f 1656/2157/2716 1662/2296/2957 1655/2159/2718
f 1624/2176/2744 1619/2297/2959 1620/2217/2813
f 1620/2217/2813 1619/2297/2959 1997/2301/2966
f 1620/2217/2813 1997/2301/2966 1998/2215/2967
f 1998/2215/2810 1997/2301/2966 1572/2214/2809
f 1997/2301/2966 1619/2297/2959 1996/2298/2961
f 1622/2172/2738 1623/2174/2741 1621/2216/2812
f 727/2151/2735 1622/2172/2738 1621/2216/2811
f 1637/1870/2306 2086/1868/2303 1638/1952/2421
f 1638/1952/2421 2086/1868/2303 2087/2302/2968
f 1638/1952/2421 2087/2302/2969 1639/1950/2418
f 1639/1950/2418 2087/2302/2969 1571/1864/2299
f 1585/1866/2970 1571/1864/2299 2087/2302/2969
f 1641/1958/2429 1640/1956/2971 1962/2303/2972
f 1962/2303/2972 1640/1956/2425 1961/1955/2424
f 1962/2303/2972 1961/1955/2424 2052/2231/2841
f 2052/2231/2841 1961/1955/2424 1575/2230/2839
f 1642/1960/2431 1641/1958/2429 1963/2304/2973
f 1963/2304/2974 1641/1958/2429 1962/2303/2972
f 1963/2304/2973 1962/2303/2972 2051/2232/2842
f 2051/2232/2842 1962/2303/2972 2052/2231/2841
f 1643/1962/2435 1642/1960/2431 1964/2305/2975
f 1964/2305/2975 1642/1960/2431 1963/2304/2973
f 1964/2305/2975 1963/2304/2973 2050/2233/2843
f 2050/2233/2976 1963/2304/2973 2051/2232/2842
f 1644/1964/2437 1643/1962/2435 1965/2306/2977
f 1965/2306/2978 1643/1962/2435 1964/2305/2975
f 1965/2306/2978 1964/2305/2975 2049/2234/2845
f 2049/2234/2845 1964/2305/2975 2050/2233/2843
f 1645/1966/2440 1644/1964/2437 1966/2307/2979
f 1966/2307/2980 1644/1964/2437 1965/2306/2978
f 1966/2307/2979 1965/2306/2977 2048/2235/2846
f 2048/2235/2981 1965/2306/2977 2049/2234/2845
f 1646/1968/2443 1645/1966/2440 1967/2308/2982
f 1967/2308/2982 1645/1966/2440 1966/2307/2979
f 1967/2308/2982 1966/2307/2980 2047/2236/2848
f 2047/2236/2983 1966/2307/2979 2048/2235/2846
f 1647/1970/2446 1646/1968/2443 1968/2309/2984
f 1968/2309/2984 1646/1968/2443 1967/2308/2982
f 1968/2309/2984 1967/2308/2982 2046/2237/2851
f 2046/2237/2851 1967/2308/2982 2047/2236/2848
f 1648/1880/2320 1647/1970/2446 1969/2310/2985
f 1969/2310/2985 1647/1970/2446 1968/2309/2984
f 1969/2310/2985 1968/2309/2984 2045/2238/2856
f 2045/2238/2856 1968/2309/2984 2046/2237/2851
f 1656/2157/2716 1657/2155/2714 1661/2300/2965
f 1661/2300/2965 1657/2155/2714 1660/2311/2986
f 1661/2300/2965 1660/2311/2986 2054/2299/2962
f 2054/2299/2963 1660/2311/2986 2053/2312/2987
f 2054/2299/2962 2053/2312/2987 1996/2298/2988
f 1996/2298/2961 2053/2312/2987 1997/2301/2966
f 1657/2155/2714 1658/2153/2711 1660/2311/2989
f 1660/2311/2986 1658/2153/2712 1659/2152/2708
f 1660/2311/2986 1659/2152/2708 2053/2312/2987
f 2053/2312/2987 1659/2152/2708 1572/2214/2809
f 2053/2312/2987 1572/2214/2990 1997/2301/2966
f 266/1946/324 1573/2218/2814 1980/1947/2414
f 1679/1975/2454 1678/1973/2991 1942/2313/2992
f 1942/2313/2993 1678/1973/2450 1941/1972/2449
f 1942/2313/2993 1941/1972/2449 2035/2247/2869
f 2035/2247/2869 1941/1972/2449 1577/2246/2868
f 1680/1977/2457 1679/1975/2454 1943/2314/2994
f 1943/2314/2995 1679/1975/2454 1942/2313/2993
f 1943/2314/2994 1942/2313/2993 2034/2248/2871
f 2034/2248/2871 1942/2313/2993 2035/2247/2869
f 1681/1979/2460 1680/1977/2996 1944/2315/2997
f 1944/2315/2998 1680/1977/2457 1943/2314/2994
f 1944/2315/2997 1943/2314/2994 2033/2249/2873
f 2033/2249/2999 1943/2314/2994 2034/2248/2870
f 1682/1981/2463 1681/1979/2460 1945/2316/3000
f 1945/2316/3001 1681/1979/2459 1944/2315/2997
f 1945/2316/3000 1944/2315/2997 2032/2250/2875
f 2032/2250/2875 1944/2315/2997 2033/2249/2873
f 1683/1983/2465 1682/1981/2463 1946/2317/3002
f 1946/2317/3003 1682/1981/2463 1945/2316/3000
f 1946/2317/3003 1945/2316/3004 2031/2251/2876
f 2031/2251/2876 1945/2316/3000 2032/2250/2875
f 1684/1985/2467 1683/1983/2465 1947/2318/3005
f 1947/2318/3006 1683/1983/2465 1946/2317/3003
f 1947/2318/3005 1946/2317/3007 2030/2252/2877
f 2030/2252/2877 1946/2317/3002 2031/2251/2876
f 1685/1987/2470 1684/1985/2467 1948/2319/3008
f 1948/2319/3008 1684/1985/2467 1947/2318/3005
f 1948/2319/3009 1947/2318/3005 2029/2253/2879
f 2029/2253/2879 1947/2318/3005 2030/2252/2877
f 1686/1989/2472 1685/1987/2469 1949/2320/3010
f 1949/2320/3010 1685/1987/2470 1948/2319/3008
f 1949/2320/3010 1948/2319/3009 2028/2254/2880
f 2028/2254/3011 1948/2319/3009 2029/2253/2879
f 1687/1991/2474 1686/1989/2472 1950/2321/3012
f 1950/2321/3012 1686/1989/2472 1949/2320/3010
f 1950/2321/3012 1949/2320/3010 2027/2255/2881
f 2027/2255/2881 1949/2320/3010 2028/2254/2880
f 1688/1993/2476 1687/1991/2474 1951/2322/3013
f 1951/2322/3013 1687/1991/2474 1950/2321/3012
f 1951/2322/3013 1950/2321/3012 2026/2256/2882
f 2026/2256/2882 1950/2321/3012 2027/2255/2881
f 1689/1995/2478 1688/1993/2476 1952/2323/3014
f 1952/2323/3014 1688/1993/2476 1951/2322/3013
f 1952/2323/3014 1951/2322/3013 2025/2257/2884
f 2025/2257/2884 1951/2322/3013 2026/2256/2882
f 1690/1557/2330 1689/1995/2478 1953/2324/3015
f 1953/2324/3015 1689/1995/2478 1952/2323/3014
f 1953/2324/3015 1952/2323/3014 2024/1816/2885
f 2024/1816/2885 1952/2323/3014 2025/2257/2884
f 1691/1888/2331 1692/2150/3016 1702/2325/3017
f 1702/2325/3018 1692/2150/2706 1701/2326/3019
f 1702/2325/3018 1701/2326/3020 2040/2229/2836
f 2040/2229/2836 1701/2326/3020 2039/2228/2834
f 1692/2150/2706 1693/2148/2704 1701/2326/3021
f 1701/2326/3019 1693/2148/2704 1700/2327/3022
f 1701/2326/3019 1700/2327/3022 2039/2228/2835
f 2039/2228/2834 1700/2327/3022 2038/2227/2832
f 1693/2148/2704 1694/2146/2701 1700/2327/3022
f 1700/2327/3022 1694/2146/3023 1699/2328/3024
f 1700/2327/3022 1699/2328/3025 2038/2227/3026
f 2038/2227/2832 1699/2328/3024 2037/2226/2829
f 1694/2146/2701 1695/2144/2697 1699/2328/3025
f 1699/2328/3025 1695/2144/2697 1698/2329/3027
f 1699/2328/3024 1698/2329/3027 2037/2226/2829
f 2037/2226/2829 1698/2329/3028 2036/2225/2827
f 1695/2144/2697 1696/2142/2695 1698/2329/3028
f 1698/2329/3027 1696/2142/2695 1697/2141/2693
f 1698/2329/3027 1697/2141/2693 2036/2225/2827
f 2036/2225/2827 1697/2141/2694 1574/2224/2825
f 1691/1888/3029 1702/2325/3018 1703/1887/2329
f 1703/1887/2329 1702/2325/3018 2041/1333/2837
f 1703/1887/2329 2041/1333/2837 2042/1885/2327
f 2041/1333/2837 1702/2325/3018 2040/2229/2836
f 265/1954/326 1575/2230/2839 1961/1955/2424
f 1717/1997/2482 1716/1996/2480 1921/2330/3030
f 1921/2330/3030 1716/1996/2480 1920/2331/3031
f 1921/2330/3030 1920/2331/3031 2017/2332/3032
f 2017/2332/3032 1920/2331/3031 1579/2259/2887
f 2017/2332/3032 1579/2259/2887 1797/2333/3033
f 1797/2333/3033 1579/2259/2887 1798/2260/2888
f 1797/2333/3033 1798/2260/2888 1758/1940/2408
f 1718/1999/2485 1717/1997/2482 1922/2334/3034
f 1922/2334/3035 1717/1997/2483 1921/2330/3030
f 1922/2334/3034 1921/2330/3030 2016/2335/3036
f 2016/2335/3036 1921/2330/3030 2017/2332/3032
f 2016/2335/3036 2017/2332/3032 1796/2336/3037
f 1796/2336/3037 2017/2332/3032 1797/2333/3033
f 1796/2336/3037 1797/2333/3033 1759/1938/2406
f 1759/1938/2406 1797/2333/3033 1758/1940/2408
f 1719/2001/2488 1718/1999/2485 1923/2337/3038
f 1923/2337/3039 1718/1999/3040 1922/2334/3034
f 1923/2337/3038 1922/2334/3034 2015/2338/3041
f 2015/2338/3041 1922/2334/3034 2016/2335/3036
f 2015/2338/3041 2016/2335/3036 1795/2339/3042
f 1795/2339/3043 2016/2335/3044 1796/2336/3037
f 1795/2339/3043 1796/2336/3037 1760/1936/2403
f 1760/1936/2403 1796/2336/3037 1759/1938/2406
f 1720/2003/2491 1719/2001/2488 1924/2340/3045
f 1924/2340/3045 1719/2001/3046 1923/2337/3038
f 1924/2340/3045 1923/2337/3047 2014/2341/3048
f 2014/2341/3048 1923/2337/3049 2015/2338/3050
f 2014/2341/3048 2015/2338/3041 1794/2342/3051
f 1794/2342/3051 2015/2338/3050 1795/2339/3042
f 1794/2342/3051 1795/2339/3043 1761/1934/2400
f 1761/1934/3052 1795/2339/3043 1760/1936/2403
f 1721/2005/2493 1720/2003/2491 1925/2343/3053
f 1925/2343/3053 1720/2003/3054 1924/2340/3045
f 1925/2343/3053 1924/2340/3045 2013/2344/3055
f 2013/2344/3055 1924/2340/3045 2014/2341/3048
f 2013/2344/3056 2014/2341/3048 1793/2345/3057
f 1793/2345/3057 2014/2341/3048 1794/2342/3051
f 1793/2345/3057 1794/2342/3051 1762/1932/2397
f 1762/1932/3058 1794/2342/3051 1761/1934/2400
f 1722/2007/2498 1721/2005/2493 1926/2346/3059
f 1926/2346/3059 1721/2005/2493 1925/2343/3053
f 1926/2346/3059 1925/2343/3053 2012/2347/3060
f 2012/2347/3061 1925/2343/3062 2013/2344/3056
f 2012/2347/3060 2013/2344/3056 1792/2348/3063
f 1792/2348/3063 2013/2344/3056 1793/2345/3057
f 1792/2348/3063 1793/2345/3057 1763/1930/2394
f 1763/1930/2394 1793/2345/3057 1762/1932/2397
f 1723/2009/2501 1722/2007/2498 1927/2349/3064
f 1927/2349/3065 1722/2007/2498 1926/2346/3059
f 1927/2349/3066 1926/2346/3059 2011/2350/3067
f 2011/2350/3068 1926/2346/3059 2012/2347/3060
f 2011/2350/3067 2012/2347/3060 1791/2351/3069
f 1791/2351/3069 2012/2347/3061 1792/2348/3063
f 1791/2351/3069 1792/2348/3063 1764/1928/2392
f 1764/1928/3070 1792/2348/3063 1763/1930/2394
f 1724/2011/2504 1723/2009/2501 1928/2352/3071
f 1928/2352/3071 1723/2009/2501 1927/2349/3066
f 1928/2352/3071 1927/2349/3064 2010/2353/3072
f 2010/2353/3072 1927/2349/3064 2011/2350/3067
f 2010/2353/3072 2011/2350/3067 1790/2354/3073
f 1790/2354/3073 2011/2350/3068 1791/2351/3074
f 1790/2354/3073 1791/2351/3069 1765/1926/2389
f 1765/1926/2389 1791/2351/3069 1764/1928/2392
f 1725/2013/2507 1724/2011/2504 1929/2355/3075
f 1929/2355/3076 1724/2011/2504 1928/2352/3071
f 1929/2355/3075 1928/2352/3071 2009/2356/3077
f 2009/2356/3077 1928/2352/3071 2010/2353/3072
f 2009/2356/3077 2010/2353/3072 1789/2357/3078
f 1789/2357/3079 2010/2353/3080 1790/2354/3073
f 1789/2357/3078 1790/2354/3073 1766/1924/2386
f 1766/1924/2386 1790/2354/3073 1765/1926/2389
f 1726/2015/2509 1725/2013/2507 1930/2358/3081
f 1930/2358/3081 1725/2013/2507 1929/2355/3075
f 1930/2358/3081 1929/2355/3076 2008/2359/3082
f 2008/2359/3082 1929/2355/3075 2009/2356/3077
f 2008/2359/3082 2009/2356/3077 1788/2360/3083
f 1788/2360/3084 2009/2356/3077 1789/2357/3078
f 1788/2360/3084 1789/2357/3079 1767/1922/2384
f 1767/1922/2384 1789/2357/3078 1766/1924/2386
f 1727/2017/2511 1726/2015/3085 1931/2361/3086
f 1931/2361/3086 1726/2015/2509 1930/2358/3081
f 1931/2361/3086 1930/2358/3081 2007/2362/3087
f 2007/2362/3087 1930/2358/3081 2008/2359/3082
f 2007/2362/3087 2008/2359/3082 1787/2363/3088
f 1787/2363/3088 2008/2359/3082 1788/2360/3083
f 1787/2363/3088 1788/2360/3083 1768/1920/2379
f 1768/1920/3089 1788/2360/3083 1767/1922/2384
f 1728/2019/2516 1727/2017/2511 1932/2364/3090
f 1932/2364/3091 1727/2017/2511 1931/2361/3086
f 1932/2364/3090 1931/2361/3086 2006/2365/3092
f 2006/2365/3093 1931/2361/3086 2007/2362/3087
f 2006/2365/3093 2007/2362/3087 1786/2366/3094
f 1786/2366/3094 2007/2362/3087 1787/2363/3088
f 1786/2366/3094 1787/2363/3088 1769/1918/2376
f 1769/1918/2376 1787/2363/3088 1768/1920/2379
f 1729/1572/2518 1728/2019/2516 1933/2367/3095
f 1933/2367/3095 1728/2019/2516 1932/2364/3090
f 1933/2367/3095 1932/2364/3090 2005/1803/3096
f 2005/1803/3097 1932/2364/3090 2006/2365/3093
f 2005/1803/3096 2006/2365/3098 1785/1694/3099
f 1785/1694/3099 2006/2365/3093 1786/2366/3094
f 1785/1694/3099 1786/2366/3094 1770/1594/2373
f 1770/1594/2373 1786/2366/3094 1769/1918/2376
f 1730/2021/2524 1729/1572/2518 1934/2368/3100
f 1934/2368/3100 1729/1572/2518 1933/2367/3095
f 1934/2368/3100 1933/2367/3095 2004/2369/3101
f 2004/2369/3101 1933/2367/3102 2005/1803/3096
f 2004/2369/3101 2005/1803/3096 1784/2370/3103
f 1784/2370/3103 2005/1803/3097 1785/1694/3099
f 1784/2370/3103 1785/1694/3099 1771/1916/2370
f 1771/1916/2370 1785/1694/3104 1770/1594/2373
f 1731/2023/2525 1730/2021/2524 1935/2371/3105
f 1935/2371/3106 1730/2021/2524 1934/2368/3100
f 1935/2371/3105 1934/2368/3100 2003/2372/3107
f 2003/2372/3107 1934/2368/3100 2004/2369/3101
f 2003/2372/3107 2004/2369/3101 1783/2373/3108
f 1783/2373/3108 2004/2369/3101 1784/2370/3103
f 1783/2373/3108 1784/2370/3103 1772/1914/2367
f 1772/1914/2367 1784/2370/3103 1771/1916/2370
f 1732/2025/2528 1731/2023/2525 1936/2374/3109
f 1936/2374/3110 1731/2023/2525 1935/2371/3105
f 1936/2374/3110 1935/2371/3105 2002/2375/3111
f 2002/2375/3111 1935/2371/3106 2003/2372/3107
f 2002/2375/3111 2003/2372/3112 1782/2376/3113
f 1782/2376/3113 2003/2372/3107 1783/2373/3108
f 1782/2376/3113 1783/2373/3108 1773/1912/2363
f 1773/1912/2363 1783/2373/3108 1772/1914/2367
f 1733/1895/2341 1732/2025/2528 1937/2377/3114
f 1937/2377/3115 1732/2025/2528 1936/2374/3110
f 1937/2377/3115 1936/2374/3110 2001/2378/3116
f 2001/2378/3117 1936/2374/3110 2002/2375/3111
f 2001/2378/3117 2002/2375/3111 1781/2379/3118
f 1781/2379/3118 2002/2375/3111 1782/2376/3113
f 1781/2379/3118 1782/2376/3113 1774/1910/2360
f 1774/1910/2360 1782/2376/3113 1773/1912/3119
f 1734/1896/2342 1735/2245/3120 1739/2380/3121
f 1739/2380/3122 1735/2245/3123 1738/2244/2865
f 1739/2380/3122 1738/2244/2865 2019/2381/3124
f 2019/2381/3124 1738/2244/2865 2018/2242/2863
f 2019/2381/3124 2018/2242/2863 1958/2145/2699
f 1958/2145/2699 2018/2242/2863 1959/2143/2696
f 1735/2245/2866 1734/1896/2342 1939/1898/2344
f 1734/1896/2342 1739/2380/3122 1740/1894/2340
f 1740/1894/2340 1739/2380/3122 2020/2382/3125
f 1740/1894/2340 2020/2382/3125 2021/1892/2336
f 2021/1892/2336 2020/2382/3125 1956/2149/2705
f 2021/1892/2336 1956/2149/2705 1955/1890/2334
f 2020/2382/3125 1739/2380/3122 2019/2381/3124
f 264/1971/329 1577/2246/2867 1941/1972/2449
f 1576/2240/2859 1737/2243/2864 729/2137/1076
f 729/2137/1076 1737/2243/3126 1736/2138/2691
f 1774/1910/2360 1775/1908/3127 1781/2379/3118
f 1781/2379/3118 1775/1908/3128 1780/2383/3129
f 1781/2379/3118 1780/2383/3129 2001/2378/3116
f 2001/2378/3117 1780/2383/3129 2000/2384/3130
f 2001/2378/3117 2000/2384/3130 1937/2377/3115
f 1937/2377/3115 2000/2384/3130 1938/1897/2343
f 1937/2377/3115 1938/1897/2343 1733/1895/2341
f 1775/1908/2357 1776/1906/2354 1780/2383/3129
f 1780/2383/3129 1776/1906/2354 1779/2385/3131
f 1780/2383/3129 1779/2385/3131 2000/2384/3130
f 2000/2384/3130 1779/2385/3131 1999/1899/2345
f 2000/2384/3130 1999/1899/3132 1938/1897/2343
f 1776/1906/2354 1777/1904/2352 1779/2385/3131
f 1779/2385/3131 1777/1904/2352 1778/1901/2348
f 1779/2385/3131 1778/1901/2348 1999/1899/3133
f 1716/1996/2480 263/1944/331 1920/2331/3031
f 1920/2331/3031 263/1944/331 1579/2259/2887
f 1838/1941/2412 1581/1943/2413 1800/2031/2535
f 1800/2031/2535 1581/1943/2413 1799/2029/2533
f 1837/1939/2407 1838/1941/2410 1801/2033/3134
f 1801/2033/3134 1838/1941/2412 1800/2031/2535
f 1836/1937/2404 1837/1939/2407 1802/2035/2539
f 1802/2035/2539 1837/1939/2407 1801/2033/2537
f 1835/1935/2401 1836/1937/2404 1803/2037/2542
f 1803/2037/2542 1836/1937/2405 1802/2035/2539
f 1834/1933/2399 1835/1935/2401 1804/2039/2545
f 1804/2039/2545 1835/1935/2401 1803/2037/2542
f 1833/1931/2396 1834/1933/3135 1805/2041/2547
f 1805/2041/2547 1834/1933/2399 1804/2039/2545
f 1832/1929/2393 1833/1931/2396 1806/2043/3136
f 1806/2043/3136 1833/1931/2396 1805/2041/2547
f 1831/1927/2390 1832/1929/3137 1807/2045/2552
f 1807/2045/2552 1832/1929/2393 1806/2043/2549
f 1830/1925/2387 1831/1927/2390 1808/2047/2555
f 1808/2047/2555 1831/1927/2391 1807/2045/2552
f 1829/1923/2383 1830/1925/2387 1809/2049/2558
f 1809/2049/2558 1830/1925/3138 1808/2047/2555
f 1828/1921/2380 1829/1923/3139 1810/2051/2561
f 1810/2051/2561 1829/1923/2383 1809/2049/2558
f 1827/1919/2377 1828/1921/2380 1811/2053/2563
f 1811/2053/2563 1828/1921/2380 1810/2051/2561
f 1826/1759/2375 1827/1919/2377 1812/1730/2566
f 1812/1730/2566 1827/1919/2378 1811/2053/2563
f 1825/1917/2374 1826/1759/2375 1813/2055/2569
f 1813/2055/2569 1826/1759/2375 1812/1730/2566
f 1824/1915/2369 1825/1917/2371 1814/2057/2572
f 1814/2057/2572 1825/1917/2372 1813/2055/2569
f 1823/1913/2365 1824/1915/2369 1815/2059/2574
f 1815/2059/2574 1824/1915/2369 1814/2057/2572
f 1822/1911/2362 1823/1913/2368 1816/2061/2576
f 1816/2061/2576 1823/1913/2368 1815/2059/2574
f 1821/1909/2359 1822/1911/3140 1817/2063/2578
f 1817/2063/2578 1822/1911/2362 1816/2061/2576
f 1820/1907/2355 1821/1909/2359 1818/2065/2580
f 1818/2065/2580 1821/1909/2359 1817/2063/2578
f 1580/1905/2353 1820/1907/2356 1819/2067/2582
f 1819/2067/2582 1820/1907/2355 1818/2065/2580
f 1799/2029/2533 1581/1943/2413 262/1945/333
f 1896/2114/3141 1842/2076/2591 1841/2074/2589
f 1898/2111/2639 1897/2112/2641 1840/2072/2587
f 1840/2072/2587 1897/2112/2641 1841/2074/2589
f 1897/2112/2641 1896/2114/2645 1841/2074/2589
f 1893/2118/2653 1845/2082/2599 1844/2080/3142
f 1895/2115/2646 1894/2116/3143 1843/2078/2593
f 1843/2078/2593 1894/2116/3144 1844/2080/2596
f 1894/2116/2649 1893/2118/2651 1844/2080/3142
f 1890/2122/2658 1848/2088/2605 1847/2086/2603
f 1892/2119/2655 1891/2120/2656 1846/2084/2601
f 1846/2084/2601 1891/2120/2656 1847/2086/2603
f 1891/2120/2656 1890/2122/2658 1847/2086/2603
f 1887/2125/2673 1850/2092/3145 1888/2126/2665
f 1888/2126/2665 1850/2092/3146 1849/2090/2608
f 1885/2128/2669 1852/1663/2617 1886/1662/2672
f 1886/1662/2672 1852/1663/2617 1851/2094/2613
f 1853/2096/2619 1884/2131/2681 1854/2098/2621
f 1854/2098/2621 1884/2131/3147 1883/2130/2675
f 1854/2098/2621 1883/2130/2675 1855/2100/2624
f 1855/2100/2624 1883/2130/2675 1882/2135/2687
f 1880/2133/2684 1857/2104/2689 1881/2134/2685
f 1881/2134/2685 1857/2104/2628 1856/2102/2626
f 1919/2066/2581 1918/2064/2579 1582/2109/3148
f 1582/2109/2634 1918/2064/2579 1860/2107/2631
f 1918/2064/2579 1917/2062/2577 1860/2107/2631
f 1860/2107/2631 1917/2062/2577 1861/2105/2629
f 1917/2062/2577 1916/2060/2575 1861/2105/2629
f 1861/2105/2629 1916/2060/2575 1862/2103/2627
f 1916/2060/2575 1915/2058/2573 1862/2103/2627
f 1862/2103/2627 1915/2058/2573 1863/2101/2625
f 1915/2058/2573 1914/2056/2570 1863/2101/2625
f 1863/2101/2625 1914/2056/2570 1864/2099/2623
f 1914/2056/2570 1913/2054/2568 1864/2099/2623
f 1864/2099/2623 1913/2054/2568 1865/2097/2620
f 1913/2054/2568 1912/1729/2567 1865/2097/2620
f 1865/2097/3149 1912/1729/2567 1866/1623/2618
f 1912/1729/2567 1911/2052/2562 1866/1623/2618
f 1866/1623/2618 1911/2052/2562 1867/2095/2615
f 1911/2052/2562 1910/2050/2560 1867/2095/2615
f 1867/2095/2615 1910/2050/2560 1868/2093/2612
f 1910/2050/2560 1909/2048/2556 1868/2093/2612
f 1868/2093/2612 1909/2048/2556 1869/2091/2609
f 1909/2048/2556 1908/2046/2554 1869/2091/2609
f 1869/2091/2609 1908/2046/2554 1870/2089/2607
f 1908/2046/2554 1907/2044/2550 1870/2089/2607
f 1870/2089/2607 1907/2044/2550 1871/2087/2604
f 1907/2044/2550 1906/2042/2548 1871/2087/2604
f 1871/2087/3150 1906/2042/2548 1872/2085/2602
f 1906/2042/2548 1905/2040/2546 1872/2085/2602
f 1872/2085/2602 1905/2040/2546 1873/2083/2600
f 1905/2040/2546 1904/2038/2544 1873/2083/2600
f 1873/2083/2600 1904/2038/2544 1874/2081/2597
f 1904/2038/2544 1903/2036/3151 1874/2081/2598
f 1874/2081/2597 1903/2036/2541 1875/2079/2594
f 1903/2036/2541 1902/2034/2538 1875/2079/2595
f 1875/2079/2594 1902/2034/2538 1876/2077/2592
f 1902/2034/2538 1901/2032/2536 1876/2077/3152
f 1876/2077/2592 1901/2032/2536 1877/2075/2590
f 1899/2028/2531 1583/2027/2530 1878/2073/2588
f 1901/2032/2536 1900/2030/2534 1877/2075/2590
f 1877/2075/2590 1900/2030/2534 1878/2073/2588
f 1900/2030/2534 1899/2028/2531 1878/2073/2588
f 1883/2130/2675 518/2129/2674 1882/2135/2686
f 1690/1557/2330 1953/2324/3015 1954/1889/2333
f 1954/1889/2333 1953/2324/3015 2023/2258/2886
f 1954/1889/2333 2023/2258/2886 2022/1891/2337
f 2023/2258/2886 1953/2324/3015 2024/1816/2885
f 2019/2381/3124 1958/2145/2699 1957/2147/3153
f 2019/2381/3124 1957/2147/2702 2020/2382/3154
f 2020/2382/3125 1957/2147/2702 1956/2149/2705
f 1648/1880/2320 1969/2310/2985 1970/1882/2322
f 1970/1882/2324 1969/2310/2985 2044/2239/3155
f 1970/1882/2324 2044/2239/2857 2043/1884/2326
f 2044/2239/2857 1969/2310/3156 2045/2238/2855
f 728/2140/1075 1574/2224/2825 1697/2141/2694
f 1607/1872/2308 1984/2266/2906 1985/1874/3157
f 1985/1874/2311 1984/2266/2905 2065/2223/2822
f 1985/1874/2311 2065/2223/2822 2064/1876/3158
f 2065/2223/2822 1984/2266/2905 2066/2222/2821
f 727/2151/2735 1572/2214/2809 1659/2152/2708
f 1585/1866/2300 2087/2302/2969 2086/1868/2302
g display-plate_display-plate
v -21.000000 25.412144 -26.967710
v -20.926350 25.995358 -28.625340
v -20.705917 26.574480 -30.271343
v -20.340246 27.145451 -31.894173
v -19.831903 27.704262 -33.482449
v -19.184456 28.246996 -35.025028
v -18.402439 28.769846 -36.511089
v -17.491346 29.269142 -37.930210
v -16.457563 29.741386 -39.272438
v -15.308341 30.183264 -40.528358
v -14.051743 30.591675 -41.689159
v -12.696581 30.963755 -42.746700
v -11.252363 31.296896 -43.693562
v -9.729217 31.588758 -44.523106
v -8.137827 31.837296 -45.229507
v -6.489357 32.040768 -45.807819
v -4.795368 32.197742 -46.253979
v -3.067744 32.307121 -46.564861
v -1.318601 32.368137 -46.738281
v 0.439791 32.380360 -46.773029
v 2.195098 32.343708 -46.668854
v 3.935008 32.258438 -46.426487
v 5.647316 32.125141 -46.047634
v 7.320013 31.944761 -45.534950
v 8.941365 31.718557 -44.892029
v 10.500000 31.448122 -44.123383
v 11.984985 31.135345 -43.234398
v 13.385904 30.782425 -42.231319
v 14.692930 30.391838 -41.121174
v 15.896896 29.966320 -39.911751
v 16.989357 29.508858 -38.611538
v 17.962648 29.022661 -37.229652
v 18.809946 28.511139 -35.775784
v 19.525307 27.977880 -34.260136
v 20.103708 27.426622 -32.693333
v 20.541100 26.861237 -31.086370
v 20.834410 26.285685 -29.450520
v 20.981579 25.704006 -27.797253
v 20.981579 25.120281 -26.138168
v 20.834410 24.538603 -24.484901
v 20.541100 23.963053 -22.849051
v 20.103708 23.397667 -21.242088
v 19.525307 22.846409 -19.675287
v 18.809946 22.313150 -18.159639
v 17.962648 21.801626 -16.705772
v 16.989357 21.315430 -15.323885
v 15.896896 20.857967 -14.023671
v 14.692930 20.432449 -12.814250
v 13.385904 20.041864 -11.704105
v 11.984985 19.688944 -10.701024
v 10.500000 19.376167 -9.812042
v 8.941365 19.105730 -9.043394
v 7.320013 18.879528 -8.400472
v 5.647316 18.699146 -7.887787
v 3.935008 18.565851 -7.508934
v 2.195098 18.480579 -7.266570
v 0.439791 18.443928 -7.162395
v -1.318601 18.456152 -7.197139
v -3.067744 18.517168 -7.370562
v -4.795368 18.626547 -7.681443
v -6.489357 18.783524 -8.127603
v -8.137827 18.986994 -8.705914
v -9.729217 19.235531 -9.412319
v -11.252363 19.527393 -10.241861
v -12.696581 19.860535 -11.188724
v -14.051743 20.232615 -12.246264
v -15.308341 20.641024 -13.407064
v -16.457563 21.082901 -14.662984
v -17.491346 21.555145 -16.005213
v -18.402439 22.054443 -17.424334
v -19.184456 22.577293 -18.910397
v -19.831903 23.120028 -20.452974
v -20.340246 23.678839 -22.041248
v -20.705917 24.249807 -23.664078
v -20.926350 24.828932 -25.310081
v -22.000000 24.468826 -27.299603
v -21.926798 23.873676 -25.608044
v -21.707674 23.282486 -23.927740
v -21.344091 22.699188 -22.269876
v -20.838467 22.127670 -20.645483
v -20.194164 21.571732 -19.065374
v -19.415476 21.035070 -17.540060
v -18.507578 20.521263 -16.079697
v -17.476517 20.033726 -14.693999
v -16.329151 19.575701 -13.392189
v -15.073118 19.150244 -12.182931
v -13.716776 18.760178 -11.074271
v -12.269151 18.408100 -10.073589
v -10.739877 18.096359 -9.187543
v -9.139130 17.827024 -8.422029
v -7.477565 17.601889 -7.782145
v -5.766237 17.422453 -7.272144
v -4.016536 17.289909 -6.895423
v -2.240106 17.205139 -6.654489
v -0.448768 17.168709 -6.550943
v 1.345557 17.180859 -6.585477
v 3.130926 17.241508 -6.757862
v 4.895461 17.350258 -7.066947
v 6.627416 17.506376 -7.510676
v 8.315267 17.708832 -8.086098
v 9.947782 17.956270 -8.789383
v 11.514096 18.247051 -9.615849
v 13.003785 18.579239 -10.560000
v 14.406936 18.950619 -11.615550
v 15.714212 19.358719 -12.775473
v 16.916912 19.800829 -14.032053
v 18.007032 20.274004 -15.376925
v 18.977320 20.775093 -16.801142
v 19.821316 21.300764 -18.295223
v 20.533403 21.847519 -19.849228
v 21.108845 22.411718 -21.452814
v 21.543812 22.989607 -23.095308
v 21.835407 23.577339 -24.765783
v 21.981691 24.171003 -26.453119
v 21.981691 24.766651 -28.146088
v 21.835407 25.360315 -29.833424
v 21.543812 25.948050 -31.503899
v 21.108845 26.525938 -33.146393
v 20.533403 27.090136 -34.749981
v 19.821316 27.636890 -36.303986
v 18.977320 28.162561 -37.798065
v 18.007032 28.663651 -39.222282
v 16.916912 29.136824 -40.567154
v 15.714212 29.578934 -41.823734
v 14.406936 29.987038 -42.983658
v 13.003785 30.358418 -44.039207
v 11.514096 30.690601 -44.983356
v 9.947782 30.981382 -45.809826
v 8.315267 31.228825 -46.513107
v 6.627416 31.431278 -47.088531
v 4.895461 31.587399 -47.532261
v 3.130926 31.696146 -47.841347
v 1.345557 31.756796 -48.013729
v -0.448768 31.768946 -48.048264
v -2.240106 31.732515 -47.944717
v -4.016536 31.647747 -47.703785
v -5.766237 31.515202 -47.327065
v -7.477565 31.335766 -46.817062
v -9.139130 31.110632 -46.177177
v -10.739877 30.841295 -45.411663
v -12.269151 30.529552 -44.525620
v -13.716776 30.177477 -43.524937
v -15.073118 29.787413 -42.416275
v -16.329151 29.361952 -41.207020
v -17.476517 28.903929 -39.905209
v -18.507578 28.416389 -38.519512
v -19.415476 27.902584 -37.059147
v -20.194164 27.365925 -35.533836
v -20.838467 26.809984 -33.953724
v -21.344091 26.238466 -32.329334
v -21.707674 25.655170 -30.671467
v -21.926798 25.063978 -28.991163
v 21.382683 25.340340 -26.992973
v 21.707108 25.135853 -27.064920
v 21.923880 24.829819 -27.172592
v -21.364889 25.629805 -27.815706
v -21.689041 25.429712 -27.900135
v -21.905634 25.126612 -28.016150
v -21.905634 24.533026 -26.329039
v -21.689041 24.841995 -26.229706
v -21.364889 25.050873 -26.170242
v -21.222710 26.206812 -29.455696
v -21.544704 26.015472 -29.565006
v -21.759855 25.718224 -29.697647
v -20.939297 26.778053 -31.079296
v -21.256992 26.595381 -31.213242
v -21.469269 26.303923 -31.362341
v -20.516535 27.339725 -32.675705
v -20.827816 27.165577 -32.833870
v -21.035809 26.879810 -32.999153
v -19.957239 27.888094 -34.234295
v -20.260036 27.722263 -34.416107
v -20.462357 27.442059 -34.597191
v -19.265133 28.419506 -35.744694
v -19.557426 28.261740 -35.949421
v -19.752733 27.986921 -36.145821
v -18.444818 28.930428 -37.196854
v -18.724669 28.780413 -37.423615
v -18.911657 28.510773 -37.634731
v -17.501759 29.417456 -38.581104
v -17.767300 29.274830 -38.828869
v -17.944729 29.010128 -39.054020
v -16.442226 29.877352 -39.888241
v -16.691690 29.741705 -40.155834
v -16.858379 29.481665 -40.394238
v -15.273273 30.307056 -41.109562
v -15.505003 30.177927 -41.395687
v -15.659840 29.922245 -41.646469
v -14.002680 30.703709 -42.236938
v -14.215132 30.580597 -42.540169
v -14.357088 30.328936 -42.802383
v -12.638901 31.064667 -43.262867
v -12.830661 30.947033 -43.581665
v -12.958792 30.699030 -43.854279
v -11.191012 31.387531 -44.180523
v -11.360805 31.274796 -44.513245
v -11.474257 31.030067 -44.795162
v -9.668649 31.670153 -44.983803
v -9.815344 31.561705 -45.328709
v -9.913362 31.319841 -45.618771
v -8.081942 31.910650 -45.667355
v -8.204564 31.805853 -46.022629
v -8.286496 31.566425 -46.319618
v -6.441452 32.107426 -46.226627
v -6.539183 32.005611 -46.590389
v -6.604485 31.768181 -46.893051
v -4.758095 32.259163 -46.657909
v -4.830286 32.159653 -47.028214
v -4.878522 31.923759 -47.335247
v -3.043073 32.364861 -46.958321
v -3.089243 32.266953 -47.333183
v -3.120093 32.032131 -47.643261
v -1.307800 32.423809 -47.125866
v -1.327643 32.326794 -47.503273
v -1.340901 32.092571 -47.815048
v 2.177249 32.400208 -47.058792
v 2.210282 32.302837 -47.435181
v 2.232355 32.068375 -47.746277
v 0.450196 32.104660 -47.849407
v 0.448696 32.338741 -47.537231
v 0.444898 32.435558 -47.159260
v 3.903833 32.317818 -46.824619
v 3.963063 32.219196 -47.197453
v 4.002639 31.983900 -47.506176
v 5.604437 32.188992 -46.458466
v 5.689469 32.088417 -46.825748
v 5.746286 31.851812 -47.130756
v 7.267745 32.014591 -45.962776
v 7.378013 31.911369 -46.322536
v 7.451692 31.672998 -46.622520
v 8.882688 31.795774 -45.340847
v 9.017458 31.689232 -45.691170
v 9.107509 31.448643 -45.984848
v 10.438517 31.533997 -44.596813
v 10.596893 31.423483 -44.935848
v 10.702716 31.180239 -45.221985
v 11.924880 31.231003 -43.735630
v 12.105807 31.115891 -44.061600
v 12.226699 30.869576 -44.339005
v 13.331885 30.888805 -42.763027
v 13.534160 30.768501 -43.074238
v 13.669315 30.518717 -43.341785
v 14.650168 30.509684 -41.685474
v 14.872444 30.383629 -41.980339
v 15.020964 30.130001 -42.236961
v 15.870957 30.096163 -40.510151
v 16.111755 29.963833 -40.787182
v 16.272652 29.706013 -41.031887
v 16.986128 29.650991 -39.244869
v 17.243845 29.511908 -39.502705
v 17.416046 29.249575 -39.734585
v 17.988258 29.177134 -37.898052
v 18.261181 29.030861 -38.135452
v 18.443541 28.763723 -38.353680
v 18.870680 28.677744 -36.478668
v 19.156990 28.523895 -36.694530
v 19.348297 28.251696 -36.898369
v 19.627520 28.156143 -34.996155
v 19.925314 27.994381 -35.189526
v 20.124292 27.716892 -35.378334
v 20.253742 27.615805 -33.460381
v 20.561037 27.445843 -33.630451
v 20.766365 27.162876 -33.803692
v 20.745178 27.060322 -31.881567
v 21.059931 26.881931 -32.027687
v 21.270241 26.593334 -32.184921
v 21.098560 26.493393 -30.270224
v 21.418673 26.306400 -30.391891
v 21.632565 26.012056 -30.532789
v 21.311535 25.918791 -28.637070
v 21.634878 25.723082 -28.733959
v 21.850929 25.422911 -28.858301
v 21.311535 24.761887 -25.348879
v 21.634878 24.548626 -25.395880
v 21.850929 24.236727 -25.486885
v 21.098560 24.187284 -23.715725
v 21.418673 23.965305 -23.737947
v 21.632565 23.647583 -23.812397
v 20.745178 23.620356 -22.104380
v 21.059931 23.389774 -22.102154
v 21.270241 23.066303 -22.160269
v 20.253742 23.064875 -20.525568
v 20.561037 22.825865 -20.499388
v 20.766365 22.496761 -20.541496
v 19.627520 22.524534 -18.989796
v 19.925314 22.277327 -18.940315
v 20.124292 21.942745 -18.966854
v 18.870680 22.002934 -17.507282
v 19.156990 21.747812 -17.435310
v 19.348297 21.407944 -17.446819
v 17.988258 21.503542 -16.087896
v 18.261181 21.240845 -15.994387
v 18.443541 20.895912 -15.991508
v 16.986128 21.029684 -14.741081
v 17.243845 20.759796 -14.627138
v 17.416046 20.410063 -14.610605
v 15.870957 20.584513 -13.475800
v 16.111755 20.307871 -13.342660
v 16.272652 19.953623 -13.313300
v 14.650168 20.170994 -12.300474
v 14.872444 19.888077 -12.149501
v 15.020964 19.529636 -12.108226
v 13.331885 19.791872 -11.222924
v 13.534160 19.503204 -11.055602
v 13.669315 19.140921 -11.003403
v 11.924880 19.449677 -10.250320
v 12.105807 19.155815 -10.068242
v 12.226699 18.790064 -10.006182
v 10.438517 19.146681 -9.389137
v 10.596893 18.848223 -9.193992
v 10.702716 18.479399 -9.123202
v 8.882688 18.884903 -8.645103
v 9.017458 18.582474 -8.438670
v 9.107509 18.210997 -8.360337
v 7.267745 18.666086 -8.023172
v 7.378013 18.360336 -7.807303
v 7.451692 17.986641 -7.722665
v 5.604437 18.491684 -7.527483
v 5.689469 18.183289 -7.304092
v 5.746286 17.807825 -7.214429
v 3.903833 18.362860 -7.161333
v 3.963063 18.052509 -6.932387
v 4.002639 17.675739 -6.839013
v 2.177249 18.280470 -6.927158
v 2.210282 17.968868 -6.694661
v 2.232355 17.591265 -6.598911
v -1.307800 18.256868 -6.860085
v -1.327643 17.944912 -6.626568
v -1.340901 17.567066 -6.530139
v 0.450196 17.554979 -6.495782
v 0.448696 17.932962 -6.592608
v 0.444898 18.245119 -6.826688
v -3.043073 18.315819 -7.027630
v -3.089243 18.004755 -6.796657
v -3.120093 17.627508 -6.701926
v -4.758095 18.421515 -7.328043
v -4.830286 18.112055 -7.101626
v -4.878522 17.735880 -7.009942
v -6.441452 18.573254 -7.759321
v -6.539183 18.266096 -7.539449
v -6.604485 17.891459 -7.452137
v -8.081942 18.770027 -8.318597
v -8.204564 18.465855 -8.107210
v -8.286496 18.093212 -8.025567
v -9.668649 19.010525 -9.002149
v -9.815344 18.710001 -8.801132
v -9.913362 18.339796 -8.726418
v -11.191012 19.293146 -9.805425
v -11.360805 18.996910 -9.616597
v -11.474257 18.629572 -9.550026
v -12.638901 19.616011 -10.723082
v -12.830661 19.324675 -10.548177
v -12.958792 18.960608 -10.490910
v -14.002680 19.976969 -11.749013
v -14.215132 19.691111 -11.589673
v -14.357088 19.330704 -11.542807
v -15.273273 20.373619 -12.876389
v -15.505003 20.093777 -12.734154
v -15.659840 19.737391 -12.698717
v -16.442226 20.803324 -14.097709
v -16.691690 20.530001 -13.974005
v -16.858379 20.177971 -13.950949
v -17.501759 21.263220 -15.404845
v -17.767300 20.996876 -15.300973
v -17.944729 20.649509 -15.291169
v -18.444818 21.750250 -16.789099
v -18.724669 21.491295 -16.706228
v -18.911657 21.148865 -16.710457
v -19.265133 22.261171 -18.241257
v -19.557426 22.009968 -18.180418
v -19.752733 21.672718 -18.199369
v -19.957239 22.792583 -19.751656
v -20.260036 22.549442 -19.713734
v -20.462357 22.217581 -19.747997
v -20.516535 23.340952 -21.310246
v -20.827816 23.106131 -21.295971
v -21.035809 22.779827 -21.346033
v -20.939297 23.902624 -22.906652
v -21.256992 23.676325 -22.916597
v -21.469269 23.355717 -22.982845
v -21.222710 24.473866 -24.530252
v -21.544704 24.256233 -24.564833
v -21.759855 23.941416 -24.647539
v -22.000000 20.695559 -28.627174
v -21.926798 20.100407 -26.935614
v -21.707674 19.509216 -25.255310
v -21.344091 18.925920 -23.597446
v -20.838467 18.354401 -21.973055
v -20.194164 17.798462 -20.392944
v -19.415476 17.261803 -18.867632
v -18.507578 16.747993 -17.407269
v -17.476517 16.260456 -16.021570
v -16.329151 15.802434 -14.719759
v -15.073118 15.376974 -13.510501
v -13.716776 14.986908 -12.401842
v -12.269151 14.634832 -11.401160
v -10.739877 14.323089 -10.515114
v -9.139130 14.053754 -9.749601
v -7.477565 13.828619 -9.109715
v -5.766237 13.649183 -8.599715
v -4.016536 13.516639 -8.222994
v -2.240106 13.431870 -7.982059
v -0.448768 13.395439 -7.878514
v 1.345557 13.407589 -7.913048
v 3.130926 13.468240 -8.085432
v 4.895461 13.576987 -8.394517
v 6.627416 13.733107 -8.838247
v 8.315267 13.935561 -9.413669
v 9.947782 14.183002 -10.116954
v 11.514096 14.473783 -10.943421
v 13.003785 14.805968 -11.887571
v 14.406936 15.177348 -12.943120
v 15.714212 15.585451 -14.103043
v 16.916912 16.027559 -15.359623
v 18.007032 16.500734 -16.704496
v 18.977320 17.001823 -18.128714
v 19.821316 17.527496 -19.622795
v 20.533403 18.074249 -21.176800
v 21.108845 18.638449 -22.780384
v 21.543812 19.216337 -24.422880
v 21.835407 19.804070 -26.093353
v 21.981691 20.397736 -27.780689
v 21.981691 20.993382 -29.473660
v 21.835407 21.587048 -31.160995
v 21.543812 22.174780 -32.831467
v 21.108845 22.752668 -34.473961
v 20.533403 23.316868 -36.077545
v 19.821316 23.863623 -37.631550
v 18.977320 24.389292 -39.125633
v 18.007032 24.890381 -40.549850
v 16.916912 25.363556 -41.894726
v 15.714212 25.805666 -43.151306
v 14.406936 26.213768 -44.311230
v 13.003785 26.585148 -45.366779
v 11.514096 26.917334 -46.310928
v 9.947782 27.208115 -47.137394
v 8.315267 27.455555 -47.840679
v 6.627416 27.658009 -48.416103
v 4.895461 27.814131 -48.859833
v 3.130926 27.922876 -49.168919
v 1.345557 27.983528 -49.341301
v -0.448768 27.995678 -49.375835
v -2.240106 27.959248 -49.272289
v -4.016536 27.874477 -49.031353
v -5.766237 27.741934 -48.654633
v -7.477565 27.562498 -48.144634
v -9.139130 27.337362 -47.504749
v -10.739877 27.068027 -46.739235
v -12.269151 26.756285 -45.853188
v -13.716776 26.404209 -44.852509
v -15.073118 26.014143 -43.743847
v -16.329151 25.588684 -42.534592
v -17.476517 25.130661 -41.232777
v -18.507578 24.643122 -39.847080
v -19.415476 24.129313 -38.386715
v -20.194164 23.592655 -36.861401
v -20.838467 23.036716 -35.281292
v -21.344091 22.465197 -33.656898
v -21.707674 21.881901 -31.999039
v -21.926798 21.290710 -30.318733
vn -0.0001 0.9433 0.3319
vn -0.3823 0.8767 0.2919
vn -0.3823 0.8663 0.3214
vn -0.0000 0.9433 0.3319
vn -0.3823 0.8664 0.3213
vn -0.3798 0.8560 0.3507
vn -0.3747 0.8458 0.3798
vn -0.3671 0.8358 0.4083
vn -0.3671 0.8357 0.4083
vn -0.3571 0.8259 0.4362
vn -0.3448 0.8164 0.4632
vn -0.3447 0.8164 0.4633
vn -0.3301 0.8073 0.4892
vn -0.3132 0.7986 0.5140
vn -0.2942 0.7903 0.5374
vn -0.2733 0.7827 0.5592
vn -0.2733 0.7826 0.5593
vn -0.2506 0.7755 0.5794
vn -0.2262 0.7691 0.5978
vn -0.2003 0.7633 0.6142
vn -0.1730 0.7582 0.6286
vn -0.1730 0.7583 0.6286
vn -0.1446 0.7540 0.6408
vn -0.1446 0.7539 0.6408
vn -0.1153 0.7504 0.6508
vn -0.0851 0.7477 0.6585
vn -0.0852 0.7477 0.6585
vn -0.0544 0.7458 0.6639
vn -0.0545 0.7458 0.6639
vn -0.0234 0.7448 0.6669
vn 0.0080 0.7446 0.6675
vn 0.0390 0.7452 0.6657
vn 0.0389 0.7451 0.6658
vn 0.0080 0.7445 0.6676
vn 0.0720 0.4336 0.8982
vn 0.0390 0.7451 0.6658
vn 0.0699 0.7466 0.6616
vn 0.1291 0.4363 0.8905
vn 0.1003 0.7489 0.6550
vn 0.1853 0.4406 0.8784
vn 0.1301 0.7520 0.6462
vn 0.1301 0.7520 0.6461
vn 0.2403 0.4463 0.8620
vn 0.1590 0.7560 0.6350
vn 0.2403 0.4464 0.8620
vn 0.2937 0.4536 0.8414
vn 0.1868 0.7606 0.6217
vn 0.3452 0.4622 0.8168
vn 0.2134 0.7661 0.6063
vn 0.3943 0.4723 0.7883
vn 0.2386 0.7722 0.5889
vn 0.4408 0.4836 0.7562
vn 0.2622 0.7790 0.5696
vn 0.4409 0.4836 0.7562
vn 0.4845 0.4961 0.7205
vn 0.4844 0.4961 0.7206
vn 0.2841 0.7864 0.5486
vn 0.5248 0.5098 0.6817
vn 0.3040 0.7943 0.5259
vn 0.5617 0.5245 0.6398
vn 0.3220 0.8028 0.5018
vn 0.5948 0.5402 0.5953
vn 0.3378 0.8118 0.4764
vn 0.6240 0.5567 0.5484
vn 0.3513 0.8211 0.4499
vn 0.6490 0.5739 0.4993
vn 0.6491 0.5739 0.4993
vn 0.3625 0.8308 0.4224
vn 0.6697 0.5918 0.4486
vn 0.3713 0.8407 0.3941
vn 0.6698 0.5918 0.4485
vn 0.6860 0.6102 0.3964
vn 0.3776 0.8509 0.3653
vn 0.6860 0.6102 0.3963
vn 0.6977 0.6289 0.3431
vn 0.3814 0.8611 0.3361
vn 0.3814 0.8612 0.3360
vn 0.7047 0.6479 0.2891
vn 0.3814 0.8611 0.3360
vn 0.3827 0.8715 0.3066
vn 0.7071 0.6671 0.2347
vn 0.7071 0.6670 0.2347
vn 0.3814 0.8818 0.2772
vn 0.3814 0.8819 0.2772
vn 0.7047 0.6862 0.1803
vn 0.3815 0.8818 0.2772
vn 0.3776 0.8921 0.2480
vn 0.6977 0.7052 0.1263
vn 0.3713 0.9023 0.2191
vn 0.6860 0.7239 0.0730
vn 0.6860 0.7239 0.0731
vn 0.3625 0.9122 0.1909
vn 0.6697 0.7423 0.0208
vn 0.3625 0.9122 0.1908
vn 0.6698 0.7423 0.0208
vn 0.3513 0.9219 0.1634
vn 0.6490 0.7602 -0.0299
vn 0.3378 0.9312 0.1369
vn 0.3378 0.9312 0.1368
vn 0.6490 0.7602 -0.0300
vn 0.6240 0.7774 -0.0790
vn 0.3220 0.9402 0.1115
vn 0.3220 0.9402 0.1114
vn 0.5948 0.7939 -0.1259
vn 0.3040 0.9486 0.0874
vn 0.3040 0.9487 0.0873
vn 0.5617 0.8096 -0.1705
vn 0.5617 0.8096 -0.1704
vn 0.2841 0.9566 0.0647
vn 0.5248 0.8243 -0.2123
vn 0.2840 0.9566 0.0647
vn 0.2622 0.9640 0.0436
vn 0.2622 0.9640 0.0437
vn 0.4845 0.8380 -0.2511
vn 0.4845 0.8380 -0.2512
vn 0.2386 0.9708 0.0244
vn 0.4844 0.8380 -0.2512
vn 0.4409 0.8505 -0.2868
vn 0.2135 0.9769 0.0070
vn 0.2134 0.9769 0.0070
vn 0.3943 0.8618 -0.3189
vn 0.1868 0.9824 -0.0084
vn 0.1868 0.9824 -0.0085
vn 0.3943 0.8618 -0.3190
vn 0.3452 0.8719 -0.3474
vn 0.1590 0.9870 -0.0218
vn 0.2937 0.8805 -0.3720
vn 0.1301 0.9910 -0.0329
vn 0.2403 0.8878 -0.3926
vn 0.1003 0.9941 -0.0418
vn 0.1853 0.8935 -0.4090
vn 0.0699 0.9964 -0.0483
vn 0.1291 0.8978 -0.4211
vn 0.0390 0.9979 -0.0525
vn 0.0720 0.9005 -0.4289
vn 0.0720 0.9005 -0.4288
vn 0.0080 0.9985 -0.0543
vn 0.0146 0.9017 -0.4322
vn -0.0234 0.9983 -0.0538
vn -0.0234 0.9983 -0.0537
vn -0.0432 0.9013 -0.4311
vn -0.0544 0.9972 -0.0507
vn -0.0545 0.9972 -0.0507
vn -0.0433 0.9013 -0.4310
vn -0.1006 0.8993 -0.4255
vn -0.0851 0.9953 -0.0453
vn -0.0852 0.9953 -0.0453
vn -0.1573 0.8958 -0.4156
vn -0.0852 0.9953 -0.0454
vn -0.1573 0.8959 -0.4156
vn -0.1153 0.9926 -0.0377
vn -0.1153 0.9926 -0.0376
vn -0.2130 0.8908 -0.4013
vn -0.1446 0.9891 -0.0276
vn -0.1447 0.9891 -0.0276
vn -0.2673 0.8843 -0.3828
vn -0.2672 0.8843 -0.3828
vn -0.1730 0.9848 -0.0154
vn -0.1731 0.9848 -0.0154
vn -0.3197 0.8764 -0.3602
vn -0.2003 0.9797 -0.0010
vn -0.3700 0.8670 -0.3337
vn -0.2262 0.9740 0.0154
vn -0.3701 0.8670 -0.3337
vn -0.4179 0.8563 -0.3033
vn -0.4180 0.8563 -0.3033
vn -0.2506 0.9675 0.0338
vn -0.4630 0.8444 -0.2694
vn -0.2733 0.9604 0.0540
vn -0.2734 0.9604 0.0540
vn -0.4631 0.8444 -0.2694
vn -0.5050 0.8313 -0.2321
vn -0.2943 0.9527 0.0758
vn -0.5051 0.8313 -0.2321
vn -0.5437 0.8171 -0.1917
vn -0.3132 0.9445 0.0992
vn -0.3133 0.9445 0.0992
vn -0.5787 0.8019 -0.1485
vn -0.3301 0.9358 0.1240
vn -0.5788 0.8019 -0.1485
vn -0.6099 0.7858 -0.1027
vn -0.3448 0.9266 0.1500
vn -0.6371 0.7689 -0.0547
vn -0.3572 0.9171 0.1770
vn -0.6599 0.7513 -0.0048
vn -0.3672 0.9073 0.2049
vn -0.6784 0.7332 0.0468
vn -0.3748 0.8972 0.2335
vn -0.6924 0.7146 0.0995
vn -0.3798 0.8870 0.2625
vn -0.3799 0.8870 0.2626
vn -0.6924 0.7146 0.0996
vn -0.7018 0.6957 0.1533
vn -0.7018 0.6957 0.1532
vn -0.3824 0.8767 0.2919
vn -0.7065 0.6766 0.2075
vn -0.3824 0.8663 0.3213
vn -0.7065 0.6575 0.2619
vn -0.3824 0.8663 0.3214
vn -0.3799 0.8560 0.3507
vn -0.7018 0.6384 0.3161
vn -0.3748 0.8458 0.3797
vn -0.3748 0.8458 0.3798
vn -0.6924 0.6195 0.3698
vn -0.3672 0.8357 0.4083
vn -0.6784 0.6009 0.4226
vn -0.3572 0.8259 0.4362
vn -0.6599 0.5828 0.4741
vn -0.6600 0.5828 0.4741
vn -0.3448 0.8164 0.4633
vn -0.6599 0.5828 0.4742
vn -0.6371 0.5652 0.5241
vn -0.3301 0.8072 0.4892
vn -0.3301 0.8072 0.4893
vn -0.6099 0.5483 0.5721
vn -0.3133 0.7985 0.5140
vn -0.5787 0.5322 0.6179
vn -0.5788 0.5322 0.6179
vn -0.2943 0.7903 0.5374
vn -0.5437 0.5170 0.6611
vn -0.2734 0.7826 0.5593
vn -0.5051 0.5028 0.7015
vn -0.2506 0.7755 0.5795
vn -0.5050 0.5028 0.7015
vn -0.4630 0.4897 0.7388
vn -0.4631 0.4897 0.7388
vn -0.2262 0.7690 0.5978
vn -0.4180 0.4778 0.7727
vn -0.2003 0.7633 0.6143
vn -0.4179 0.4778 0.7727
vn -0.3701 0.4671 0.8030
vn -0.1731 0.7582 0.6286
vn -0.3701 0.4671 0.8031
vn -0.3197 0.4577 0.8296
vn -0.1447 0.7539 0.6409
vn -0.1446 0.7539 0.6409
vn -0.2673 0.4498 0.8522
vn -0.1153 0.7504 0.6509
vn -0.2672 0.4498 0.8522
vn -0.2130 0.4433 0.8707
vn -0.0852 0.7477 0.6586
vn -0.1573 0.4383 0.8850
vn -0.1574 0.4383 0.8850
vn -0.0545 0.7458 0.6640
vn -0.1006 0.4348 0.8949
vn -0.0234 0.7447 0.6670
vn -0.0432 0.4328 0.9004
vn 0.0146 0.4324 0.9015
vn 0.0146 0.4324 0.9016
vn -0.0433 0.4327 0.9005
vn 0.0189 0.0545 0.9983
vn 0.0190 0.0544 0.9983
vn 0.0941 0.0560 0.9940
vn 0.0941 0.0559 0.9940
vn 0.0611 -0.3312 0.9416
vn 0.0612 -0.3312 0.9416
vn 0.1423 -0.3285 0.9337
vn -0.3798 0.8870 0.2626
vn -0.3747 0.8973 0.2335
vn -0.3747 0.8972 0.2335
vn -0.3672 0.9073 0.2050
vn -0.3671 0.9073 0.2049
vn -0.3671 0.9073 0.2050
vn -0.3571 0.9171 0.1771
vn -0.3571 0.9171 0.1770
vn -0.3447 0.9266 0.1500
vn -0.3301 0.9358 0.1241
vn -0.3132 0.9445 0.0993
vn -0.0000 0.9433 0.3318
vn -0.2943 0.9527 0.0759
vn -0.2942 0.9527 0.0759
vn -0.2506 0.9675 0.0339
vn -0.2262 0.9740 0.0155
vn -0.2003 0.9797 -0.0009
vn -0.1730 0.9848 -0.0153
vn -0.1446 0.9891 -0.0275
vn -0.1153 0.9926 -0.0375
vn -0.0234 0.9983 -0.0536
vn 0.0390 0.9979 -0.0524
vn 0.0389 0.9979 -0.0524
vn 0.0698 0.9964 -0.0483
vn 0.0699 0.9964 -0.0482
vn 0.1003 0.9941 -0.0417
vn 0.1301 0.9910 -0.0328
vn 0.1589 0.9870 -0.0217
vn 0.1590 0.9870 -0.0217
vn 0.2840 0.9566 0.0648
vn 0.3040 0.9487 0.0874
vn 0.0001 0.9433 0.3319
vn 0.3219 0.9402 0.1115
vn 0.3377 0.9313 0.1369
vn 0.3377 0.9312 0.1369
vn 0.3512 0.9219 0.1634
vn 0.3624 0.9123 0.1909
vn 0.3624 0.9122 0.1909
vn 0.3712 0.9023 0.2192
vn 0.3713 0.9023 0.2192
vn 0.3776 0.8922 0.2480
vn 0.3775 0.8922 0.2480
vn 0.3826 0.8715 0.3066
vn 0.3814 0.8612 0.3361
vn 0.3775 0.8509 0.3653
vn 0.3712 0.8408 0.3941
vn 0.3712 0.8407 0.3941
vn 0.3625 0.8308 0.4223
vn 0.3624 0.8308 0.4224
vn 0.3512 0.8211 0.4499
vn 0.3512 0.8211 0.4498
vn 0.3377 0.8118 0.4764
vn 0.3219 0.8029 0.5018
vn 0.3040 0.7944 0.5259
vn 0.2840 0.7864 0.5485
vn 0.2622 0.7790 0.5695
vn 0.2386 0.7723 0.5888
vn 0.2386 0.7722 0.5888
vn 0.2134 0.7661 0.6062
vn 0.1868 0.7607 0.6217
vn 0.1589 0.7560 0.6350
vn 0.1301 0.7521 0.6461
vn 0.1003 0.7490 0.6550
vn 0.0699 0.7467 0.6615
vn 0.0698 0.7467 0.6615
vn -0.9967 -0.0270 0.0769
vn -0.9231 0.3484 0.1626
vn -1.0000 -0.0000 -0.0000
vn -1.0000 0.0001 -0.0000
vn -0.9231 0.3485 0.1626
vn -0.9231 0.3735 0.0915
vn -0.9231 0.3735 0.0914
vn -0.9967 0.0271 -0.0769
vn -0.9170 0.3984 0.0206
vn -0.9867 0.0540 -0.1532
vn -0.9867 0.0540 -0.1533
vn -0.9047 0.4231 -0.0495
vn -0.9702 0.0805 -0.2286
vn -0.9047 0.4231 -0.0496
vn -0.8865 0.4473 -0.1185
vn -0.9472 0.1064 -0.3024
vn -0.9472 0.1065 -0.3025
vn -0.8865 0.4474 -0.1185
vn -0.8623 0.4710 -0.1859
vn -0.9472 0.1064 -0.3025
vn -0.9179 0.1317 -0.3743
vn -0.8623 0.4711 -0.1859
vn -0.8324 0.4940 -0.2511
vn -0.8825 0.1561 -0.4436
vn -0.7970 0.5161 -0.3139
vn -0.8413 0.1795 -0.5100
vn -0.8412 0.1795 -0.5100
vn -0.7969 0.5161 -0.3139
vn -0.7562 0.5371 -0.3737
vn -0.7944 0.2016 -0.5730
vn -0.7944 0.2017 -0.5730
vn -0.7104 0.5570 -0.4302
vn -0.7422 0.2224 -0.6321
vn -0.7422 0.2224 -0.6322
vn -0.6599 0.5756 -0.4829
vn -0.6599 0.5755 -0.4829
vn -0.6851 0.2418 -0.6871
vn -0.6050 0.5927 -0.5316
vn -0.6050 0.5927 -0.5317
vn -0.6235 0.2595 -0.7375
vn -0.5461 0.6083 -0.5760
vn -0.5577 0.2755 -0.7830
vn -0.5577 0.2756 -0.7830
vn -0.4835 0.6223 -0.6156
vn -0.4836 0.6222 -0.6156
vn -0.4882 0.2897 -0.8233
vn -0.4178 0.6345 -0.6503
vn -0.4178 0.6344 -0.6504
vn -0.4154 0.3019 -0.8581
vn -0.4154 0.3020 -0.8581
vn -0.3492 0.6449 -0.6799
vn -0.3492 0.6448 -0.6799
vn -0.3399 0.3122 -0.8871
vn -0.2783 0.6534 -0.7040
vn -0.3399 0.3122 -0.8872
vn -0.2783 0.6533 -0.7040
vn -0.2621 0.3203 -0.9103
vn -0.2056 0.6599 -0.7227
vn -0.1826 0.3263 -0.9275
vn -0.1315 0.6645 -0.7356
vn -0.1315 0.6645 -0.7357
vn -0.1018 0.3302 -0.9384
vn -0.0565 0.6670 -0.7429
vn -0.0204 0.3318 -0.9431
vn 0.0190 0.6675 -0.7443
vn 0.0190 0.6675 -0.7444
vn 0.0612 0.3313 -0.9415
vn 0.0941 0.6660 -0.7400
vn 0.0940 0.6660 -0.7400
vn 0.1423 0.3285 -0.9337
vn 0.1423 0.3286 -0.9337
vn 0.1687 0.6624 -0.7299
vn 0.2225 0.3236 -0.9197
vn 0.2225 0.3236 -0.9196
vn 0.2421 0.6569 -0.7140
vn 0.2421 0.6569 -0.7141
vn 0.3012 0.3165 -0.8995
vn 0.3013 0.3165 -0.8995
vn 0.2422 0.6569 -0.7140
vn 0.3140 0.6494 -0.6926
vn 0.3140 0.6493 -0.6927
vn 0.3780 0.3073 -0.8733
vn 0.3140 0.6493 -0.6926
vn 0.3838 0.6399 -0.6658
vn 0.4522 0.2961 -0.8414
vn 0.4522 0.2961 -0.8413
vn 0.4510 0.6286 -0.6336
vn 0.4522 0.2960 -0.8414
vn 0.5234 0.2828 -0.8038
vn 0.5234 0.2829 -0.8038
vn 0.5152 0.6155 -0.5964
vn 0.5911 0.2677 -0.7609
vn 0.5911 0.2678 -0.7609
vn 0.5760 0.6007 -0.5544
vn 0.6548 0.2509 -0.7129
vn 0.6549 0.2509 -0.7129
vn 0.6330 0.5843 -0.5078
vn 0.7143 0.2323 -0.6602
vn 0.6857 0.5664 -0.4571
vn 0.7690 0.2122 -0.6031
vn 0.7690 0.2122 -0.6030
vn 0.6857 0.5665 -0.4570
vn 0.7339 0.5472 -0.4024
vn 0.8185 0.1907 -0.5419
vn 0.7772 0.5267 -0.3442
vn 0.8626 0.1679 -0.4772
vn 0.8153 0.5052 -0.2829
vn 0.9010 0.1440 -0.4093
vn 0.8153 0.5052 -0.2828
vn 0.8480 0.4826 -0.2188
vn 0.8481 0.4826 -0.2188
vn 0.9333 0.1192 -0.3387
vn 0.9333 0.1192 -0.3386
vn 0.8751 0.4593 -0.1524
vn 0.8751 0.4593 -0.1525
vn 0.9595 0.0935 -0.2658
vn 0.9595 0.0936 -0.2657
vn 0.8963 0.4353 -0.0842
vn 0.9595 0.0935 -0.2657
vn 0.8963 0.4353 -0.0843
vn 0.9793 0.0673 -0.1911
vn 0.9116 0.4108 -0.0146
vn 0.9925 0.0405 -0.1152
vn 0.9925 0.0406 -0.1151
vn 0.9208 0.3859 0.0559
vn 0.9992 0.0136 -0.0385
vn 0.9208 0.3860 0.0560
vn 0.9239 0.3610 0.1270
vn 0.9992 -0.0135 0.0385
vn 0.9208 0.3360 0.1980
vn 0.9925 -0.0405 0.1152
vn 0.9116 0.3112 0.2686
vn 0.9116 0.3111 0.2686
vn 0.9793 -0.0672 0.1911
vn 0.8963 0.2867 0.3382
vn 0.8964 0.2866 0.3382
vn 0.9595 -0.0935 0.2658
vn 0.8751 0.2627 0.4064
vn 0.8751 0.2626 0.4064
vn 0.9333 -0.1191 0.3387
vn 0.8481 0.2393 0.4728
vn 0.9010 -0.1440 0.4093
vn 0.9010 -0.1439 0.4093
vn 0.8154 0.2167 0.5368
vn 0.8154 0.2167 0.5369
vn 0.8626 -0.1679 0.4772
vn 0.8154 0.2168 0.5369
vn 0.7772 0.1952 0.5982
vn 0.8185 -0.1906 0.5419
vn 0.8185 -0.1906 0.5420
vn 0.7339 0.1747 0.6564
vn 0.8185 -0.1907 0.5420
vn 0.7690 -0.2122 0.6031
vn 0.7689 -0.2121 0.6031
vn 0.6857 0.1555 0.7110
vn 0.7689 -0.2122 0.6031
vn 0.7143 -0.2322 0.6602
vn 0.6330 0.1376 0.7618
vn 0.7143 -0.2323 0.6602
vn 0.6549 -0.2508 0.7129
vn 0.6548 -0.2508 0.7129
vn 0.5760 0.1212 0.8084
vn 0.5761 0.1212 0.8084
vn 0.5911 -0.2677 0.7609
vn 0.5152 0.1065 0.8504
vn 0.5153 0.1064 0.8504
vn 0.5234 -0.2828 0.8038
vn 0.5233 -0.2828 0.8038
vn 0.4510 0.0934 0.8876
vn 0.4510 0.0933 0.8876
vn 0.4522 -0.2960 0.8414
vn 0.3838 0.0821 0.9198
vn 0.3838 0.0820 0.9198
vn 0.3780 -0.3072 0.8733
vn 0.3779 -0.3072 0.8734
vn 0.3140 0.0726 0.9466
vn 0.3780 -0.3073 0.8734
vn 0.3013 -0.3165 0.8995
vn 0.3012 -0.3164 0.8995
vn 0.2422 0.0651 0.9681
vn 0.3012 -0.3165 0.8995
vn 0.2422 0.0650 0.9681
vn 0.2225 -0.3235 0.9197
vn 0.2421 0.0651 0.9681
vn 0.1687 0.0595 0.9839
vn -0.9170 0.3235 0.2334
vn -0.9867 -0.0539 0.1533
vn -0.9047 0.2989 0.3036
vn -0.9047 0.2988 0.3036
vn -0.9702 -0.0804 0.2286
vn -0.8865 0.2746 0.3725
vn -0.8865 0.2745 0.3725
vn -0.9472 -0.1064 0.3025
vn -0.9472 -0.1064 0.3024
vn -0.8623 0.2509 0.4399
vn -0.9179 -0.1317 0.3743
vn -0.8324 0.2279 0.5051
vn -0.8825 -0.1560 0.4436
vn -0.7969 0.2059 0.5679
vn -0.7969 0.2058 0.5679
vn -0.8825 -0.1561 0.4436
vn -0.8413 -0.1794 0.5100
vn -0.8412 -0.1794 0.5100
vn -0.7562 0.1848 0.6277
vn -0.7944 -0.2016 0.5730
vn -0.7944 -0.2015 0.5730
vn -0.7104 0.1649 0.6842
vn -0.7422 -0.2224 0.6322
vn -0.6599 0.1464 0.7369
vn -0.6599 0.1463 0.7370
vn -0.6852 -0.2417 0.6871
vn -0.6050 0.1292 0.7857
vn -0.6851 -0.2417 0.6871
vn -0.6235 -0.2595 0.7375
vn -0.6235 -0.2594 0.7375
vn -0.5461 0.1136 0.8300
vn -0.5577 -0.2755 0.7830
vn -0.5577 -0.2754 0.7830
vn -0.4835 0.0997 0.8696
vn -0.4882 -0.2896 0.8233
vn -0.4178 0.0875 0.9043
vn -0.4177 0.0874 0.9043
vn -0.4154 -0.3019 0.8581
vn -0.4154 -0.3018 0.8581
vn -0.3492 0.0771 0.9339
vn -0.3399 -0.3121 0.8872
vn -0.2783 0.0686 0.9580
vn -0.2621 -0.3203 0.9103
vn -0.2621 -0.3202 0.9104
vn -0.2056 0.0620 0.9767
vn -0.1826 -0.3263 0.9275
vn -0.1315 0.0575 0.9897
vn -0.1315 0.0574 0.9897
vn -0.1018 -0.3301 0.9384
vn -0.0565 0.0549 0.9969
vn -0.0204 -0.3318 0.9431
vn 0.7048 0.6861 0.1803
vn 0.6977 0.7051 0.1263
vn 0.6861 0.7239 0.0730
vn 0.9116 0.4109 -0.0146
vn 0.6698 0.7422 0.0208
vn 0.8963 0.4354 -0.0842
vn 0.6491 0.7601 -0.0300
vn 0.8480 0.4827 -0.2187
vn 0.8480 0.4827 -0.2188
vn 0.6241 0.7774 -0.0790
vn 0.5949 0.7939 -0.1260
vn 0.7772 0.5268 -0.3441
vn 0.7339 0.5473 -0.4023
vn 0.5249 0.8243 -0.2123
vn 0.5249 0.8243 -0.2124
vn 0.6330 0.5844 -0.5078
vn 0.5760 0.6008 -0.5543
vn 0.4409 0.8505 -0.2869
vn 0.3944 0.8618 -0.3190
vn 0.5153 0.6155 -0.5964
vn 0.3452 0.8718 -0.3475
vn 0.2938 0.8805 -0.3721
vn 0.3838 0.6399 -0.6657
vn 0.2937 0.8805 -0.3721
vn 0.2403 0.8877 -0.3927
vn 0.1853 0.8935 -0.4091
vn 0.1291 0.8977 -0.4212
vn 0.1291 0.8978 -0.4212
vn 0.1687 0.6625 -0.7298
vn 0.1686 0.6625 -0.7298
vn 0.0941 0.6661 -0.7399
vn 0.0146 0.9016 -0.4322
vn 0.0146 0.9016 -0.4323
vn 0.0190 0.6676 -0.7443
vn -0.0432 0.9012 -0.4311
vn -0.0565 0.6671 -0.7428
vn -0.0433 0.9013 -0.4311
vn -0.1006 0.8993 -0.4256
vn -0.1574 0.8958 -0.4157
vn -0.1574 0.8958 -0.4156
vn -0.2056 0.6600 -0.7226
vn -0.2130 0.8908 -0.4014
vn -0.2673 0.8843 -0.3829
vn -0.3492 0.6449 -0.6798
vn -0.3197 0.8763 -0.3603
vn -0.4177 0.6345 -0.6503
vn -0.4180 0.8563 -0.3034
vn -0.5461 0.6084 -0.5759
vn -0.5461 0.6083 -0.5759
vn -0.4631 0.8444 -0.2695
vn -0.6050 0.5928 -0.5316
vn -0.5051 0.8313 -0.2322
vn -0.5051 0.8312 -0.2322
vn -0.5437 0.8170 -0.1918
vn -0.5438 0.8170 -0.1918
vn -0.7104 0.5571 -0.4301
vn -0.5788 0.8018 -0.1485
vn -0.5788 0.8018 -0.1486
vn -0.7104 0.5570 -0.4301
vn -0.7562 0.5372 -0.3737
vn -0.6100 0.7857 -0.1028
vn -0.6371 0.7688 -0.0548
vn -0.6371 0.7688 -0.0547
vn -0.8324 0.4941 -0.2511
vn -0.6600 0.7513 -0.0048
vn -0.6600 0.7512 -0.0048
vn -0.6785 0.7331 0.0467
vn -0.8864 0.4474 -0.1185
vn -0.6785 0.7331 0.0468
vn -0.6925 0.7145 0.0995
vn -0.7018 0.6956 0.1532
vn -0.9170 0.3985 0.0206
vn -0.7019 0.6956 0.1532
vn -0.9169 0.3985 0.0206
vn -0.7066 0.6766 0.2075
vn -0.7065 0.6574 0.2619
vn -0.7018 0.6383 0.3161
vn -0.9170 0.3236 0.2334
vn -0.6925 0.6195 0.3698
vn -0.9169 0.3236 0.2335
vn -0.6785 0.6009 0.4226
vn -0.8864 0.2747 0.3725
vn -0.8864 0.2746 0.3725
vn -0.6600 0.5827 0.4742
vn -0.8623 0.2510 0.4399
vn -0.8324 0.2280 0.5051
vn -0.6100 0.5483 0.5721
vn -0.7562 0.1849 0.6277
vn -0.5438 0.5170 0.6611
vn -0.7104 0.1650 0.6842
vn -0.5051 0.5027 0.7015
vn -0.4631 0.4896 0.7388
vn -0.6050 0.1293 0.7856
vn -0.4180 0.4777 0.7727
vn -0.6050 0.1293 0.7857
vn -0.5461 0.1137 0.8300
vn -0.3701 0.4670 0.8031
vn -0.4835 0.0998 0.8696
vn -0.4177 0.0875 0.9043
vn -0.2673 0.4497 0.8522
vn -0.3492 0.0772 0.9339
vn -0.2130 0.4432 0.8707
vn -0.2783 0.0687 0.9580
vn -0.1574 0.4382 0.8850
vn -0.1573 0.4382 0.8850
vn -0.2056 0.0621 0.9767
vn -0.1006 0.4347 0.8949
vn -0.1315 0.0575 0.9896
vn -0.0432 0.4327 0.9005
vn -0.0565 0.0550 0.9969
vn 0.0190 0.0545 0.9983
vn 0.9208 0.3360 0.1981
vn 0.7048 0.6479 0.2890
vn 0.6977 0.6289 0.3430
vn 0.8963 0.2867 0.3383
vn 0.6861 0.6101 0.3963
vn 0.8751 0.2627 0.4065
vn 0.6698 0.5918 0.4486
vn 0.8480 0.2394 0.4728
vn 0.6698 0.5917 0.4486
vn 0.8153 0.2168 0.5369
vn 0.6241 0.5566 0.5484
vn 0.7772 0.1953 0.5982
vn 0.5949 0.5401 0.5953
vn 0.7339 0.1748 0.6564
vn 0.5618 0.5245 0.6398
vn 0.6857 0.1555 0.7111
vn 0.5617 0.5244 0.6399
vn 0.5249 0.5097 0.6817
vn 0.6330 0.1377 0.7618
vn 0.4845 0.4960 0.7206
vn 0.5760 0.1213 0.8084
vn 0.4409 0.4835 0.7562
vn 0.3944 0.4722 0.7884
vn 0.2938 0.4535 0.8414
vn 0.3140 0.0727 0.9466
vn 0.2404 0.4463 0.8620
vn 0.1854 0.4405 0.8784
vn 0.1853 0.4405 0.8784
vn 0.1687 0.0596 0.9839
vn 0.1686 0.0595 0.9839
vn 0.0720 0.4335 0.8983
vn 0.0146 0.4323 0.9016
vn 0.0079 0.7445 0.6676
vn -0.9967 0.0270 -0.0769
vn -0.9867 0.0539 -0.1533
vn -0.9702 0.0804 -0.2286
vn -0.8413 0.1794 -0.5100
vn -0.6851 0.2417 -0.6871
vn -0.3399 0.3121 -0.8872
vn 0.0612 0.3313 -0.9416
vn 0.6549 0.2508 -0.7129
vn 0.7689 0.2122 -0.6031
vn 0.9333 0.1191 -0.3386
vn 0.9793 0.0672 -0.1911
vn 0.9992 0.0135 -0.0385
vn 0.9333 -0.1191 0.3386
vn 0.9333 -0.1192 0.3386
vn 0.9333 -0.1192 0.3387
vn 0.8185 -0.1907 0.5419
vn 0.3780 -0.3073 0.8733
vn 0.2225 -0.3236 0.9197
vn 0.0612 -0.3313 0.9416
vn -0.1018 -0.3302 0.9384
vn -0.4882 -0.2897 0.8233
vn -0.6851 -0.2418 0.6871
vn -0.9967 -0.0271 0.0769
vn -0.0000 -0.9433 -0.3319
vt 0.157080 0.181853
vt 0.117810 0.088565
vt 0.157080 0.000000
vt 0.117810 -0.088565
vt 0.157080 -0.181853
vt 0.117810 -0.265694
vt 0.157080 -0.363706
vt 0.117810 -0.442824
vt 0.157080 -0.545559
vt 0.117810 -0.619954
vt 0.157080 -0.727412
vt 0.117810 -0.797083
vt 0.157080 -0.909265
vt 0.117810 -0.974213
vt 0.157080 -1.091118
vt 0.117810 -1.151342
vt 0.157080 -1.272971
vt 0.117810 -1.328472
vt 0.157080 -1.454824
vt 0.117810 -1.505601
vt 0.157080 -1.636677
vt 0.117810 -1.682731
vt 0.157080 -1.818530
vt 0.117810 -1.859861
vt 0.157080 -2.000383
vt 0.117810 -2.036990
vt 0.157080 -2.182236
vt 0.117810 -2.214120
vt 0.157080 -2.364089
vt 0.117810 -2.391249
vt 0.157080 -2.545942
vt 0.117810 -2.568379
vt 0.157080 -2.727795
vt 0.117810 -2.745508
vt 0.157080 -2.909649
vt 0.117810 -2.922638
vt 0.157080 -3.091502
vt 0.117810 -3.099768
vt 0.157080 -3.273355
vt 0.117810 -3.276897
vt 0.157080 -3.455208
vt 0.117810 -3.454912
vt 0.117810 -3.631156
vt 0.078540 -3.631156
vt 0.117810 -3.808286
vt 0.078540 -3.808286
vt 0.117810 -3.985415
vt 0.078540 -3.985415
vt 0.117810 -4.162545
vt 0.078540 -4.162545
vt 0.117810 -4.339675
vt 0.078540 -4.339675
vt 0.117810 -4.516804
vt 0.078540 -4.516804
vt 0.117810 -4.693934
vt 0.078540 -4.693934
vt 0.117810 -4.871063
vt 0.078540 -4.871063
vt 0.117810 -5.048193
vt 0.078540 -5.048193
vt 0.117810 -5.225323
vt 0.078540 -5.225323
vt 0.117810 -5.402452
vt 0.078540 -5.402452
vt 0.117810 -5.579582
vt 0.078540 -5.579582
vt 0.117810 -5.756711
vt 0.078540 -5.756711
vt 0.117810 -5.933841
vt 0.078540 -5.933841
vt 0.117810 -6.110970
vt 0.078540 -6.110970
vt 0.117810 -6.288100
vt 0.078540 -6.288100
vt 0.117810 -6.465230
vt 0.078540 -6.465230
vt 0.117810 -6.642359
vt 0.078540 -6.642359
vt 0.117810 -6.819489
vt 0.078540 -6.819489
vt 0.117810 6.819489
vt 0.078540 6.819489
vt 0.117810 6.642359
vt 0.078540 6.642359
vt 0.117810 6.465230
vt 0.078540 6.465230
vt 0.117810 6.288100
vt 0.078540 6.288100
vt 0.117810 6.110970
vt 0.078540 6.110970
vt 0.117810 5.933841
vt 0.078540 5.933841
vt 0.117810 5.756711
vt 0.078540 5.756711
vt 0.117810 5.579582
vt 0.078540 5.579582
vt 0.117810 5.402452
vt 0.078540 5.402452
vt 0.117810 5.225323
vt 0.078540 5.225323
vt 0.117810 5.048193
vt 0.078540 5.048193
vt 0.117810 4.871063
vt 0.078540 4.871063
vt 0.117810 4.693934
vt 0.078540 4.693934
vt 0.117810 4.516804
vt 0.078540 4.516804
vt 0.117810 4.339675
vt 0.078540 4.339675
vt 0.117810 4.162545
vt 0.078540 4.162545
vt 0.117810 3.985415
vt 0.078540 3.985415
vt 0.117810 3.808286
vt 0.078540 3.808286
vt 0.117810 3.631156
vt 0.078540 3.631156
vt 0.117810 3.454912
vt 0.078540 3.454617
vt 0.117810 3.276897
vt 0.078540 3.276897
vt 0.117810 3.099768
vt 0.078540 3.099768
vt 0.117810 2.922638
vt 0.078540 2.922638
vt 0.117810 2.745508
vt 0.078540 2.745508
vt 0.117810 2.568379
vt 0.078540 2.568379
vt 0.117810 2.391249
vt 0.078540 2.391249
vt 0.117810 2.214120
vt 0.078540 2.214120
vt 0.117810 2.036990
vt 0.078540 2.036990
vt 0.117810 1.859861
vt 0.078540 1.859861
vt 0.117810 1.682731
vt 0.078540 1.682731
vt 0.117810 1.505601
vt 0.078540 1.505601
vt 0.117810 1.328472
vt 0.078540 1.328472
vt 0.117810 1.151342
vt 0.078540 1.151342
vt 0.117810 0.974213
vt 0.078540 0.974213
vt 0.117810 0.797083
vt 0.078540 0.797083
vt 0.117810 0.619954
vt 0.078540 0.619954
vt 0.117810 0.442824
vt 0.078540 0.442824
vt 0.117810 0.265694
vt 0.078540 0.265694
vt 0.078540 0.088565
vt 0.078540 -0.088565
vt 0.078540 -0.265694
vt 0.078540 -0.442824
vt 0.078540 -0.619954
vt 0.078540 -0.797083
vt 0.078540 -0.974213
vt 0.078540 -1.151342
vt 0.078540 -1.328472
vt 0.078540 -1.505601
vt 0.078540 -1.682731
vt 0.078540 -1.859861
vt 0.078540 -2.036990
vt 0.078540 -2.214120
vt 0.078540 -2.391249
vt 0.078540 -2.568379
vt 0.078540 -2.745508
vt 0.078540 -2.922638
vt 0.078540 -3.099768
vt 0.078540 -3.276897
vt 0.078540 -3.454617
vt 0.039270 -3.454322
vt 0.039270 -3.631156
vt -0.000000 -3.542592
vt -0.000000 -3.719721
vt 0.157080 0.363706
vt 0.157080 0.545559
vt 0.157080 0.727412
vt 0.157080 0.909265
vt 0.157080 1.091118
vt 0.157080 1.272971
vt 0.157080 1.454824
vt 0.157080 1.636677
vt 0.157080 1.818530
vt 0.157080 2.000383
vt 0.157080 2.182236
vt 0.157080 2.364089
vt 0.157080 2.545942
vt 0.157080 2.727795
vt 0.157080 2.909649
vt 0.157080 3.091502
vt 0.157080 3.273355
vt 0.157080 3.455208
vt 0.157080 3.637061
vt 0.157080 3.818914
vt 0.157080 4.000767
vt 0.157080 4.182620
vt 0.157080 4.364473
vt 0.157080 4.546326
vt 0.157080 4.728179
vt 0.157080 4.910032
vt 0.157080 5.091885
vt 0.157080 5.273738
vt 0.157080 5.455591
vt 0.157080 5.637444
vt 0.157080 5.819297
vt 0.157080 6.001150
vt 0.157080 6.183003
vt 0.157080 6.364856
vt 0.157080 6.546709
vt 0.157080 6.728562
vt 0.157080 -6.910415
vt 0.157080 -6.728562
vt 0.157080 -6.546709
vt 0.157080 -6.364856
vt 0.157080 -6.183003
vt 0.157080 -6.001150
vt 0.157080 -5.819297
vt 0.157080 -5.637444
vt 0.157080 -5.455591
vt 0.157080 -5.273738
vt 0.157080 -5.091885
vt 0.157080 -4.910032
vt 0.157080 -4.728179
vt 0.157080 -4.546326
vt 0.157080 -4.364473
vt 0.157080 -4.182620
vt 0.157080 -4.000767
vt 0.157080 -3.818914
vt 0.157080 -3.637061
vt 0.000000 -0.177130
vt 0.039270 -0.088565
vt 0.000000 -0.000000
vt 0.039270 0.088565
vt -0.000000 0.177130
vt 0.039270 0.265694
vt -0.000000 0.354259
vt 0.039270 0.442824
vt 0.000000 0.531389
vt 0.039270 0.619954
vt 0.000000 0.708518
vt 0.039270 0.797083
vt 0.000000 0.885648
vt 0.039270 0.974213
vt 0.000000 1.062777
vt 0.039270 1.151342
vt -0.000000 1.239907
vt 0.039270 1.328472
vt -0.000000 1.417037
vt 0.039270 1.505601
vt 0.000000 1.594166
vt 0.039270 1.682731
vt -0.000000 1.771296
vt 0.039270 1.859861
vt -0.000000 1.948425
vt 0.039270 2.036990
vt 0.000000 2.125555
vt 0.039270 2.214120
vt -0.000000 2.302685
vt 0.039270 2.391249
vt 0.000000 2.479814
vt 0.039270 2.568379
vt -0.000000 2.656944
vt 0.039270 2.745508
vt 0.000000 2.834073
vt 0.039270 2.922638
vt -0.000000 3.011203
vt 0.039270 3.099768
vt 0.000000 3.188332
vt 0.039270 3.276897
vt -0.000000 3.365462
vt 0.039270 3.454322
vt 0.000000 3.542592
vt 0.039270 3.631156
vt 0.000000 3.719721
vt 0.039270 3.808286
vt 0.000000 3.896851
vt 0.039270 3.985415
vt 0.000000 4.073980
vt 0.039270 4.162545
vt 0.000000 4.251110
vt 0.039270 4.339675
vt -0.000000 4.428239
vt 0.039270 4.516804
vt 0.000000 4.605369
vt 0.039270 4.693934
vt 0.000000 4.782499
vt 0.039270 4.871063
vt -0.000000 4.959628
vt 0.039270 5.048193
vt 0.000000 5.136758
vt 0.039270 5.225323
vt 0.000000 5.313887
vt 0.039270 5.402452
vt 0.000000 5.491017
vt 0.039270 5.579582
vt 0.000000 5.668146
vt 0.039270 5.756711
vt 0.000000 5.845276
vt 0.039270 5.933841
vt -0.000000 6.022406
vt 0.039270 6.110970
vt -0.000000 6.199535
vt 0.039270 6.288100
vt -0.000000 6.376665
vt 0.039270 6.465230
vt -0.000000 6.553794
vt 0.039270 6.642359
vt -0.000000 6.730924
vt 0.039270 6.819489
vt 0.000000 6.908054
vt 0.000000 -6.730924
vt 0.039270 -6.819489
vt 0.039270 -6.642359
vt 0.000000 -6.553794
vt 0.039270 -6.465230
vt 0.000000 -6.376665
vt 0.039270 -6.288100
vt 0.000000 -6.199535
vt 0.039270 -6.110970
vt 0.000000 -6.022406
vt 0.039270 -5.933841
vt -0.000000 -5.845276
vt 0.039270 -5.756711
vt -0.000000 -5.668146
vt 0.039270 -5.579582
vt -0.000000 -5.491017
vt 0.039270 -5.402452
vt -0.000000 -5.313887
vt 0.039270 -5.225323
vt -0.000000 -5.136758
vt 0.039270 -5.048193
vt -0.000000 -4.959628
vt 0.039270 -4.871063
vt -0.000000 -4.782499
vt 0.039270 -4.693934
vt -0.000000 -4.605369
vt 0.039270 -4.516804
vt -0.000000 -4.428239
vt 0.039270 -4.339675
vt 0.000000 -4.251110
vt 0.039270 -4.162545
vt -0.000000 -4.073980
vt 0.039270 -3.985415
vt -0.000000 -3.896851
vt 0.039270 -3.808286
vt 0.039270 -0.265694
vt 0.000000 -0.354259
vt 0.039270 -0.442824
vt -0.000000 -0.531389
vt 0.039270 -0.619954
vt -0.000000 -0.708518
vt 0.039270 -0.797083
vt 0.000000 -0.885648
vt 0.039270 -0.974213
vt 0.000000 -1.062777
vt 0.039270 -1.151342
vt -0.000000 -1.239907
vt 0.039270 -1.328472
vt 0.000000 -1.417037
vt 0.039270 -1.505601
vt -0.000000 -1.594166
vt 0.039270 -1.682731
vt -0.000000 -1.771296
vt 0.039270 -1.859861
vt 0.000000 -1.948425
vt 0.039270 -2.036990
vt -0.000000 -2.125555
vt 0.039270 -2.214120
vt 0.000000 -2.302685
vt 0.039270 -2.391249
vt -0.000000 -2.479814
vt 0.039270 -2.568379
vt -0.000000 -2.656944
vt 0.039270 -2.745508
vt -0.000000 -2.834073
vt 0.039270 -2.922638
vt -0.000000 -3.011203
vt 0.039270 -3.099768
vt -0.000000 -3.188332
vt 0.039270 -3.276897
vt -0.000000 -3.365462
vt -0.500000 6.731984
vt -0.100000 6.731984
vt -0.500000 6.911504
vt -0.100000 6.911504
vt -0.500000 -6.911504
vt -0.100000 -6.911504
vt -0.500000 -6.731984
vt -0.100000 -6.731984
vt -0.500000 -6.552465
vt -0.100000 -6.552465
vt -0.500000 -6.372945
vt -0.100000 -6.372945
vt -0.500000 -6.193426
vt -0.100000 -6.193426
vt -0.500000 -6.013906
vt -0.100000 -6.013906
vt -0.500000 -5.834386
vt -0.100000 -5.834386
vt -0.500000 -5.654867
vt -0.100000 -5.654867
vt -0.500000 -5.475347
vt -0.100000 -5.475347
vt -0.500000 -5.295828
vt -0.100000 -5.295828
vt -0.500000 -5.116308
vt -0.100000 -5.116308
vt -0.500000 -4.936788
vt -0.100000 -4.936788
vt -0.500000 -4.757269
vt -0.100000 -4.757269
vt -0.500000 -4.577749
vt -0.100000 -4.577749
vt -0.500000 -4.398230
vt -0.100000 -4.398230
vt -0.500000 -4.218710
vt -0.100000 -4.218710
vt -0.500000 -4.039191
vt -0.100000 -4.039191
vt -0.500000 -3.859671
vt -0.100000 -3.859671
vt -0.500000 -3.680151
vt -0.100000 -3.680151
vt -0.500000 -3.500632
vt -0.100000 -3.500632
vt -0.500000 -3.321112
vt -0.100000 -3.321112
vt -0.500000 -3.141593
vt -0.100000 -3.141593
vt -0.500000 -2.962073
vt -0.100000 -2.962073
vt -0.500000 -2.782553
vt -0.100000 -2.782553
vt -0.500000 -2.603034
vt -0.100000 -2.603034
vt -0.500000 -2.423514
vt -0.100000 -2.423514
vt -0.500000 -2.243995
vt -0.100000 -2.243995
vt -0.500000 -2.064475
vt -0.100000 -2.064475
vt -0.500000 -1.884956
vt -0.100000 -1.884956
vt -0.500000 -1.705436
vt -0.100000 -1.705436
vt -0.500000 -1.525916
vt -0.100000 -1.525916
vt -0.500000 -1.346397
vt -0.100000 -1.346397
vt -0.500000 -1.166877
vt -0.100000 -1.166877
vt -0.500000 -0.987358
vt -0.100000 -0.987358
vt -0.500000 -0.807838
vt -0.100000 -0.807838
vt -0.500000 -0.628319
vt -0.100000 -0.628319
vt -0.500000 -0.448799
vt -0.100000 -0.448799
vt -0.500000 -0.269279
vt -0.100000 -0.269279
vt -0.500000 -0.089760
vt -0.100000 -0.089760
vt -0.500000 0.089760
vt -0.100000 0.089760
vt -0.500000 0.269279
vt -0.100000 0.269279
vt -0.500000 0.448799
vt -0.100000 0.448799
vt -0.500000 0.628319
vt -0.100000 0.628319
vt -0.500000 0.807838
vt -0.100000 0.807838
vt -0.500000 0.987358
vt -0.100000 0.987358
vt -0.500000 1.166877
vt -0.100000 1.166877
vt -0.500000 1.346397
vt -0.100000 1.346397
vt -0.500000 1.525916
vt -0.100000 1.525916
vt -0.500000 1.705436
vt -0.100000 1.705436
vt -0.500000 1.884956
vt -0.100000 1.884956
vt -0.500000 2.064475
vt -0.100000 2.064475
vt -0.500000 2.243995
vt -0.100000 2.243995
vt -0.500000 2.423514
vt -0.100000 2.423514
vt -0.500000 2.603034
vt -0.100000 2.603034
vt -0.500000 2.782553
vt -0.100000 2.782553
vt -0.500000 2.962073
vt -0.100000 2.962073
vt -0.500000 3.141593
vt -0.100000 3.141593
vt -0.500000 3.321112
vt -0.100000 3.321112
vt -0.500000 3.500632
vt -0.100000 3.500632
vt -0.500000 3.680151
vt -0.100000 3.680151
vt -0.500000 3.859671
vt -0.100000 3.859671
vt -0.500000 4.039191
vt -0.100000 4.039191
vt -0.500000 4.218710
vt -0.100000 4.218710
vt -0.500000 4.398230
vt -0.100000 4.398230
vt -0.500000 4.577749
vt -0.100000 4.577749
vt -0.500000 4.757269
vt -0.100000 4.757269
vt -0.500000 4.936788
vt -0.100000 4.936788
vt -0.500000 5.116308
vt -0.100000 5.116308
vt -0.500000 5.295828
vt -0.100000 5.295828
vt -0.500000 5.475347
vt -0.100000 5.475347
vt -0.500000 5.654867
vt -0.100000 5.654867
vt -0.500000 5.834386
vt -0.100000 5.834386
vt -0.500000 6.013906
vt -0.100000 6.013906
vt -0.500000 6.193426
vt -0.100000 6.193426
vt -0.500000 6.372945
vt -0.100000 6.372945
vt -0.500000 6.552465
vt -0.100000 6.552465
vt -2.092635 -0.175723
vt 2.098158 -0.087939
vt -2.100000 0.000000
vt 2.098158 0.087939
vt -2.092635 0.175723
vt 2.083441 0.263200
vt 2.054110 0.436615
vt 2.083441 -0.263200
vt -2.070592 -0.350214
vt 2.054110 -0.436615
vt -2.034025 -0.522249
vt 2.010371 -0.606967
vt -1.983190 -0.690620
vt 1.952531 -0.773062
vt -1.918445 -0.854147
vt 1.880995 -0.933734
vt -1.840244 -1.011683
vt 1.796265 -1.087857
vt -1.749135 -1.162122
vt 1.698936 -1.234349
vt -1.645756 -1.304410
vt 1.589690 -1.372183
vt -1.530834 -1.437549
vt 1.469293 -1.500393
vt -1.405174 -1.560604
vt 1.338590 -1.618078
vt -1.269658 -1.672713
vt 1.198498 -1.724413
vt -1.125236 -1.773089
vt 1.050000 -1.818653
vt -0.972922 -1.861028
vt 0.894137 -1.900137
vt -0.813783 -1.935913
vt 0.732001 -1.968292
vt -0.648936 -1.997219
vt 0.564732 -2.022641
vt -0.479537 -2.044516
vt 0.393501 -2.062803
vt -0.306774 -2.077472
vt 0.219510 -2.088496
vt -0.131860 -2.095856
vt 0.043979 -2.099539
vt 2.010371 0.606967
vt 1.952531 0.773062
vt 1.880995 0.933734
vt 1.796265 1.087857
vt 1.698936 1.234349
vt 1.589690 1.372183
vt 1.469293 1.500393
vt 1.338590 1.618078
vt 1.198498 1.724413
vt 1.050000 1.818653
vt 0.894137 1.900137
vt 0.732001 1.968292
vt 0.564732 2.022641
vt 0.393501 2.062803
vt 0.219510 2.088496
vt 0.043979 2.099539
vt -0.131860 2.095856
vt -0.306774 2.077472
vt -0.479537 2.044516
vt -0.648936 1.997219
vt -0.813783 1.935913
vt -0.972922 1.861028
vt -1.125236 1.773089
vt -1.269658 1.672713
vt -1.405174 1.560604
vt -1.530834 1.437549
vt -1.645756 1.304410
vt -1.749135 1.162122
vt -1.840244 1.011683
vt -1.918445 0.854147
vt -1.983190 0.690620
vt -2.034025 0.522249
vt -2.070592 0.350214
vt 2.192680 0.179320
vt -2.198169 0.089735
vt 2.200000 -0.000000
vt -2.198169 -0.089735
vt 2.192680 -0.179320
vt -2.183541 -0.268607
vt 2.170767 -0.357447
vt -2.154381 -0.445693
vt 2.134409 -0.533196
vt -2.110885 -0.619812
vt 2.083847 -0.705396
vt -2.053340 -0.789806
vt 2.019416 -0.872902
vt -1.982132 -0.954544
vt 1.941547 -1.034598
vt -1.897732 -1.112930
vt 1.850758 -1.189410
vt -1.800703 -1.263910
vt 1.747652 -1.336306
vt -1.691691 -1.406478
vt 1.632915 -1.474309
vt -1.571421 -1.539687
vt 1.507312 -1.602502
vt -1.440694 -1.662649
vt 1.371678 -1.720029
vt -1.300378 -1.774547
vt 1.226915 -1.826110
vt -1.151410 -1.874635
vt 1.073988 -1.920039
vt -0.994778 -1.962248
vt 0.913913 -2.001190
vt -0.831527 -2.036802
vt 0.747756 -2.069024
vt -0.662742 -2.097802
vt 0.576624 -2.123089
vt -0.489546 -2.144841
vt 0.401654 -2.163024
vt -0.313093 -2.177607
vt 0.224011 -2.188566
vt -0.134556 -2.195881
vt 0.044877 -2.199542
vt -2.183541 0.268607
vt 2.170767 0.357447
vt 2.134409 0.533196
vt 2.083847 0.705396
vt 2.019416 0.872902
vt 1.941547 1.034598
vt 1.850758 1.189410
vt 1.747652 1.336306
vt 1.632915 1.474309
vt 1.507312 1.602502
vt 1.371678 1.720029
vt 1.226915 1.826110
vt 1.073988 1.920039
vt 0.913913 2.001190
vt 0.747756 2.069024
vt 0.576624 2.123089
vt 0.401654 2.163024
vt 0.224011 2.188566
vt 0.044877 2.199542
vt -0.134556 2.195881
vt -0.313093 2.177607
vt -0.489546 2.144841
vt -0.662742 2.097802
vt -0.831527 2.036802
vt -0.994778 1.962248
vt -1.151410 1.874635
vt -1.300378 1.774547
vt -1.440694 1.662649
vt -1.571421 1.539687
vt -1.691691 1.406478
vt -1.800703 1.263910
vt -1.897732 1.112930
vt -1.982132 0.954544
vt -2.053340 0.789806
vt -2.110885 0.619812
vt -2.154381 0.445693
s 0
usemtl Steel_-_Satin.002
f 2089/2386/3159 2243/2387/3160 2088/2388/3159
f 2088/2388/3159 2243/2387/3160 2248/2389/3161
f 2088/2388/3162 2248/2389/3163 2162/2390/3162
f 2162/2390/3162 2248/2389/3161 2468/2391/3164
f 2162/2390/3159 2468/2391/3164 2161/2392/3159
f 2161/2392/3162 2468/2391/3164 2465/2393/3165
f 2161/2392/3159 2465/2393/3165 2160/2394/3159
f 2160/2394/3162 2465/2393/3165 2462/2395/3166
f 2160/2394/3159 2462/2395/3167 2159/2396/3159
f 2159/2396/3162 2462/2395/3167 2459/2397/3168
f 2159/2396/3159 2459/2397/3168 2158/2398/3159
f 2158/2398/3162 2459/2397/3168 2456/2399/3169
f 2158/2398/3162 2456/2399/3169 2157/2400/3162
f 2157/2400/3162 2456/2399/3170 2453/2401/3171
f 2157/2400/3162 2453/2401/3171 2156/2402/3162
f 2156/2402/3162 2453/2401/3171 2450/2403/3172
f 2156/2402/3162 2450/2403/3172 2155/2404/3162
f 2155/2404/3162 2450/2403/3172 2447/2405/3173
f 2155/2404/3159 2447/2405/3173 2154/2406/3162
f 2154/2406/3162 2447/2405/3173 2444/2407/3174
f 2154/2406/3162 2444/2407/3174 2153/2408/3162
f 2153/2408/3162 2444/2407/3175 2441/2409/3176
f 2153/2408/3162 2441/2409/3176 2152/2410/3162
f 2152/2410/3162 2441/2409/3176 2438/2411/3177
f 2152/2410/3162 2438/2411/3177 2151/2412/3162
f 2151/2412/3162 2438/2411/3177 2435/2413/3178
f 2151/2412/3162 2435/2413/3178 2150/2414/3162
f 2150/2414/3162 2435/2413/3178 2432/2415/3179
f 2150/2414/3162 2432/2415/3180 2149/2416/3162
f 2149/2416/3162 2432/2415/3180 2429/2417/3181
f 2149/2416/3162 2429/2417/3181 2148/2418/3162
f 2148/2418/3162 2429/2417/3182 2426/2419/3183
f 2148/2418/3162 2426/2419/3183 2147/2420/3162
f 2147/2420/3162 2426/2419/3183 2423/2421/3184
f 2147/2420/3162 2423/2421/3185 2146/2422/3162
f 2146/2422/3162 2423/2421/3184 2420/2423/3186
f 2146/2422/3162 2420/2423/3187 2145/2424/3162
f 2145/2424/3162 2420/2423/3187 2414/2425/3188
f 2145/2424/3162 2414/2425/3188 2144/2426/3162
f 2144/2426/3162 2414/2425/3188 2419/2427/3189
f 2144/2426/3162 2419/2427/3189 2411/2428/3190
f 2411/2428/3191 2419/2427/3192 2412/2429/3193
f 2411/2428/3194 2412/2429/3193 2408/2430/3195
f 2408/2430/3195 2412/2429/3193 2409/2431/3196
f 2408/2430/3195 2409/2431/3196 2405/2432/3197
f 2405/2432/3197 2409/2431/3196 2406/2433/3198
f 2405/2432/3197 2406/2433/3198 2402/2434/3199
f 2402/2434/3200 2406/2433/3198 2403/2435/3201
f 2402/2434/3199 2403/2435/3201 2399/2436/3202
f 2399/2436/3202 2403/2435/3203 2400/2437/3204
f 2399/2436/3202 2400/2437/3204 2396/2438/3205
f 2396/2438/3205 2400/2437/3204 2397/2439/3206
f 2396/2438/3205 2397/2439/3206 2393/2440/3207
f 2393/2440/3207 2397/2439/3206 2394/2441/3208
f 2393/2440/3207 2394/2441/3208 2390/2442/3209
f 2390/2442/3209 2394/2441/3208 2391/2443/3210
f 2390/2442/3209 2391/2443/3210 2387/2444/3211
f 2387/2444/3211 2391/2443/3212 2388/2445/3213
f 2387/2444/3211 2388/2445/3214 2384/2446/3215
f 2384/2446/3215 2388/2445/3213 2385/2447/3216
f 2384/2446/3215 2385/2447/3216 2381/2448/3217
f 2381/2448/3217 2385/2447/3216 2382/2449/3218
f 2381/2448/3217 2382/2449/3218 2378/2450/3219
f 2378/2450/3219 2382/2449/3218 2379/2451/3220
f 2378/2450/3219 2379/2451/3220 2375/2452/3221
f 2375/2452/3221 2379/2451/3220 2376/2453/3222
f 2375/2452/3221 2376/2453/3222 2372/2454/3223
f 2372/2454/3223 2376/2453/3222 2373/2455/3224
f 2372/2454/3223 2373/2455/3225 2369/2456/3226
f 2369/2456/3226 2373/2455/3224 2370/2457/3227
f 2369/2456/3226 2370/2457/3227 2366/2458/3228
f 2366/2458/3228 2370/2457/3229 2367/2459/3230
f 2366/2458/3228 2367/2459/3230 2363/2460/3231
f 2363/2460/3231 2367/2459/3232 2364/2461/3233
f 2363/2460/3231 2364/2461/3233 2360/2462/3234
f 2360/2462/3235 2364/2461/3233 2361/2463/3236
f 2360/2462/3237 2361/2463/3236 2240/2464/3238
f 2240/2464/3238 2361/2463/3236 2241/2465/3239
f 2240/2466/3238 2241/2467/3240 2357/2468/3241
f 2357/2468/3242 2241/2467/3239 2358/2469/3243
f 2357/2468/3244 2358/2469/3243 2354/2470/3245
f 2354/2470/3245 2358/2469/3243 2355/2471/3246
f 2354/2470/3245 2355/2471/3246 2351/2472/3247
f 2351/2472/3247 2355/2471/3246 2352/2473/3248
f 2351/2472/3247 2352/2473/3249 2348/2474/3250
f 2348/2474/3250 2352/2473/3248 2349/2475/3251
f 2348/2474/3252 2349/2475/3253 2345/2476/3254
f 2345/2476/3254 2349/2475/3251 2346/2477/3255
f 2345/2476/3254 2346/2477/3255 2342/2478/3256
f 2342/2478/3257 2346/2477/3258 2343/2479/3259
f 2342/2478/3257 2343/2479/3259 2339/2480/3260
f 2339/2480/3261 2343/2479/3259 2340/2481/3262
f 2339/2480/3261 2340/2481/3262 2336/2482/3263
f 2336/2482/3264 2340/2481/3262 2337/2483/3265
f 2336/2482/3264 2337/2483/3266 2333/2484/3267
f 2333/2484/3267 2337/2483/3265 2334/2485/3268
f 2333/2484/3269 2334/2485/3268 2330/2486/3270
f 2330/2486/3271 2334/2485/3268 2331/2487/3272
f 2330/2486/3270 2331/2487/3273 2327/2488/3274
f 2327/2488/3274 2331/2487/3275 2328/2489/3276
f 2327/2488/3274 2328/2489/3276 2324/2490/3277
f 2324/2490/3278 2328/2489/3276 2325/2491/3279
f 2324/2490/3278 2325/2491/3279 2321/2492/3280
f 2321/2492/3281 2325/2491/3282 2322/2493/3283
f 2321/2492/3281 2322/2493/3283 2318/2494/3284
f 2318/2494/3284 2322/2493/3283 2319/2495/3285
f 2318/2494/3284 2319/2495/3285 2315/2496/3286
f 2315/2496/3286 2319/2495/3285 2316/2497/3287
f 2315/2496/3286 2316/2497/3287 2312/2498/3288
f 2312/2498/3288 2316/2497/3287 2313/2499/3289
f 2312/2498/3288 2313/2499/3289 2309/2500/3290
f 2309/2500/3290 2313/2499/3289 2310/2501/3291
f 2309/2500/3290 2310/2501/3291 2303/2502/3292
f 2303/2502/3292 2310/2501/3291 2304/2503/3293
f 2303/2502/3292 2304/2503/3294 2308/2504/3295
f 2308/2504/3295 2304/2503/3294 2307/2505/3296
f 2308/2504/3295 2307/2505/3296 2300/2506/3297
f 2300/2506/3298 2307/2505/3296 2301/2507/3299
f 2300/2506/3298 2301/2507/3299 2297/2508/3300
f 2297/2508/3301 2301/2507/3302 2298/2509/3303
f 2297/2508/3301 2298/2509/3303 2294/2510/3304
f 2294/2510/3305 2298/2509/3303 2295/2511/3306
f 2294/2510/3307 2295/2511/3308 2291/2512/3309
f 2291/2512/3310 2295/2511/3308 2292/2513/3311
f 2291/2512/3310 2292/2513/3311 2288/2514/3312
f 2288/2514/3313 2292/2513/3311 2289/2515/3314
f 2288/2514/3313 2289/2515/3315 2285/2516/3316
f 2285/2516/3317 2289/2515/3314 2286/2517/3318
f 2285/2516/3317 2286/2517/3318 2282/2518/3319
f 2282/2518/3319 2286/2517/3318 2283/2519/3320
f 2282/2518/3319 2283/2519/3320 2279/2520/3321
f 2279/2520/3321 2283/2519/3322 2280/2521/3323
f 2279/2520/3321 2280/2521/3324 2276/2522/3325
f 2276/2522/3325 2280/2521/3323 2277/2523/3326
f 2276/2522/3325 2277/2523/3326 2273/2524/3327
f 2273/2524/3328 2277/2523/3329 2274/2525/3330
f 2273/2524/3328 2274/2525/3330 2270/2526/3331
f 2270/2526/3331 2274/2525/3332 2271/2527/3333
f 2270/2526/3331 2271/2527/3333 2267/2528/3334
f 2267/2528/3335 2271/2527/3333 2268/2529/3336
f 2267/2528/3335 2268/2529/3336 2264/2530/3337
f 2264/2530/3337 2268/2529/3338 2265/2531/3339
f 2264/2530/3337 2265/2531/3339 2261/2532/3340
f 2261/2532/3340 2265/2531/3339 2262/2533/3341
f 2261/2532/3340 2262/2533/3341 2258/2534/3342
f 2258/2534/3342 2262/2533/3341 2259/2535/3343
f 2258/2534/3342 2259/2535/3343 2255/2536/3344
f 2255/2536/3344 2259/2535/3343 2256/2537/3345
f 2255/2536/3344 2256/2537/3345 2252/2538/3346
f 2252/2538/3346 2256/2537/3345 2253/2539/3347
f 2252/2538/3346 2253/2539/3347 2249/2540/3348
f 2249/2540/3349 2253/2539/3350 2250/2541/3351
f 2249/2540/3349 2250/2541/3352 2243/2387/3353
f 2243/2387/3353 2250/2541/3351 2244/2542/3354
f 2243/2387/3353 2244/2542/3354 2248/2389/3355
f 2248/2389/3355 2244/2542/3354 2247/2543/3356
f 2248/2389/3357 2247/2543/3356 2468/2391/3358
f 2468/2391/3358 2247/2543/3356 2469/2544/3359
f 2468/2391/3358 2469/2544/3359 2465/2393/3360
f 2465/2393/3361 2469/2544/3359 2466/2545/3362
f 2465/2393/3361 2466/2545/3362 2462/2395/3363
f 2462/2395/3363 2466/2545/3362 2463/2546/3364
f 2462/2395/3363 2463/2546/3364 2459/2397/3365
f 2459/2397/3365 2463/2546/3364 2460/2547/3366
f 2459/2397/3365 2460/2547/3367 2456/2399/3169
f 2456/2399/3368 2460/2547/3369 2457/2548/3370
f 2456/2399/3368 2457/2548/3370 2453/2401/3371
f 2453/2401/3372 2457/2548/3370 2454/2549/3373
f 2453/2401/3372 2454/2549/3373 2450/2403/3374
f 2450/2403/3374 2454/2549/3373 2451/2550/3375
f 2450/2403/3374 2451/2550/3376 2447/2405/3377
f 2447/2405/3377 2451/2550/3375 2448/2551/3378
f 2447/2405/3377 2448/2551/3378 2444/2407/3379
f 2444/2407/3379 2448/2551/3378 2445/2552/3380
f 2444/2407/3379 2445/2552/3380 2441/2409/3381
f 2441/2409/3381 2445/2552/3382 2442/2553/3383
f 2441/2409/3381 2442/2553/3384 2438/2411/3385
f 2438/2411/3385 2442/2553/3383 2439/2554/3386
f 2438/2411/3385 2439/2554/3386 2435/2413/3178
f 2435/2413/3387 2439/2554/3388 2436/2555/3389
f 2435/2413/3387 2436/2555/3389 2432/2415/3390
f 2432/2415/3179 2436/2555/3391 2433/2556/3392
f 2432/2415/3179 2433/2556/3392 2429/2417/3393
f 2429/2417/3394 2433/2556/3392 2430/2557/3395
f 2429/2417/3394 2430/2557/3395 2426/2419/3396
f 2426/2419/3396 2430/2557/3397 2427/2558/3398
f 2426/2419/3396 2427/2558/3398 2423/2421/3399
f 2423/2421/3399 2427/2558/3398 2424/2559/3400
f 2423/2421/3399 2424/2559/3401 2420/2423/3402
f 2420/2423/3402 2424/2559/3400 2421/2560/3403
f 2420/2423/3402 2421/2560/3403 2414/2425/3404
f 2414/2425/3404 2421/2560/3403 2415/2561/3405
f 2414/2425/3404 2415/2561/3405 2418/2562/3406
f 2418/2562/3407 2415/2561/3408 2417/2563/3409
f 2418/2562/3407 2417/2563/3410 2413/2564/3411
f 2413/2564/3412 2417/2563/3410 2183/2565/3413
f 2413/2564/3412 2183/2565/3414 2184/2566/3415
f 2243/2387/3160 2089/2386/3162 2249/2540/3416
f 2249/2540/3416 2089/2386/3159 2090/2567/3162
f 2249/2540/3416 2090/2567/3162 2252/2538/3417
f 2252/2538/3418 2090/2567/3159 2091/2568/3159
f 2252/2538/3417 2091/2568/3159 2255/2536/3419
f 2255/2536/3420 2091/2568/3159 2092/2569/3162
f 2255/2536/3421 2092/2569/3159 2258/2534/3422
f 2258/2534/3422 2092/2569/3159 2093/2570/3162
f 2258/2534/3423 2093/2570/3162 2261/2532/3340
f 2261/2532/3340 2093/2570/3162 2094/2571/3162
f 2261/2532/3424 2094/2571/3162 2264/2530/3425
f 2264/2530/3337 2094/2571/3162 2095/2572/3162
f 2264/2530/3425 2095/2572/3162 2267/2528/3426
f 2267/2528/3426 2095/2572/3162 2096/2573/3162
f 2267/2528/3426 2096/2573/3427 2270/2526/3428
f 2270/2526/3428 2096/2573/3162 2097/2574/3162
f 2270/2526/3429 2097/2574/3162 2273/2524/3327
f 2273/2524/3327 2097/2574/3159 2098/2575/3427
f 2273/2524/3327 2098/2575/3427 2276/2522/3325
f 2276/2522/3325 2098/2575/3427 2099/2576/3162
f 2276/2522/3430 2099/2576/3162 2279/2520/3431
f 2279/2520/3431 2099/2576/3162 2100/2577/3162
f 2279/2520/3431 2100/2577/3162 2282/2518/3432
f 2282/2518/3432 2100/2577/3427 2101/2578/3427
f 2282/2518/3432 2101/2578/3427 2285/2516/3433
f 2285/2516/3433 2101/2578/3427 2102/2579/3427
f 2285/2516/3433 2102/2579/3162 2288/2514/3434
f 2288/2514/3434 2102/2579/3427 2103/2580/3427
f 2288/2514/3434 2103/2580/3162 2291/2512/3310
f 2291/2512/3310 2103/2580/3162 2104/2581/3162
f 2291/2512/3435 2104/2581/3162 2294/2510/3305
f 2294/2510/3304 2104/2581/3427 2105/2582/3427
f 2294/2510/3305 2105/2582/3162 2297/2508/3301
f 2297/2508/3300 2105/2582/3162 2106/2583/3162
f 2297/2508/3301 2106/2583/3427 2300/2506/3298
f 2300/2506/3436 2106/2583/3427 2107/2584/3427
f 2300/2506/3298 2107/2584/3162 2308/2504/3295
f 2308/2504/3295 2107/2584/3162 2303/2502/3292
f 2107/2584/3162 2108/2585/3162 2303/2502/3437
f 2303/2502/3438 2108/2585/3162 2309/2500/3439
f 2108/2585/3427 2109/2586/3427 2309/2500/3290
f 2309/2500/3440 2109/2586/3162 2312/2498/3441
f 2109/2586/3427 2110/2587/3427 2312/2498/3441
f 2312/2498/3441 2110/2587/3427 2315/2496/3286
f 2110/2587/3162 2111/2588/3162 2315/2496/3442
f 2315/2496/3442 2111/2588/3162 2318/2494/3443
f 2111/2588/3427 2112/2589/3427 2318/2494/3443
f 2318/2494/3444 2112/2589/3427 2321/2492/3280
f 2112/2589/3162 2113/2590/3162 2321/2492/3280
f 2321/2492/3280 2113/2590/3427 2324/2490/3278
f 2113/2590/3162 2114/2591/3162 2324/2490/3278
f 2324/2490/3278 2114/2591/3427 2327/2488/3274
f 2114/2591/3162 2115/2592/3162 2327/2488/3274
f 2327/2488/3274 2115/2592/3162 2330/2486/3271
f 2115/2592/3427 2116/2593/3427 2330/2486/3271
f 2330/2486/3271 2116/2593/3162 2333/2484/3269
f 2116/2593/3162 2117/2594/3162 2333/2484/3445
f 2333/2484/3269 2117/2594/3427 2336/2482/3446
f 2117/2594/3447 2118/2595/3162 2336/2482/3446
f 2336/2482/3446 2118/2595/3427 2339/2480/3448
f 2118/2595/3162 2119/2596/3162 2339/2480/3448
f 2339/2480/3448 2119/2596/3427 2342/2478/3449
f 2119/2596/3162 2120/2597/3162 2342/2478/3450
f 2342/2478/3449 2120/2597/3162 2345/2476/3451
f 2120/2597/3447 2121/2598/3447 2345/2476/3451
f 2345/2476/3451 2121/2598/3162 2348/2474/3452
f 2121/2598/3162 2122/2599/3162 2348/2474/3453
f 2348/2474/3453 2122/2599/3447 2351/2472/3454
f 2122/2599/3162 2123/2600/3162 2351/2472/3454
f 2351/2472/3455 2123/2600/3162 2354/2470/3456
f 2123/2600/3447 2124/2601/3447 2354/2470/3245
f 2354/2470/3457 2124/2601/3162 2357/2468/3242
f 2124/2601/3162 2125/2602/3162 2357/2468/3242
f 2357/2468/3242 2125/2602/3162 2240/2466/3458
f 2125/2603/3447 2126/2604/3447 2240/2464/3238
f 2240/2464/3458 2126/2604/3162 2360/2462/3235
f 2126/2604/3162 2127/2605/3162 2360/2462/3459
f 2360/2462/3235 2127/2605/3162 2363/2460/3460
f 2127/2605/3447 2128/2606/3447 2363/2460/3231
f 2363/2460/3231 2128/2606/3162 2366/2458/3228
f 2128/2606/3162 2129/2607/3162 2366/2458/3461
f 2366/2458/3462 2129/2607/3447 2369/2456/3463
f 2129/2607/3162 2130/2608/3162 2369/2456/3464
f 2369/2456/3226 2130/2608/3162 2372/2454/3223
f 2130/2608/3447 2131/2609/3162 2372/2454/3465
f 2372/2454/3466 2131/2609/3162 2375/2452/3467
f 2131/2609/3162 2132/2610/3162 2375/2452/3467
f 2375/2452/3467 2132/2610/3162 2378/2450/3468
f 2132/2610/3162 2133/2611/3162 2378/2450/3468
f 2378/2450/3468 2133/2611/3162 2381/2448/3469
f 2133/2611/3162 2134/2612/3162 2381/2448/3469
f 2381/2448/3469 2134/2612/3162 2384/2446/3470
f 2134/2612/3162 2135/2613/3162 2384/2446/3470
f 2384/2446/3470 2135/2613/3162 2387/2444/3471
f 2135/2613/3162 2136/2614/3162 2387/2444/3211
f 2387/2444/3471 2136/2614/3162 2390/2442/3472
f 2136/2614/3162 2137/2615/3162 2390/2442/3473
f 2390/2442/3209 2137/2615/3162 2393/2440/3474
f 2137/2615/3162 2138/2616/3162 2393/2440/3474
f 2393/2440/3474 2138/2616/3162 2396/2438/3475
f 2138/2616/3162 2139/2617/3162 2396/2438/3475
f 2396/2438/3475 2139/2617/3162 2399/2436/3202
f 2139/2617/3162 2140/2618/3162 2399/2436/3476
f 2399/2436/3202 2140/2618/3162 2402/2434/3477
f 2140/2618/3162 2141/2619/3162 2402/2434/3477
f 2402/2434/3477 2141/2619/3162 2405/2432/3478
f 2141/2619/3162 2142/2620/3162 2405/2432/3478
f 2405/2432/3478 2142/2620/3162 2408/2430/3479
f 2142/2620/3162 2143/2621/3162 2408/2430/3480
f 2408/2430/3479 2143/2621/3162 2411/2428/3190
f 2143/2621/3162 2144/2426/3162 2411/2428/3190
f 2164/2622/3481 2246/2623/3482 2163/2624/3483
f 2163/2624/3484 2246/2623/3485 2245/2625/3486
f 2163/2624/3483 2245/2625/3487 2239/2626/3488
f 2239/2626/3488 2245/2625/3486 2251/2627/3489
f 2239/2626/3488 2251/2627/3489 2238/2628/3490
f 2238/2628/3491 2251/2627/3489 2254/2629/3492
f 2238/2628/3491 2254/2629/3492 2237/2630/3493
f 2237/2630/3493 2254/2629/3494 2257/2631/3495
f 2237/2630/3493 2257/2631/3495 2236/2632/3496
f 2236/2632/3497 2257/2631/3498 2260/2633/3499
f 2236/2632/3500 2260/2633/3499 2235/2634/3501
f 2235/2634/3501 2260/2633/3502 2263/2635/3503
f 2235/2634/3501 2263/2635/3503 2234/2636/3504
f 2234/2636/3504 2263/2635/3503 2266/2637/3505
f 2234/2636/3504 2266/2637/3505 2233/2638/3506
f 2233/2638/3507 2266/2637/3508 2269/2639/3509
f 2233/2638/3506 2269/2639/3509 2232/2640/3510
f 2232/2640/3511 2269/2639/3509 2272/2641/3512
f 2232/2640/3510 2272/2641/3512 2231/2642/3513
f 2231/2642/3514 2272/2641/3512 2275/2643/3515
f 2231/2642/3514 2275/2643/3516 2230/2644/3517
f 2230/2644/3517 2275/2643/3515 2278/2645/3518
f 2230/2644/3517 2278/2645/3519 2229/2646/3520
f 2229/2646/3520 2278/2645/3518 2281/2647/3521
f 2229/2646/3520 2281/2647/3521 2228/2648/3522
f 2228/2648/3523 2281/2647/3521 2284/2649/3524
f 2228/2648/3522 2284/2649/3525 2227/2650/3526
f 2227/2650/3526 2284/2649/3524 2287/2651/3527
f 2227/2650/3526 2287/2651/3528 2226/2652/3529
f 2226/2652/3530 2287/2651/3527 2290/2653/3531
f 2226/2652/3529 2290/2653/3532 2225/2654/3533
f 2225/2654/3533 2290/2653/3531 2293/2655/3534
f 2225/2654/3535 2293/2655/3536 2224/2656/3537
f 2224/2656/3537 2293/2655/3534 2296/2657/3538
f 2224/2656/3537 2296/2657/3538 2223/2658/3539
f 2223/2658/3539 2296/2657/3538 2299/2659/3540
f 2223/2658/3539 2299/2659/3541 2222/2660/3542
f 2222/2660/3542 2299/2659/3540 2302/2661/3543
f 2222/2660/3542 2302/2661/3543 2221/2662/3544
f 2221/2662/3544 2302/2661/3543 2306/2663/3545
f 2221/2662/3544 2306/2663/3546 2220/2664/3547
f 2220/2664/3547 2306/2663/3546 2305/2665/3548
f 2220/2664/3547 2305/2665/3549 2219/2666/3550
f 2219/2666/3551 2305/2665/3548 2311/2667/3552
f 2219/2666/3550 2311/2667/3552 2218/2668/3553
f 2218/2668/3554 2311/2667/3552 2314/2669/3555
f 2218/2668/3553 2314/2669/3556 2217/2670/3557
f 2217/2670/3558 2314/2669/3559 2317/2671/3560
f 2217/2670/3558 2317/2671/3561 2216/2672/3562
f 2216/2672/3562 2317/2671/3563 2320/2673/3564
f 2216/2672/3562 2320/2673/3564 2215/2674/3565
f 2215/2674/3566 2320/2673/3564 2323/2675/3567
f 2215/2674/3568 2323/2675/3567 2214/2676/3569
f 2214/2676/3570 2323/2675/3567 2326/2677/3571
f 2214/2676/3569 2326/2677/3571 2213/2678/3572
f 2213/2678/3573 2326/2677/3571 2329/2679/3574
f 2213/2678/3572 2329/2679/3574 2212/2680/3575
f 2212/2680/3576 2329/2679/3574 2332/2681/3577
f 2212/2680/3576 2332/2681/3577 2211/2682/3578
f 2211/2682/3578 2332/2681/3577 2335/2683/3579
f 2211/2682/3578 2335/2683/3579 2210/2684/3580
f 2210/2684/3581 2335/2683/3582 2338/2685/3583
f 2210/2684/3580 2338/2685/3583 2209/2686/3584
f 2209/2686/3584 2338/2685/3583 2341/2687/3585
f 2209/2686/3584 2341/2687/3585 2208/2688/3586
f 2208/2688/3586 2341/2687/3585 2344/2689/3587
f 2208/2688/3586 2344/2689/3587 2207/2690/3588
f 2207/2690/3588 2344/2689/3589 2347/2691/3590
f 2207/2690/3588 2347/2691/3591 2206/2692/3592
f 2206/2692/3593 2347/2691/3591 2350/2693/3594
f 2206/2692/3593 2350/2693/3595 2205/2694/3596
f 2205/2694/3597 2350/2693/3594 2353/2695/3598
f 2205/2694/3599 2353/2695/3600 2204/2696/3601
f 2204/2696/3601 2353/2695/3598 2356/2697/3602
f 2204/2696/3601 2356/2697/3602 2203/2698/3603
f 2203/2698/3604 2356/2697/3602 2359/2699/3605
f 2203/2698/3603 2359/2699/3605 2202/2700/3606
f 2202/2700/3606 2359/2699/3607 2242/2701/3608
f 2202/2700/3606 2242/2701/3608 2201/2702/3609
f 2201/2703/3609 2242/2704/3608 2362/2705/3610
f 2201/2703/3609 2362/2705/3610 2200/2706/3611
f 2200/2706/3611 2362/2705/3610 2365/2707/3612
f 2200/2706/3611 2365/2707/3613 2199/2708/3614
f 2199/2708/3614 2365/2707/3612 2368/2709/3615
f 2199/2708/3614 2368/2709/3616 2198/2710/3617
f 2198/2710/3617 2368/2709/3615 2371/2711/3618
f 2198/2710/3617 2371/2711/3619 2197/2712/3620
f 2197/2712/3620 2371/2711/3618 2374/2713/3621
f 2197/2712/3620 2374/2713/3621 2196/2714/3622
f 2196/2714/3623 2374/2713/3621 2377/2715/3624
f 2196/2714/3622 2377/2715/3625 2195/2716/3626
f 2195/2716/3626 2377/2715/3627 2380/2717/3628
f 2195/2716/3626 2380/2717/3628 2194/2718/3629
f 2194/2718/3630 2380/2717/3628 2383/2719/3631
f 2194/2718/3632 2383/2719/3631 2193/2720/3633
f 2193/2720/3634 2383/2719/3631 2386/2721/3635
f 2193/2720/3636 2386/2721/3635 2192/2722/3637
f 2192/2722/3637 2386/2721/3635 2389/2723/3638
f 2192/2722/3639 2389/2723/3638 2191/2724/3640
f 2191/2724/3641 2389/2723/3638 2392/2725/3642
f 2191/2724/3640 2392/2725/3643 2190/2726/3644
f 2190/2726/3644 2392/2725/3642 2395/2727/3645
f 2190/2726/3644 2395/2727/3646 2189/2728/3647
f 2189/2728/3648 2395/2727/3645 2398/2729/3649
f 2189/2728/3647 2398/2729/3650 2188/2730/3651
f 2188/2730/3651 2398/2729/3649 2401/2731/3652
f 2188/2730/3651 2401/2731/3653 2187/2732/3654
f 2187/2732/3655 2401/2731/3652 2404/2733/3656
f 2187/2732/3657 2404/2733/3656 2186/2734/3658
f 2186/2734/3659 2404/2733/3656 2407/2735/3660
f 2186/2734/3661 2407/2735/3662 2185/2736/3663
f 2185/2736/3663 2407/2735/3664 2410/2737/3665
f 2185/2736/3663 2410/2737/3665 2184/2566/3415
f 2184/2566/3415 2410/2737/3665 2413/2564/3412
f 2246/2623/3485 2164/2622/3481 2470/2738/3666
f 2470/2738/3666 2164/2622/3481 2165/2739/3667
f 2470/2738/3666 2165/2739/3667 2467/2740/3668
f 2467/2740/3669 2165/2739/3667 2166/2741/3670
f 2467/2740/3668 2166/2741/3670 2464/2742/3671
f 2464/2742/3672 2166/2741/3670 2167/2743/3673
f 2464/2742/3672 2167/2743/3674 2461/2744/3675
f 2461/2744/3675 2167/2743/3673 2168/2745/3676
f 2461/2744/3675 2168/2745/3676 2458/2746/3677
f 2458/2746/3677 2168/2745/3676 2169/2747/3678
f 2458/2746/3677 2169/2747/3678 2455/2748/3679
f 2455/2748/3680 2169/2747/3681 2170/2749/3682
f 2455/2748/3679 2170/2749/3683 2452/2750/3684
f 2452/2750/3684 2170/2749/3683 2171/2751/3685
f 2452/2750/3684 2171/2751/3686 2449/2752/3687
f 2449/2752/3687 2171/2751/3685 2172/2753/3688
f 2449/2752/3687 2172/2753/3688 2446/2754/3689
f 2446/2754/3690 2172/2753/3688 2173/2755/3691
f 2446/2754/3689 2173/2755/3691 2443/2756/3692
f 2443/2756/3692 2173/2755/3693 2174/2757/3694
f 2443/2756/3692 2174/2757/3695 2440/2758/3696
f 2440/2758/3696 2174/2757/3694 2175/2759/3697
f 2440/2758/3696 2175/2759/3698 2437/2760/3699
f 2437/2760/3699 2175/2759/3697 2176/2761/3700
f 2437/2760/3699 2176/2761/3700 2434/2762/3701
f 2434/2762/3702 2176/2761/3700 2177/2763/3703
f 2434/2762/3701 2177/2763/3704 2431/2764/3705
f 2431/2764/3705 2177/2763/3703 2178/2765/3706
f 2431/2764/3705 2178/2765/3706 2428/2766/3707
f 2428/2766/3707 2178/2765/3706 2179/2767/3708
f 2428/2766/3707 2179/2767/3709 2425/2768/3710
f 2425/2768/3710 2179/2767/3708 2180/2769/3711
f 2425/2768/3710 2180/2769/3711 2422/2770/3712
f 2422/2770/3713 2180/2769/3711 2181/2771/3714
f 2422/2770/3712 2181/2771/3714 2416/2772/3715
f 2416/2772/3715 2181/2771/3714 2182/2773/3716
f 2416/2772/3715 2182/2773/3716 2417/2563/3410
f 2417/2563/3410 2182/2773/3716 2183/2565/3413
f 2241/2467/3240 2242/2701/3608 2358/2469/3717
f 2358/2469/3717 2242/2701/3608 2359/2699/3607
f 2358/2469/3717 2359/2699/3607 2355/2471/3718
f 2355/2471/3718 2359/2699/3607 2356/2697/3602
f 2355/2471/3718 2356/2697/3602 2352/2473/3719
f 2352/2473/3248 2356/2697/3720 2353/2695/3598
f 2352/2473/3719 2353/2695/3598 2349/2475/3721
f 2349/2475/3253 2353/2695/3722 2350/2693/3594
f 2349/2475/3253 2350/2693/3594 2346/2477/3723
f 2346/2477/3723 2350/2693/3594 2347/2691/3724
f 2346/2477/3723 2347/2691/3725 2343/2479/3726
f 2343/2479/3726 2347/2691/3725 2344/2689/3589
f 2343/2479/3726 2344/2689/3589 2340/2481/3727
f 2340/2481/3727 2344/2689/3589 2341/2687/3728
f 2340/2481/3727 2341/2687/3728 2337/2483/3265
f 2337/2483/3265 2341/2687/3728 2338/2685/3729
f 2337/2483/3265 2338/2685/3729 2334/2485/3730
f 2334/2485/3731 2338/2685/3729 2335/2683/3582
f 2334/2485/3731 2335/2683/3582 2331/2487/3273
f 2331/2487/3273 2335/2683/3582 2332/2681/3732
f 2331/2487/3273 2332/2681/3732 2328/2489/3276
f 2328/2489/3276 2332/2681/3732 2329/2679/3733
f 2328/2489/3734 2329/2679/3733 2325/2491/3735
f 2325/2491/3735 2329/2679/3733 2326/2677/3736
f 2325/2491/3282 2326/2677/3571 2322/2493/3737
f 2322/2493/3737 2326/2677/3571 2323/2675/3567
f 2322/2493/3737 2323/2675/3567 2319/2495/3738
f 2319/2495/3738 2323/2675/3567 2320/2673/3739
f 2319/2495/3740 2320/2673/3739 2316/2497/3741
f 2316/2497/3741 2320/2673/3739 2317/2671/3560
f 2316/2497/3741 2317/2671/3560 2313/2499/3742
f 2313/2499/3742 2317/2671/3560 2314/2669/3559
f 2313/2499/3742 2314/2669/3559 2310/2501/3743
f 2310/2501/3744 2314/2669/3555 2311/2667/3745
f 2310/2501/3743 2311/2667/3745 2304/2503/3293
f 2304/2503/3293 2311/2667/3746 2305/2665/3747
f 2304/2503/3293 2305/2665/3747 2307/2505/3748
f 2307/2505/3749 2305/2665/3548 2306/2663/3750
f 2307/2505/3748 2306/2663/3750 2301/2507/3299
f 2301/2507/3751 2306/2663/3750 2302/2661/3752
f 2301/2507/3753 2302/2661/3752 2298/2509/3754
f 2298/2509/3754 2302/2661/3752 2299/2659/3540
f 2298/2509/3754 2299/2659/3540 2295/2511/3755
f 2295/2511/3756 2299/2659/3540 2296/2657/3757
f 2295/2511/3756 2296/2657/3757 2292/2513/3758
f 2292/2513/3758 2296/2657/3757 2293/2655/3534
f 2292/2513/3758 2293/2655/3534 2289/2515/3759
f 2289/2515/3759 2293/2655/3534 2290/2653/3760
f 2289/2515/3759 2290/2653/3760 2286/2517/3761
f 2286/2517/3761 2290/2653/3760 2287/2651/3762
f 2286/2517/3761 2287/2651/3527 2283/2519/3322
f 2283/2519/3322 2287/2651/3762 2284/2649/3524
f 2283/2519/3322 2284/2649/3524 2280/2521/3763
f 2280/2521/3763 2284/2649/3524 2281/2647/3764
f 2280/2521/3763 2281/2647/3765 2277/2523/3766
f 2277/2523/3329 2281/2647/3764 2278/2645/3767
f 2277/2523/3329 2278/2645/3767 2274/2525/3768
f 2274/2525/3768 2278/2645/3767 2275/2643/3515
f 2274/2525/3769 2275/2643/3515 2271/2527/3770
f 2271/2527/3771 2275/2643/3515 2272/2641/3772
f 2271/2527/3771 2272/2641/3772 2268/2529/3773
f 2268/2529/3774 2272/2641/3775 2269/2639/3776
f 2268/2529/3773 2269/2639/3776 2265/2531/3777
f 2265/2531/3777 2269/2639/3776 2266/2637/3508
f 2265/2531/3777 2266/2637/3508 2262/2533/3778
f 2262/2533/3779 2266/2637/3508 2263/2635/3780
f 2262/2533/3779 2263/2635/3780 2259/2535/3781
f 2259/2535/3782 2263/2635/3780 2260/2633/3502
f 2259/2535/3781 2260/2633/3502 2256/2537/3783
f 2256/2537/3783 2260/2633/3502 2257/2631/3784
f 2256/2537/3785 2257/2631/3784 2253/2539/3786
f 2253/2539/3786 2257/2631/3784 2254/2629/3494
f 2253/2539/3786 2254/2629/3492 2250/2541/3352
f 2250/2541/3787 2254/2629/3492 2251/2627/3788
f 2250/2541/3789 2251/2627/3790 2244/2542/3354
f 2244/2542/3791 2251/2627/3788 2245/2625/3487
f 2244/2542/3354 2245/2625/3486 2247/2543/3792
f 2247/2543/3792 2245/2625/3486 2246/2623/3485
f 2247/2543/3792 2246/2623/3485 2469/2544/3359
f 2469/2544/3793 2246/2623/3485 2470/2738/3794
f 2469/2544/3793 2470/2738/3794 2466/2545/3795
f 2466/2545/3795 2470/2738/3796 2467/2740/3668
f 2466/2545/3795 2467/2740/3668 2463/2546/3797
f 2463/2546/3797 2467/2740/3668 2464/2742/3798
f 2463/2546/3797 2464/2742/3799 2460/2547/3800
f 2460/2547/3800 2464/2742/3799 2461/2744/3675
f 2460/2547/3800 2461/2744/3675 2457/2548/3370
f 2457/2548/3370 2461/2744/3801 2458/2746/3802
f 2457/2548/3370 2458/2746/3802 2454/2549/3803
f 2454/2549/3803 2458/2746/3802 2455/2748/3679
f 2454/2549/3803 2455/2748/3679 2451/2550/3376
f 2451/2550/3376 2455/2748/3679 2452/2750/3804
f 2451/2550/3376 2452/2750/3804 2448/2551/3805
f 2448/2551/3378 2452/2750/3804 2449/2752/3806
f 2448/2551/3378 2449/2752/3806 2445/2552/3380
f 2445/2552/3807 2449/2752/3806 2446/2754/3689
f 2445/2552/3807 2446/2754/3689 2442/2553/3808
f 2442/2553/3808 2446/2754/3689 2443/2756/3809
f 2442/2553/3808 2443/2756/3809 2439/2554/3810
f 2439/2554/3810 2443/2756/3811 2440/2758/3812
f 2439/2554/3810 2440/2758/3812 2436/2555/3813
f 2436/2555/3813 2440/2758/3812 2437/2760/3814
f 2436/2555/3813 2437/2760/3814 2433/2556/3392
f 2433/2556/3392 2437/2760/3814 2434/2762/3815
f 2433/2556/3392 2434/2762/3701 2430/2557/3816
f 2430/2557/3816 2434/2762/3701 2431/2764/3705
f 2430/2557/3816 2431/2764/3817 2427/2558/3818
f 2427/2558/3818 2431/2764/3817 2428/2766/3707
f 2427/2558/3818 2428/2766/3819 2424/2559/3820
f 2424/2559/3821 2428/2766/3707 2425/2768/3822
f 2424/2559/3821 2425/2768/3822 2421/2560/3823
f 2421/2560/3823 2425/2768/3822 2422/2770/3824
f 2421/2560/3823 2422/2770/3824 2415/2561/3408
f 2415/2561/3825 2422/2770/3824 2416/2772/3826
f 2415/2561/3825 2416/2772/3826 2417/2563/3827
f 2242/2704/3608 2241/2465/3240 2362/2705/3828
f 2362/2705/3828 2241/2465/3240 2361/2463/3829
f 2362/2705/3828 2361/2463/3829 2365/2707/3612
f 2365/2707/3612 2361/2463/3829 2364/2461/3830
f 2365/2707/3612 2364/2461/3233 2368/2709/3615
f 2368/2709/3831 2364/2461/3233 2367/2459/3832
f 2368/2709/3615 2367/2459/3832 2371/2711/3833
f 2371/2711/3833 2367/2459/3832 2370/2457/3229
f 2371/2711/3833 2370/2457/3834 2374/2713/3835
f 2374/2713/3835 2370/2457/3836 2373/2455/3225
f 2374/2713/3835 2373/2455/3225 2377/2715/3837
f 2377/2715/3837 2373/2455/3225 2376/2453/3838
f 2377/2715/3837 2376/2453/3838 2380/2717/3839
f 2380/2717/3839 2376/2453/3838 2379/2451/3840
f 2380/2717/3839 2379/2451/3840 2383/2719/3841
f 2383/2719/3841 2379/2451/3840 2382/2449/3842
f 2383/2719/3841 2382/2449/3218 2386/2721/3843
f 2386/2721/3843 2382/2449/3844 2385/2447/3845
f 2386/2721/3843 2385/2447/3845 2389/2723/3846
f 2389/2723/3846 2385/2447/3845 2388/2445/3847
f 2389/2723/3846 2388/2445/3847 2392/2725/3848
f 2392/2725/3848 2388/2445/3847 2391/2443/3849
f 2392/2725/3848 2391/2443/3849 2395/2727/3645
f 2395/2727/3645 2391/2443/3849 2394/2441/3850
f 2395/2727/3645 2394/2441/3850 2398/2729/3649
f 2398/2729/3649 2394/2441/3850 2397/2439/3206
f 2398/2729/3649 2397/2439/3206 2401/2731/3652
f 2401/2731/3652 2397/2439/3206 2400/2437/3851
f 2401/2731/3652 2400/2437/3851 2404/2733/3852
f 2404/2733/3852 2400/2437/3851 2403/2435/3853
f 2404/2733/3852 2403/2435/3853 2407/2735/3664
f 2407/2735/3664 2403/2435/3201 2406/2433/3854
f 2407/2735/3664 2406/2433/3855 2410/2737/3856
f 2410/2737/3856 2406/2433/3855 2409/2431/3196
f 2410/2737/3857 2409/2431/3196 2413/2564/3411
f 2413/2564/3411 2409/2431/3196 2412/2429/3858
f 2413/2564/3411 2412/2429/3858 2418/2562/3859
f 2418/2562/3406 2412/2429/3193 2419/2427/3192
f 2418/2562/3406 2419/2427/3860 2414/2425/3404
f 2472/2774/3481 2164/2775/3481 2471/2776/3483
f 2471/2776/3483 2164/2775/3481 2163/2777/3483
f 2471/2778/3483 2163/2779/3483 2547/2780/3488
f 2547/2780/3861 2163/2779/3483 2239/2781/3861
f 2547/2780/3488 2239/2781/3488 2546/2782/3862
f 2546/2782/3862 2239/2781/3488 2238/2783/3862
f 2546/2782/3862 2238/2783/3862 2545/2784/3863
f 2545/2784/3863 2238/2783/3862 2237/2785/3863
f 2545/2784/3863 2237/2785/3863 2544/2786/3500
f 2544/2786/3500 2237/2785/3863 2236/2787/3500
f 2544/2786/3500 2236/2787/3500 2543/2788/3501
f 2543/2788/3501 2236/2787/3500 2235/2789/3501
f 2543/2788/3501 2235/2789/3501 2542/2790/3504
f 2542/2790/3504 2235/2789/3501 2234/2791/3504
f 2542/2790/3504 2234/2791/3504 2541/2792/3864
f 2541/2792/3864 2234/2791/3504 2233/2793/3864
f 2541/2792/3864 2233/2793/3864 2540/2794/3510
f 2540/2794/3510 2233/2793/3864 2232/2795/3510
f 2540/2794/3510 2232/2795/3510 2539/2796/3514
f 2539/2796/3514 2232/2795/3510 2231/2797/3514
f 2539/2796/3514 2231/2797/3514 2538/2798/3517
f 2538/2798/3865 2231/2797/3514 2230/2799/3517
f 2538/2798/3865 2230/2799/3517 2537/2800/3520
f 2537/2800/3520 2230/2799/3517 2229/2801/3520
f 2537/2800/3520 2229/2801/3520 2536/2802/3522
f 2536/2802/3522 2229/2801/3520 2228/2803/3522
f 2536/2802/3522 2228/2803/3522 2535/2804/3526
f 2535/2804/3526 2228/2803/3522 2227/2805/3526
f 2535/2804/3526 2227/2805/3526 2534/2806/3529
f 2534/2806/3529 2227/2805/3526 2226/2807/3529
f 2534/2806/3529 2226/2807/3529 2533/2808/3866
f 2533/2808/3866 2226/2807/3529 2225/2809/3866
f 2533/2808/3866 2225/2809/3866 2532/2810/3537
f 2532/2810/3537 2225/2809/3866 2224/2811/3537
f 2532/2810/3537 2224/2811/3537 2531/2812/3539
f 2531/2812/3539 2224/2811/3537 2223/2813/3539
f 2531/2812/3539 2223/2813/3539 2530/2814/3542
f 2530/2814/3542 2223/2813/3539 2222/2815/3542
f 2530/2814/3542 2222/2815/3542 2529/2816/3544
f 2529/2816/3544 2222/2815/3542 2221/2817/3544
f 2529/2816/3544 2221/2817/3544 2528/2818/3867
f 2528/2818/3867 2221/2817/3544 2220/2819/3867
f 2528/2818/3867 2220/2819/3867 2527/2820/3550
f 2527/2820/3550 2220/2819/3867 2219/2821/3550
f 2527/2820/3550 2219/2821/3550 2526/2822/3553
f 2526/2822/3553 2219/2821/3550 2218/2823/3553
f 2526/2822/3553 2218/2823/3553 2525/2824/3557
f 2525/2824/3557 2218/2823/3553 2217/2825/3557
f 2525/2824/3557 2217/2825/3557 2524/2826/3562
f 2524/2826/3562 2217/2825/3558 2216/2827/3562
f 2524/2826/3562 2216/2827/3562 2523/2828/3568
f 2523/2828/3568 2216/2827/3562 2215/2829/3568
f 2523/2828/3568 2215/2829/3568 2522/2830/3569
f 2522/2830/3569 2215/2829/3568 2214/2831/3569
f 2522/2830/3569 2214/2831/3569 2521/2832/3572
f 2521/2832/3572 2214/2831/3569 2213/2833/3572
f 2521/2832/3572 2213/2833/3572 2520/2834/3868
f 2520/2834/3868 2213/2833/3572 2212/2835/3868
f 2520/2834/3868 2212/2835/3868 2519/2836/3578
f 2519/2836/3578 2212/2835/3868 2211/2837/3578
f 2519/2836/3578 2211/2837/3578 2518/2838/3869
f 2518/2838/3869 2211/2837/3578 2210/2839/3869
f 2518/2838/3580 2210/2839/3580 2517/2840/3584
f 2517/2840/3584 2210/2839/3580 2209/2841/3584
f 2517/2840/3584 2209/2841/3584 2516/2842/3586
f 2516/2842/3586 2209/2841/3584 2208/2843/3586
f 2516/2842/3586 2208/2843/3586 2515/2844/3588
f 2515/2844/3588 2208/2843/3586 2207/2845/3588
f 2515/2844/3588 2207/2845/3588 2514/2846/3592
f 2514/2846/3592 2207/2845/3588 2206/2847/3592
f 2514/2846/3593 2206/2847/3593 2513/2848/3596
f 2513/2848/3596 2206/2847/3870 2205/2849/3596
f 2513/2848/3596 2205/2849/3596 2512/2850/3871
f 2512/2850/3871 2205/2849/3596 2204/2851/3871
f 2512/2850/3871 2204/2851/3871 2511/2852/3603
f 2511/2852/3603 2204/2851/3871 2203/2853/3603
f 2511/2852/3603 2203/2853/3603 2510/2854/3872
f 2510/2854/3872 2203/2853/3603 2202/2855/3872
f 2510/2854/3872 2202/2855/3872 2509/2856/3609
f 2509/2856/3609 2202/2855/3872 2201/2857/3609
f 2509/2856/3609 2201/2857/3609 2508/2858/3611
f 2508/2858/3611 2201/2857/3609 2200/2859/3611
f 2508/2858/3611 2200/2859/3611 2507/2860/3614
f 2507/2860/3614 2200/2859/3611 2199/2861/3614
f 2507/2860/3614 2199/2861/3614 2506/2862/3617
f 2506/2862/3617 2199/2861/3614 2198/2863/3617
f 2506/2862/3617 2198/2863/3617 2505/2864/3873
f 2505/2864/3620 2198/2863/3617 2197/2865/3874
f 2505/2864/3875 2197/2865/3875 2504/2866/3622
f 2504/2866/3622 2197/2865/3875 2196/2867/3622
f 2504/2866/3622 2196/2867/3622 2503/2868/3626
f 2503/2868/3626 2196/2867/3622 2195/2869/3626
f 2503/2868/3626 2195/2869/3626 2502/2870/3876
f 2502/2870/3876 2195/2869/3626 2194/2871/3876
f 2502/2870/3876 2194/2871/3876 2501/2872/3633
f 2501/2872/3633 2194/2871/3876 2193/2873/3633
f 2501/2872/3636 2193/2873/3636 2500/2874/3639
f 2500/2874/3639 2193/2873/3636 2192/2875/3639
f 2500/2874/3639 2192/2875/3639 2499/2876/3640
f 2499/2876/3640 2192/2875/3639 2191/2877/3640
f 2499/2876/3640 2191/2877/3640 2498/2878/3644
f 2498/2878/3644 2191/2877/3640 2190/2879/3644
f 2498/2878/3644 2190/2879/3644 2497/2880/3647
f 2497/2880/3647 2190/2879/3644 2189/2881/3647
f 2497/2880/3647 2189/2881/3647 2496/2882/3651
f 2496/2882/3651 2189/2881/3647 2188/2883/3651
f 2496/2882/3651 2188/2883/3651 2495/2884/3877
f 2495/2884/3877 2188/2883/3651 2187/2885/3877
f 2495/2884/3877 2187/2885/3877 2494/2886/3661
f 2494/2886/3658 2187/2885/3877 2186/2887/3658
f 2494/2886/3661 2186/2887/3661 2493/2888/3878
f 2493/2888/3878 2186/2887/3661 2185/2889/3878
f 2493/2888/3878 2185/2889/3878 2492/2890/3415
f 2492/2890/3415 2185/2889/3878 2184/2891/3415
f 2492/2890/3415 2184/2891/3415 2491/2892/3879
f 2491/2892/3879 2184/2891/3415 2183/2893/3879
f 2491/2892/3879 2183/2893/3879 2490/2894/3716
f 2490/2894/3716 2183/2893/3879 2182/2895/3716
f 2490/2894/3716 2182/2895/3716 2489/2896/3880
f 2489/2896/3880 2182/2895/3716 2181/2897/3880
f 2489/2896/3880 2181/2897/3880 2488/2898/3711
f 2488/2898/3711 2181/2897/3880 2180/2899/3711
f 2488/2898/3711 2180/2899/3711 2487/2900/3708
f 2487/2900/3708 2180/2899/3711 2179/2901/3708
f 2487/2900/3708 2179/2901/3708 2486/2902/3706
f 2486/2902/3706 2179/2901/3708 2178/2903/3706
f 2486/2902/3706 2178/2903/3706 2485/2904/3703
f 2485/2904/3703 2178/2903/3706 2177/2905/3703
f 2485/2904/3703 2177/2905/3703 2484/2906/3881
f 2484/2906/3881 2177/2905/3703 2176/2907/3881
f 2484/2906/3881 2176/2907/3881 2483/2908/3697
f 2483/2908/3697 2176/2907/3881 2175/2909/3697
f 2483/2908/3697 2175/2909/3697 2482/2910/3694
f 2482/2910/3694 2175/2909/3697 2174/2911/3694
f 2482/2910/3694 2174/2911/3694 2481/2912/3882
f 2481/2912/3882 2174/2911/3694 2173/2913/3882
f 2481/2912/3693 2173/2913/3693 2480/2914/3688
f 2480/2914/3688 2173/2913/3882 2172/2915/3688
f 2480/2914/3688 2172/2915/3688 2479/2916/3685
f 2479/2916/3685 2172/2915/3688 2171/2917/3685
f 2479/2916/3685 2171/2917/3685 2478/2918/3682
f 2478/2918/3682 2171/2917/3685 2170/2919/3682
f 2478/2918/3682 2170/2919/3682 2477/2920/3681
f 2477/2920/3681 2170/2919/3682 2169/2921/3681
f 2477/2920/3681 2169/2921/3681 2476/2922/3676
f 2476/2922/3676 2169/2921/3681 2168/2923/3676
f 2476/2922/3676 2168/2923/3676 2475/2924/3673
f 2475/2924/3673 2168/2923/3676 2167/2925/3673
f 2475/2924/3673 2167/2925/3673 2474/2926/3670
f 2474/2926/3670 2167/2925/3673 2166/2927/3670
f 2474/2926/3670 2166/2927/3670 2473/2928/3667
f 2473/2928/3667 2166/2927/3670 2165/2929/3667
f 2473/2928/3667 2165/2929/3667 2472/2774/3883
f 2472/2774/3883 2165/2929/3667 2164/2775/3883
f 2162/2930/3162 2126/2931/3162 2088/2932/3162
f 2088/2932/3162 2126/2931/3162 2125/2933/3162
f 2088/2932/3162 2125/2933/3162 2089/2934/3162
f 2089/2934/3162 2125/2933/3162 2124/2935/3162
f 2089/2934/3162 2124/2935/3162 2123/2936/3162
f 2126/2931/3162 2162/2930/3162 2127/2937/3162
f 2127/2937/3162 2162/2930/3162 2161/2938/3162
f 2127/2937/3162 2161/2938/3162 2128/2939/3162
f 2128/2939/3162 2161/2938/3162 2160/2940/3162
f 2128/2939/3162 2160/2940/3162 2129/2941/3162
f 2129/2941/3162 2160/2940/3162 2159/2942/3162
f 2129/2941/3162 2159/2942/3162 2130/2943/3162
f 2130/2943/3162 2159/2942/3162 2158/2944/3162
f 2130/2943/3162 2158/2944/3162 2131/2945/3162
f 2131/2945/3162 2158/2944/3162 2157/2946/3162
f 2131/2945/3162 2157/2946/3162 2132/2947/3162
f 2132/2947/3162 2157/2946/3162 2156/2948/3162
f 2132/2947/3162 2156/2948/3162 2133/2949/3162
f 2133/2949/3162 2156/2948/3162 2155/2950/3162
f 2133/2949/3162 2155/2950/3162 2134/2951/3162
f 2134/2951/3162 2155/2950/3162 2154/2952/3162
f 2134/2951/3162 2154/2952/3162 2135/2953/3162
f 2135/2953/3162 2154/2952/3162 2153/2954/3162
f 2135/2953/3162 2153/2954/3162 2136/2955/3162
f 2136/2955/3162 2153/2954/3162 2152/2956/3162
f 2136/2955/3162 2152/2956/3162 2137/2957/3162
f 2137/2957/3162 2152/2956/3162 2151/2958/3162
f 2137/2957/3162 2151/2958/3162 2138/2959/3162
f 2138/2959/3162 2151/2958/3162 2150/2960/3162
f 2138/2959/3162 2150/2960/3162 2139/2961/3162
f 2139/2961/3162 2150/2960/3162 2149/2962/3162
f 2139/2961/3162 2149/2962/3162 2140/2963/3162
f 2140/2963/3162 2149/2962/3162 2148/2964/3162
f 2140/2963/3162 2148/2964/3162 2141/2965/3162
f 2141/2965/3162 2148/2964/3162 2147/2966/3162
f 2141/2965/3162 2147/2966/3162 2142/2967/3162
f 2142/2967/3162 2147/2966/3162 2146/2968/3162
f 2142/2967/3162 2146/2968/3162 2143/2969/3162
f 2143/2969/3162 2146/2968/3162 2145/2970/3162
f 2143/2969/3162 2145/2970/3162 2144/2971/3162
f 2123/2936/3162 2122/2972/3162 2089/2934/3162
f 2089/2934/3162 2122/2972/3162 2121/2973/3162
f 2089/2934/3162 2121/2973/3162 2120/2974/3162
f 2120/2974/3162 2119/2975/3162 2089/2934/3162
f 2089/2934/3162 2119/2975/3162 2118/2976/3162
f 2089/2934/3162 2118/2976/3162 2117/2977/3162
f 2117/2977/3162 2116/2978/3162 2089/2934/3162
f 2089/2934/3162 2116/2978/3162 2115/2979/3162
f 2089/2934/3162 2115/2979/3162 2114/2980/3162
f 2114/2980/3162 2113/2981/3162 2089/2934/3162
f 2089/2934/3162 2113/2981/3162 2112/2982/3162
f 2089/2934/3162 2112/2982/3162 2111/2983/3162
f 2111/2983/3162 2110/2984/3162 2089/2934/3162
f 2089/2934/3162 2110/2984/3162 2109/2985/3162
f 2089/2934/3162 2109/2985/3162 2108/2986/3162
f 2108/2986/3162 2107/2987/3162 2089/2934/3162
f 2089/2934/3162 2107/2987/3162 2106/2988/3162
f 2089/2934/3162 2106/2988/3162 2105/2989/3162
f 2105/2989/3162 2104/2990/3162 2089/2934/3162
f 2089/2934/3162 2104/2990/3162 2103/2991/3162
f 2089/2934/3162 2103/2991/3162 2102/2992/3162
f 2102/2992/3162 2101/2993/3162 2089/2934/3162
f 2089/2934/3162 2101/2993/3162 2100/2994/3162
f 2089/2934/3162 2100/2994/3162 2099/2995/3162
f 2099/2995/3162 2098/2996/3162 2089/2934/3162
f 2089/2934/3162 2098/2996/3162 2097/2997/3162
f 2089/2934/3162 2097/2997/3162 2096/2998/3162
f 2096/2998/3162 2095/2999/3162 2089/2934/3162
f 2089/2934/3162 2095/2999/3162 2094/3000/3162
f 2089/2934/3162 2094/3000/3162 2093/3001/3162
f 2093/3001/3162 2092/3002/3162 2089/2934/3162
f 2089/2934/3162 2092/3002/3162 2091/3003/3162
f 2089/2934/3162 2091/3003/3162 2090/3004/3162
f 2547/3005/3884 2510/3006/3884 2471/3007/3884
f 2471/3007/3884 2510/3006/3884 2509/3008/3884
f 2471/3007/3884 2509/3008/3884 2472/3009/3884
f 2472/3009/3884 2509/3008/3884 2508/3010/3884
f 2472/3009/3884 2508/3010/3884 2473/3011/3884
f 2473/3011/3884 2508/3010/3884 2507/3012/3884
f 2473/3011/3884 2507/3012/3884 2474/3013/3884
f 2474/3013/3884 2507/3012/3884 2506/3014/3884
f 2474/3013/3884 2506/3014/3884 2475/3015/3884
f 2475/3015/3884 2506/3014/3884 2505/3016/3884
f 2475/3015/3884 2505/3016/3884 2476/3017/3884
f 2476/3017/3884 2505/3016/3884 2504/3018/3884
f 2476/3017/3884 2504/3018/3884 2477/3019/3884
f 2477/3019/3884 2504/3018/3884 2503/3020/3884
f 2477/3019/3884 2503/3020/3884 2478/3021/3884
f 2478/3021/3884 2503/3020/3884 2502/3022/3884
f 2478/3021/3884 2502/3022/3884 2479/3023/3884
f 2479/3023/3884 2502/3022/3884 2501/3024/3884
f 2479/3023/3884 2501/3024/3884 2480/3025/3884
f 2480/3025/3884 2501/3024/3884 2500/3026/3884
f 2480/3025/3884 2500/3026/3884 2481/3027/3884
f 2481/3027/3884 2500/3026/3884 2499/3028/3884
f 2481/3027/3884 2499/3028/3884 2482/3029/3884
f 2482/3029/3884 2499/3028/3884 2498/3030/3884
f 2482/3029/3884 2498/3030/3884 2483/3031/3884
f 2483/3031/3884 2498/3030/3884 2497/3032/3884
f 2483/3031/3884 2497/3032/3884 2484/3033/3884
f 2484/3033/3884 2497/3032/3884 2496/3034/3884
f 2484/3033/3884 2496/3034/3884 2485/3035/3884
f 2485/3035/3884 2496/3034/3884 2495/3036/3884
f 2485/3035/3884 2495/3036/3884 2486/3037/3884
f 2486/3037/3884 2495/3036/3884 2494/3038/3884
f 2486/3037/3884 2494/3038/3884 2487/3039/3884
f 2487/3039/3884 2494/3038/3884 2493/3040/3884
f 2487/3039/3884 2493/3040/3884 2488/3041/3884
f 2488/3041/3884 2493/3040/3884 2492/3042/3884
f 2488/3041/3884 2492/3042/3884 2489/3043/3884
f 2489/3043/3884 2492/3042/3884 2491/3044/3884
f 2489/3043/3884 2491/3044/3884 2490/3045/3884
f 2510/3006/3884 2547/3005/3884 2511/3046/3884
f 2511/3046/3884 2547/3005/3884 2546/3047/3884
f 2511/3046/3884 2546/3047/3884 2545/3048/3884
f 2545/3048/3884 2544/3049/3884 2511/3046/3884
f 2511/3046/3884 2544/3049/3884 2543/3050/3884
f 2511/3046/3884 2543/3050/3884 2542/3051/3884
f 2542/3051/3884 2541/3052/3884 2511/3046/3884
f 2511/3046/3884 2541/3052/3884 2540/3053/3884
f 2511/3046/3884 2540/3053/3884 2539/3054/3884
f 2539/3054/3884 2538/3055/3884 2511/3046/3884
f 2511/3046/3884 2538/3055/3884 2537/3056/3884
f 2511/3046/3884 2537/3056/3884 2536/3057/3884
f 2536/3057/3884 2535/3058/3884 2511/3046/3884
f 2511/3046/3884 2535/3058/3884 2534/3059/3884
f 2511/3046/3884 2534/3059/3884 2533/3060/3884
f 2533/3060/3884 2532/3061/3884 2511/3046/3884
f 2511/3046/3884 2532/3061/3884 2531/3062/3884
f 2511/3046/3884 2531/3062/3884 2530/3063/3884
f 2530/3063/3884 2529/3064/3884 2511/3046/3884
f 2511/3046/3884 2529/3064/3884 2528/3065/3884
f 2511/3046/3884 2528/3065/3884 2527/3066/3884
f 2527/3066/3884 2526/3067/3884 2511/3046/3884
f 2511/3046/3884 2526/3067/3884 2525/3068/3884
f 2511/3046/3884 2525/3068/3884 2524/3069/3884
f 2524/3069/3884 2523/3070/3884 2511/3046/3884
f 2511/3046/3884 2523/3070/3884 2522/3071/3884
f 2511/3046/3884 2522/3071/3884 2521/3072/3884
f 2521/3072/3884 2520/3073/3884 2511/3046/3884
f 2511/3046/3884 2520/3073/3884 2519/3074/3884
f 2511/3046/3884 2519/3074/3884 2518/3075/3884
f 2518/3075/3884 2517/3076/3884 2511/3046/3884
f 2511/3046/3884 2517/3076/3884 2516/3077/3884
f 2511/3046/3884 2516/3077/3884 2515/3078/3884
f 2515/3078/3884 2514/3079/3884 2511/3046/3884
f 2511/3046/3884 2514/3079/3884 2513/3080/3884
f 2511/3046/3884 2513/3080/3884 2512/3081/3884
g face_face
v -33.309750 0.752120 43.121891
v -33.309750 0.603390 43.397148
v -33.309750 0.376881 43.612972
v -33.309750 0.094764 43.748238
v -33.309750 -0.215345 43.789703
v -33.309750 -0.523090 43.733315
v 33.309750 -0.523090 43.733315
v 33.309750 -0.215345 43.789703
v 33.309750 0.094764 43.748238
v 33.309750 0.376881 43.612972
v 33.309750 0.603390 43.397148
v 33.309750 0.752120 43.121891
v -24.982311 0.553304 43.457619
v -16.654875 0.553304 43.457619
v -8.327437 0.553304 43.457619
v 0.000000 0.553304 43.457619
v 8.327437 0.553304 43.457619
v 16.654875 0.553304 43.457619
v 24.982311 0.553304 43.457619
v -24.982311 0.241145 43.691708
v -16.654875 0.241145 43.691708
v -8.327437 0.241145 43.691708
v 0.000000 0.241145 43.691708
v 8.327437 0.241145 43.691708
v 16.654875 0.241145 43.691708
v 24.982311 0.241145 43.691708
v -24.982311 -0.136834 43.788517
v -16.654875 -0.136834 43.788517
v -8.327437 -0.136834 43.788517
v 0.000000 -0.136834 43.788517
v 8.327437 -0.136834 43.788517
v 16.654875 -0.136834 43.788517
v 24.982311 -0.136834 43.788517
v 55.000000 3.609371 31.987885
v 54.951057 3.900872 32.090446
v 54.809017 4.163839 32.182968
v 54.587784 4.372531 32.256393
v 54.309017 4.506519 32.303535
v 54.000000 4.552689 32.319778
v 53.953365 4.284931 33.080811
v 53.816067 4.020617 33.832050
v 53.591999 3.762796 34.564838
v 53.285061 3.514512 35.270523
v 52.902256 3.278389 35.941643
v 52.454071 3.055221 36.575935
v 51.949379 2.845308 37.172558
v 51.397045 2.648948 37.730659
v 50.805420 2.466067 38.250446
v 50.180214 2.295913 38.734066
v 49.526318 2.137850 39.183319
v 48.848614 1.991245 39.600006
v 47.437145 1.729782 40.343143
v 45.966202 1.506732 40.977104
v 44.452473 1.317748 41.514240
v 42.906235 1.159863 41.962986
v 41.335190 1.030747 42.329967
v 39.747044 0.928066 42.621811
v 38.147873 0.849812 42.844227
v 36.540241 0.794970 43.000099
v 34.926685 0.762691 43.091846
v 34.966591 -0.512268 43.702557
v 36.621136 -0.479175 43.608498
v 38.271355 -0.422872 43.448471
v 39.915207 -0.342418 43.219803
v 41.550678 -0.236717 42.919373
v 43.172554 -0.103453 42.540607
v 44.774117 0.060122 42.075687
v 46.348660 0.256755 41.516811
v 47.887123 0.490046 40.853745
v 49.374310 0.765595 40.070572
v 50.093445 0.921135 39.628490
v 50.791237 1.089791 39.149124
v 51.462669 1.272569 38.629627
v 52.102722 1.470473 38.067139
v 52.705524 1.684762 37.458080
v 53.261276 1.915920 36.801075
v 53.759144 2.163926 36.096184
v 54.188286 2.428757 35.343472
v 54.535072 2.709699 34.544968
v 54.789661 3.003080 33.711109
v 54.946487 3.304453 32.854534
v 52.674465 3.025652 36.600033
v 53.301537 2.187191 36.779949
v 54.163704 4.302924 32.969727
v 54.352612 4.242006 32.967171
v 54.464649 4.185882 32.958664
v 54.625000 4.071386 32.934544
v 54.759613 3.929977 32.898273
v 54.862869 3.767244 32.851021
v 54.930614 3.589327 32.794746
v 54.063732 4.073978 33.620441
v 54.249989 4.007128 33.634750
v 54.360458 3.947492 33.636223
v 54.518593 3.827981 33.626362
v 54.651321 3.682349 33.602097
v 54.753044 3.516328 33.564186
v 54.819725 3.336219 33.514145
v 53.900173 3.849058 34.259720
v 54.082233 3.776413 34.290497
v 54.190224 3.713352 34.301704
v 54.344818 3.588963 34.305702
v 54.474564 3.439212 34.293144
v 54.573940 3.269933 34.264500
v 54.639042 3.087617 34.220730
v 53.675526 3.630132 34.881962
v 53.852039 3.551993 34.928352
v 53.956738 3.485678 34.948807
v 54.106609 3.356643 34.966015
v 54.232399 3.202980 34.964573
v 54.328781 3.030659 34.944572
v 54.391945 2.846317 34.906559
v 53.392384 3.419168 35.481571
v 53.562195 3.335994 35.542271
v 53.662895 3.266679 35.571251
v 53.806999 3.133325 35.600735
v 53.927994 2.976064 35.609524
v 54.020893 2.801093 35.597054
v 54.081905 2.615092 35.563755
v 53.056568 3.217580 36.054531
v 53.218918 3.129909 36.128014
v 53.315186 3.057919 36.164600
v 53.452930 2.920719 36.205009
v 53.568604 2.760247 36.222923
v 53.657482 2.582882 36.217262
v 53.715900 2.395356 36.188297
v 52.251556 2.843535 37.117653
v 52.397877 2.748379 37.212414
v 52.484665 2.671963 37.261578
v 52.608906 2.528454 37.319920
v 52.713177 2.362659 37.352962
v 52.793079 2.181100 37.359219
v 52.845444 1.990748 37.338287
v 53.246090 2.376195 36.804710
v 53.161633 2.555775 36.804085
v 53.051582 2.719082 36.778111
v 52.920502 2.859649 36.728130
v 52.828911 2.933997 36.684841
v 51.698723 2.638432 37.700603
v 51.835342 2.539678 37.805588
v 51.916374 2.461132 37.860809
v 52.032364 2.314579 37.927803
v 52.129723 2.146222 37.968128
v 52.204338 1.962675 37.980034
v 52.253250 1.771000 37.962864
v 51.104355 2.447701 38.242706
v 51.231621 2.345939 38.356243
v 51.307076 2.265599 38.416557
v 51.415031 2.116462 38.490898
v 51.505703 1.945955 38.537334
v 51.575420 1.760833 38.553719
v 51.621281 1.568178 38.539333
v 50.475056 2.270538 38.746246
v 50.593376 2.166247 38.866966
v 50.663536 2.084409 38.931541
v 50.763924 1.933129 39.011974
v 50.848228 1.760821 39.063526
v 50.913006 1.574312 39.083855
v 50.955585 1.380742 39.072067
v 49.815861 2.106197 39.213341
v 49.925678 1.999786 39.340088
v 49.990810 1.916696 39.408222
v 50.084042 1.763634 39.493717
v 50.162300 1.589819 39.549557
v 50.222286 1.402110 39.573292
v 50.261616 1.207724 39.563828
v 49.131786 1.953965 39.646019
v 49.233566 1.845773 39.777832
v 49.293934 1.761627 39.848965
v 49.380348 1.607058 39.938744
v 49.452881 1.431974 39.998188
v 49.508469 1.243279 40.024727
v 49.544907 1.048235 40.017132
v 48.427559 1.813110 40.046364
v 48.521790 1.703406 40.182472
v 48.577656 1.618360 40.256165
v 48.657589 1.462492 40.349636
v 48.724724 1.286328 40.412148
v 48.776352 1.096841 40.440937
v 48.810322 0.901304 40.434746
v 46.969204 1.562764 40.757908
v 47.049595 1.450676 40.900787
v 47.097279 1.364219 40.978489
v 47.165531 1.206339 41.077682
v 47.222820 1.028479 41.145016
v 47.266731 0.837665 41.177574
v 47.295521 0.641240 41.173908
v 45.349304 1.336310 41.401543
v 45.416500 1.222374 41.549679
v 45.456333 1.134818 41.630505
v 45.513306 0.975360 41.734177
v 45.561172 0.796181 41.805264
v 45.598045 0.604375 41.840641
v 45.622341 0.407314 41.838779
v 43.687408 1.148152 41.936329
v 43.742744 1.032860 42.088318
v 43.775543 0.944499 42.171432
v 43.822445 0.783887 42.278389
v 43.861858 0.603740 42.352222
v 43.892258 0.411203 42.389683
v 43.912319 0.213668 42.389168
v 41.993664 0.995058 42.371460
v 42.038227 0.878792 42.526218
v 42.064659 0.789856 42.610966
v 42.102497 0.628425 42.720249
v 42.134254 0.447587 42.796047
v 42.158581 0.254498 42.835075
v 42.174515 0.056586 42.835629
v 40.277493 0.874010 42.715508
v 40.312145 0.757054 42.872227
v 40.332703 0.667710 42.958134
v 40.362144 0.505699 43.069065
v 40.386845 0.324371 43.146255
v 40.405716 0.130893 43.186390
v 40.418045 -0.067283 43.187698
v 38.547478 0.782153 42.976585
v 38.572861 0.664705 43.134705
v 38.587894 0.575067 43.221447
v 38.609386 0.412633 43.333584
v 38.627457 0.230952 43.411777
v 38.641457 0.037216 43.452641
v 38.650738 -0.161121 43.454403
v 36.807503 0.717886 43.159248
v 36.824093 0.600110 43.318298
v 36.833923 0.510279 43.405590
v 36.847988 0.347566 43.518517
v 36.859802 0.165652 43.597374
v 36.868919 -0.028262 43.638744
v 36.874939 -0.226715 43.640839
v 35.060566 0.680123 43.266579
v 35.068733 0.562166 43.426144
v 35.073589 0.472227 43.513741
v 35.080559 0.309364 43.627094
v 35.086388 0.127321 43.706318
v 35.090767 -0.066698 43.747990
v 35.093578 -0.265223 43.750286
v 55.000000 31.671143 -47.770279
v 54.951057 31.962643 -47.667721
v 54.809017 32.225609 -47.575199
v 54.587784 32.434303 -47.501774
v 54.309017 32.568291 -47.454632
v 54.000000 32.614460 -47.438389
v 54.923882 29.225956 -39.667454
v 54.923882 26.419781 -31.691637
v 54.923882 23.613604 -23.715820
v 54.923882 20.807425 -15.740004
v 54.923882 18.001249 -7.764187
v 54.923882 15.195072 0.211629
v 54.923882 12.388895 8.187445
v 54.923882 9.582717 16.163263
v 54.923882 6.776541 24.139078
v 54.707108 29.531990 -39.559780
v 54.707108 26.725815 -31.583963
v 54.707108 23.919638 -23.608147
v 54.707108 21.113459 -15.632331
v 54.707108 18.307283 -7.656513
v 54.707108 15.501106 0.319303
v 54.707108 12.694929 8.295119
v 54.707108 9.888752 16.270935
v 54.707108 7.082575 24.246754
v 54.382683 29.736477 -39.487835
v 54.382683 26.930300 -31.512018
v 54.382683 24.124123 -23.536201
v 54.382683 21.317945 -15.560385
v 54.382683 18.511768 -7.584569
v 54.382683 15.705591 0.391248
v 54.382683 12.899415 8.367064
v 54.382683 10.093237 16.342882
v 54.382683 7.287060 24.318699
v 45.702255 35.985104 -60.031574
v 45.702255 36.260361 -59.882843
v 45.702255 36.476185 -59.656334
v 45.702255 36.611454 -59.374218
v 45.702255 36.652920 -59.064110
v 45.702255 36.596527 -58.756363
v 46.724144 36.576385 -58.699112
v 47.729355 36.512836 -58.518494
v 48.219315 36.463444 -58.378109
v 48.696980 36.402279 -58.204258
v 49.159473 36.329498 -57.997402
v 49.603947 36.245262 -57.757984
v 50.027206 36.149883 -57.486889
v 50.426853 36.044312 -57.186836
v 51.154678 35.806305 -56.510368
v 51.786644 35.538559 -55.749371
v 52.322067 35.248375 -54.924599
v 52.766022 34.942677 -54.055733
v 53.128593 34.625309 -53.153698
v 53.417397 34.299030 -52.226334
v 53.640045 33.966591 -51.281467
v 53.804146 33.630741 -50.326900
v 53.915901 33.293121 -49.367302
v 53.979713 32.954178 -48.403942
v 54.978931 32.024303 -48.774052
v 54.912338 32.377983 -49.779289
v 54.795143 32.731865 -50.785099
v 54.622498 33.085773 -51.791000
v 54.386875 33.438381 -52.793186
v 54.078239 33.787140 -53.784443
v 53.686535 34.129505 -54.757523
v 53.201702 34.462925 -55.705181
v 52.609299 34.783772 -56.617104
v 51.900612 35.083801 -57.469860
v 51.502586 35.223045 -57.865627
v 51.075401 35.353531 -58.236496
v 50.619030 35.474072 -58.579105
v 50.133595 35.583450 -58.889984
v 49.622795 35.680195 -59.164948
v 49.091415 35.763775 -59.402504
v 48.543720 35.833942 -59.601936
v 47.983959 35.890446 -59.762535
v 47.416420 35.933098 -59.883755
v 46.845070 35.962524 -59.967396
v 54.175014 32.955082 -48.466457
v 54.945072 32.276184 -48.740067
v 46.679657 36.625378 -58.898300
v 46.701027 36.632973 -59.095589
v 46.713692 36.617496 -59.219627
v 46.731800 36.561203 -59.409168
v 46.747021 36.468624 -59.584232
v 46.758770 36.343243 -59.737637
v 46.766533 36.189751 -59.863338
v 47.645817 36.568779 -58.737434
v 47.690708 36.574986 -58.930779
v 47.717346 36.558681 -59.052467
v 47.755501 36.501202 -59.238632
v 47.787498 36.407635 -59.410877
v 47.811928 36.281513 -59.562191
v 47.827869 36.127560 -59.686569
v 48.583092 36.469952 -58.456547
v 48.652744 36.473522 -58.642391
v 48.694065 36.455658 -58.759647
v 48.753212 36.395954 -58.939495
v 48.802853 36.300510 -59.106407
v 48.840870 36.172913 -59.253517
v 48.865765 36.017960 -59.375065
v 49.034485 36.404697 -58.271084
v 49.116482 36.406487 -58.451862
v 49.165096 36.387569 -58.566124
v 49.234638 36.326363 -58.741699
v 49.293053 36.229649 -58.905006
v 49.338013 36.101051 -59.049278
v 49.367615 35.945427 -59.168903
v 49.470947 36.329082 -58.056160
v 49.564968 36.328796 -58.231052
v 49.620701 36.308651 -58.341820
v 49.700420 36.245686 -58.512394
v 49.767395 36.147495 -58.671505
v 49.818996 36.017769 -58.812569
v 49.853004 35.861404 -58.930103
v 49.889893 36.243252 -57.812206
v 49.995392 36.240623 -57.980434
v 50.057964 36.219078 -58.087231
v 50.147526 36.154095 -58.252075
v 50.222706 36.054230 -58.406422
v 50.280346 35.923279 -58.544010
v 50.318146 35.766159 -58.659386
v 50.288219 36.147770 -57.540833
v 50.404377 36.142590 -57.701801
v 50.473305 36.119522 -57.804272
v 50.572029 36.052349 -57.962894
v 50.654831 35.950661 -58.112053
v 50.718037 35.818363 -58.245811
v 50.759289 35.660393 -58.358780
v 51.019855 35.931320 -56.925629
v 51.154648 35.920639 -57.070969
v 51.234631 35.894314 -57.164177
v 51.349194 35.822487 -57.309563
v 51.445274 35.716877 -57.447590
v 51.518620 35.581551 -57.572731
v 51.566490 35.421574 -57.679993
v 51.664425 35.686146 -56.228790
v 51.814381 35.669727 -56.357822
v 51.903320 35.640015 -56.441391
v 52.030636 35.563351 -56.573044
v 52.137497 35.453667 -56.699478
v 52.219387 35.315117 -56.815468
v 52.273064 35.152962 -56.916542
v 52.221493 35.418568 -55.468266
v 52.383263 35.396519 -55.581291
v 52.479187 35.363464 -55.655376
v 52.616455 35.282032 -55.773460
v 52.731716 35.168335 -55.888496
v 52.820244 35.026691 -55.995693
v 52.878407 34.862495 -56.090961
v 52.691620 35.134892 -54.661987
v 52.862080 35.107635 -54.760216
v 52.963184 35.071476 -54.825474
v 53.107910 34.985565 -54.930840
v 53.229382 34.868145 -55.035286
v 53.322475 34.723785 -55.134762
v 53.383492 34.557903 -55.225243
v 53.083595 34.839905 -53.823566
v 53.260464 34.807919 -53.908356
v 53.365379 34.768951 -53.965626
v 53.515591 34.679008 -54.059532
v 53.641644 34.558212 -54.154392
v 53.738140 34.411308 -54.246624
v 53.801319 34.243782 -54.332439
v 53.404930 34.536007 -52.959824
v 53.586407 34.499729 -53.032410
v 53.694050 34.458221 -53.082462
v 53.848152 34.364658 -53.166073
v 53.977486 34.240810 -53.252254
v 54.076538 34.091507 -53.337681
v 54.141426 33.922375 -53.418922
v 53.662224 34.225422 -52.077068
v 53.846882 34.185257 -52.138607
v 53.956402 34.141457 -52.182140
v 54.113159 34.044624 -52.256466
v 54.244747 33.918015 -52.334797
v 54.345638 33.766518 -52.413982
v 54.411800 33.595890 -52.490974
v 53.862083 33.910370 -51.181606
v 54.048870 33.866695 -51.233177
v 54.159641 33.820816 -51.270809
v 54.318172 33.721020 -51.336708
v 54.451267 33.591915 -51.407944
v 54.553402 33.438469 -51.481590
v 54.620438 33.266541 -51.554882
v 54.011066 33.593033 -50.279667
v 54.199303 33.546200 -50.322254
v 54.310932 33.498436 -50.354530
v 54.470695 33.395931 -50.412724
v 54.604824 33.264565 -50.477539
v 54.707741 33.109455 -50.546455
v 54.775288 32.936481 -50.616779
v 54.114170 33.274502 -49.374325
v 54.303341 33.224796 -49.408756
v 54.415527 33.175335 -49.436192
v 54.576096 33.070389 -49.487453
v 54.710892 32.936977 -49.546455
v 54.814308 32.780308 -49.610939
v 54.882172 32.606316 -49.678371
v 54.877010 32.451176 -48.675476
v 54.773312 32.609322 -48.615189
v 54.638157 32.744595 -48.561478
v 54.477173 32.851746 -48.516483
v 54.364689 32.902760 -48.493443
v -45.702255 35.985104 -60.031574
v -45.702255 36.260361 -59.882843
v -45.702255 36.476185 -59.656334
v -45.702255 36.611454 -59.374218
v -45.702255 36.652920 -59.064110
v -45.702255 36.596527 -58.756363
v -37.392754 36.320831 -59.832760
v -29.083252 36.320831 -59.832760
v -20.773752 36.320831 -59.832760
v -12.464251 36.320831 -59.832760
v -4.154750 36.320831 -59.832760
v 4.154750 36.320831 -59.832760
v 12.464251 36.320831 -59.832760
v 20.773752 36.320831 -59.832760
v 29.083252 36.320831 -59.832760
v 37.392754 36.320831 -59.832760
v -37.392754 36.554920 -59.520599
v -29.083252 36.554920 -59.520599
v -20.773752 36.554920 -59.520599
v -12.464251 36.554920 -59.520599
v -4.154750 36.554920 -59.520599
v 4.154750 36.554920 -59.520599
v 12.464251 36.554920 -59.520599
v 20.773752 36.554920 -59.520599
v 29.083252 36.554920 -59.520599
v 37.392754 36.554920 -59.520599
v -37.392754 36.651733 -59.142620
v -29.083252 36.651733 -59.142620
v -20.773752 36.651733 -59.142620
v -12.464251 36.651733 -59.142620
v -4.154750 36.651733 -59.142620
v 4.154750 36.651733 -59.142620
v 12.464251 36.651733 -59.142620
v 20.773752 36.651733 -59.142620
v 29.083252 36.651733 -59.142620
v 37.392754 36.651733 -59.142620
v -55.000000 31.671143 -47.770279
v -54.951057 31.962643 -47.667721
v -54.809017 32.225609 -47.575199
v -54.587784 32.434303 -47.501774
v -54.309017 32.568291 -47.454632
v -54.000000 32.614460 -47.438389
v -53.979790 32.954346 -48.404419
v -53.916050 33.293610 -49.368694
v -53.804138 33.631367 -50.328678
v -53.639389 33.966732 -51.281860
v -53.416428 34.298683 -52.225346
v -53.127769 34.624840 -53.152363
v -52.765568 34.942398 -54.054932
v -52.321815 35.248501 -54.924950
v -51.787773 35.538639 -55.749588
v -51.158112 35.806179 -56.510006
v -50.428493 36.044170 -57.186436
v -50.026840 36.149609 -57.486111
v -49.603065 36.244965 -57.757137
v -49.159180 36.329536 -57.997513
v -48.697186 36.402626 -58.205242
v -48.219627 36.463608 -58.378567
v -47.729950 36.512569 -58.517731
v -46.724701 36.576092 -58.698284
v -46.846214 35.962128 -59.966270
v -47.418022 35.932529 -59.882149
v -47.985142 35.890083 -59.761497
v -48.544151 35.834198 -59.602657
v -49.091572 35.764294 -59.403976
v -49.622231 35.680275 -59.165180
v -50.132179 35.583057 -58.888863
v -50.618404 35.473671 -58.577957
v -51.077900 35.353149 -58.235409
v -51.507652 35.222530 -57.864162
v -51.905884 35.083244 -57.468285
v -52.611137 34.783730 -56.616989
v -53.201405 34.463085 -55.705635
v -53.685719 34.129166 -54.756565
v -54.076786 33.786587 -53.782875
v -54.385250 33.437973 -52.792027
v -54.621510 33.085907 -51.791374
v -54.795197 32.732506 -50.786930
v -54.912575 32.378479 -49.780697
v -54.979046 32.024471 -48.774529
v -51.212334 35.865330 -56.738068
v -53.580639 34.330971 -52.377052
v -54.325962 33.706543 -52.805473
v -54.163052 33.039207 -48.705563
v -54.352638 32.987549 -48.734436
v -54.465073 32.936932 -48.758598
v -54.625992 32.830345 -48.805199
v -54.761086 32.695545 -48.860252
v -54.864731 32.537762 -48.921574
v -54.932751 32.363010 -48.986839
v -54.052509 33.481701 -49.963238
v -54.241142 33.433830 -50.002872
v -54.353016 33.385448 -50.033394
v -54.513138 33.282051 -50.089050
v -54.647552 33.149944 -50.151756
v -54.750660 32.994293 -50.219135
v -54.818306 32.820984 -50.288506
v -53.935535 33.766708 -50.773293
v -54.123035 33.721561 -50.820675
v -54.234234 33.674801 -50.855793
v -54.393383 33.573719 -50.918037
v -54.526989 33.443554 -50.986267
v -54.629494 33.289387 -51.057861
v -54.696754 33.117046 -51.129986
v -53.779495 34.050037 -51.578583
v -53.965359 34.007866 -51.634422
v -54.075584 33.962879 -51.674580
v -54.233330 33.864353 -51.744091
v -54.365765 33.736317 -51.818363
v -54.467407 33.583702 -51.894379
v -54.534134 33.412327 -51.969246
v -53.764229 34.292065 -52.442177
v -53.873112 34.249012 -52.487839
v -54.028946 34.153252 -52.565212
v -54.159771 34.027542 -52.646099
v -54.260120 33.876728 -52.727222
v -53.035015 34.879368 -53.935730
v -53.211063 34.847973 -54.022194
v -53.315483 34.809357 -54.080471
v -53.464962 34.719929 -54.175838
v -53.590424 34.599560 -54.271900
v -53.686550 34.452946 -54.364971
v -53.749546 34.285595 -54.451271
v -54.066402 33.998192 -53.634411
v -54.001812 34.167004 -53.552254
v -53.903275 34.315796 -53.465382
v -53.774708 34.438957 -53.377251
v -53.621536 34.531700 -53.291309
v -53.514530 34.572636 -53.239632
v -53.334118 34.607956 -53.164318
v -52.678425 35.143566 -54.686649
v -52.848640 35.116455 -54.785286
v -52.949585 35.080391 -54.850811
v -53.094059 34.994629 -54.956596
v -53.215351 34.877316 -55.061359
v -53.308414 34.732979 -55.160889
v -53.369492 34.567062 -55.251274
v -52.258629 35.398514 -55.411270
v -52.421146 35.376076 -55.523190
v -52.517525 35.342789 -55.596607
v -52.655453 35.261013 -55.713730
v -52.771255 35.147038 -55.827969
v -52.860134 35.005199 -55.934612
v -52.918484 34.840893 -56.029560
v -51.770943 35.640488 -56.099014
v -51.923420 35.623020 -56.225067
v -52.013870 35.592674 -56.306843
v -52.143360 35.515091 -56.435871
v -52.252029 35.404652 -56.560162
v -52.335224 35.265606 -56.674740
v -52.389698 35.103184 -56.775055
v -51.352062 35.852974 -56.878651
v -51.434948 35.825657 -56.969032
v -51.553619 35.752399 -57.110363
v -51.653198 35.645599 -57.244995
v -51.729424 35.509377 -57.367592
v -51.779316 35.348824 -57.473221
v -49.876518 36.245632 -57.818977
v -49.981571 36.243057 -57.987354
v -50.043884 36.221550 -58.094254
v -50.133087 36.156628 -58.259277
v -50.207954 36.056805 -58.413738
v -50.265312 35.925846 -58.551300
v -50.302898 35.768688 -58.666576
v -51.083138 35.572582 -58.109192
v -51.038475 35.731472 -57.998837
v -50.970589 35.865032 -57.868679
v -50.882324 35.968208 -57.723743
v -50.777241 36.037117 -57.570049
v -50.703789 36.061413 -57.471077
v -50.579899 36.068699 -57.316090
v -49.112259 36.392326 -58.235912
v -49.196350 36.393787 -58.415771
v -49.246258 36.374672 -58.529457
v -49.317738 36.313152 -58.704159
v -49.377686 36.216202 -58.866787
v -49.423424 36.087505 -59.010777
v -49.453262 35.931873 -59.130386
v -48.298122 36.505226 -58.556805
v -48.360123 36.509766 -58.745399
v -48.396854 36.492477 -58.864292
v -48.449371 36.433598 -59.046486
v -48.493523 36.338844 -59.215359
v -48.527660 36.211765 -59.363953
v -48.550243 36.057148 -59.486450
v -47.449387 36.583363 -58.778893
v -47.489449 36.589924 -58.973232
v -47.513184 36.573833 -59.095535
v -47.547115 36.516678 -59.282619
v -47.575642 36.423367 -59.455593
v -47.597706 36.297379 -59.607281
v -47.612301 36.143463 -59.731777
v -46.579742 36.628696 -58.907738
v -46.598881 36.636360 -59.105213
v -46.610252 36.620922 -59.229366
v -46.626568 36.564690 -59.419075
v -46.640221 36.472160 -59.594276
v -46.650528 36.346806 -59.747765
v -46.657169 36.193329 -59.873508
v -55.000000 3.609371 31.987885
v -54.951057 3.900872 32.090446
v -54.809017 4.163839 32.182968
v -54.587784 4.372531 32.256393
v -54.309017 4.506519 32.303535
v -54.000000 4.552689 32.319778
v -54.923882 6.776541 24.139078
v -54.923882 9.582717 16.163263
v -54.923882 12.388895 8.187445
v -54.923882 15.195072 0.211629
v -54.923882 18.001249 -7.764187
v -54.923882 20.807425 -15.740004
v -54.923882 23.613604 -23.715820
v -54.923882 26.419781 -31.691637
v -54.923882 29.225956 -39.667454
v -54.707108 7.082575 24.246754
v -54.707108 9.888752 16.270935
v -54.707108 12.694929 8.295119
v -54.707108 15.501106 0.319303
v -54.707108 18.307283 -7.656513
v -54.707108 21.113459 -15.632331
v -54.707108 23.919638 -23.608147
v -54.707108 26.725815 -31.583963
v -54.707108 29.531990 -39.559780
v -54.382683 7.287060 24.318699
v -54.382683 10.093237 16.342882
v -54.382683 12.899415 8.367064
v -54.382683 15.705591 0.391248
v -54.382683 18.511768 -7.584569
v -54.382683 21.317945 -15.560385
v -54.382683 24.124123 -23.536201
v -54.382683 26.930300 -31.512018
v -54.382683 29.736477 -39.487835
v -34.926960 0.762689 43.091850
v -36.541458 0.794981 43.000069
v -38.150200 0.849871 42.844059
v -39.750126 0.928235 42.621326
v -41.337769 1.031099 42.328964
v -42.907467 1.160323 41.961678
v -44.452877 1.318057 41.513363
v -45.966763 1.506766 40.977009
v -47.437447 1.729912 40.342773
v -48.849998 1.991401 39.599560
v -49.527100 2.138026 39.182819
v -50.180336 2.296078 38.733597
v -50.805794 2.466230 38.249989
v -51.397560 2.649096 37.730240
v -51.949348 2.845224 37.172798
v -52.453873 3.055022 36.576500
v -52.902184 3.278273 35.941967
v -53.284992 3.514603 35.270264
v -53.592937 3.762706 34.565094
v -53.818394 4.020276 33.833019
v -53.954647 4.284764 33.081284
v -54.948284 3.304187 32.855289
v -54.792900 3.002526 33.712685
v -54.536407 2.709551 34.545387
v -54.188198 2.428890 35.343094
v -53.758858 2.163740 36.096710
v -53.260712 1.915617 36.801933
v -52.705242 1.684618 37.458488
v -52.103310 1.470629 38.066696
v -51.463055 1.272759 38.629089
v -50.791283 1.090010 39.148506
v -50.094238 0.921325 39.627949
v -49.375790 0.765721 40.070210
v -47.887447 0.490204 40.853294
v -46.349236 0.256779 41.516743
v -44.774628 0.060496 42.074623
v -43.173954 -0.102903 42.539043
v -41.553402 -0.236317 42.918240
v -39.918377 -0.342244 43.219307
v -38.273727 -0.422816 43.448311
v -36.622375 -0.479169 43.608479
v -34.966866 -0.512271 43.702564
v -51.998917 2.745828 37.395363
v -52.574322 1.885862 37.636402
v -48.411934 1.810078 40.054981
v -48.793762 0.898086 40.443893
v -44.841297 1.274617 41.576889
v -46.043785 0.461715 41.684162
v -35.262634 0.683158 43.257954
v -35.271759 0.565215 43.417477
v -35.277184 0.475285 43.505051
v -35.284962 0.312432 43.618378
v -35.291473 0.130400 43.697571
v -35.296379 -0.063610 43.739216
v -35.299534 -0.262129 43.741501
v -37.211079 0.730337 43.123859
v -37.229668 0.612622 43.282738
v -37.240681 0.522826 43.369926
v -37.256424 0.360165 43.482708
v -37.269661 0.178294 43.561443
v -37.279896 -0.015584 43.602715
v -37.286663 -0.214013 43.604740
v -39.149933 0.810863 42.894985
v -39.178474 0.693566 43.052673
v -39.195385 0.604018 43.139164
v -39.219559 0.441712 43.250931
v -39.239887 0.260139 43.328819
v -39.255604 0.066485 43.369453
v -39.266006 -0.131798 43.371067
v -41.073856 0.926363 42.566708
v -41.113010 0.809704 42.722584
v -41.136242 0.720535 42.807995
v -41.169506 0.558775 42.918213
v -41.197411 0.377658 42.994804
v -41.218746 0.184343 43.034473
v -41.232689 -0.013725 43.035477
v -42.974541 1.079674 42.130962
v -43.025227 0.963946 42.284191
v -43.055271 0.875327 42.368038
v -43.098251 0.714350 42.476032
v -43.134357 0.533894 42.550743
v -43.162163 0.341105 42.588921
v -43.180485 0.143395 42.588905
v -44.904713 1.160224 41.726322
v -44.942329 1.072400 41.807911
v -44.996174 0.912564 41.912659
v -45.041367 0.733062 41.984661
v -45.075993 0.540984 42.020817
v -45.098686 0.343725 42.019520
v -46.660843 1.515919 40.891052
v -46.738571 1.403429 41.035076
v -46.784657 1.316731 41.113464
v -46.850590 1.158501 41.213650
v -46.905972 0.980353 41.281803
v -46.948563 0.789337 41.314938
v -46.976589 0.592793 41.311611
v -46.018555 0.658652 41.686378
v -45.980103 0.850250 41.651588
v -45.929974 1.029137 41.581333
v -45.870262 1.188242 41.478661
v -45.828541 1.275554 41.398525
v -45.758190 1.389083 41.251549
v -47.546459 1.655949 40.493053
v -47.632072 1.544707 40.633530
v -47.682850 1.458752 40.709808
v -47.755527 1.301592 40.806953
v -47.816536 1.124335 40.872574
v -47.863308 0.933979 40.903831
v -47.893982 0.737850 40.899323
v -49.521332 2.038557 39.405590
v -49.627598 1.931335 39.534641
v -49.690601 1.847758 39.604160
v -49.780743 1.693990 39.691662
v -49.856449 1.519593 39.749157
v -49.914684 1.331479 39.774044
v -49.953003 1.136854 39.765259
v -48.760075 1.093668 40.449959
v -48.708691 1.283197 40.421051
v -48.641659 1.459384 40.358467
v -48.561794 1.615272 40.264938
v -48.506001 1.700338 40.191193
v -50.572529 2.296690 38.671917
v -50.692162 2.192762 38.791607
v -50.763115 2.111145 38.855553
v -50.864681 1.960197 38.935043
v -50.949932 1.788152 38.985847
v -51.015278 1.601785 39.005772
v -51.058113 1.408267 38.993843
v -51.547710 2.587413 37.845615
v -51.681862 2.487824 37.952969
v -51.761410 2.408774 38.009621
v -51.875229 2.261485 38.078709
v -51.970810 2.092528 38.120743
v -52.044254 1.908588 38.133766
v -52.092529 1.716703 38.117191
v -52.421177 2.913367 36.919174
v -52.570618 2.819504 37.010258
v -52.659252 2.743857 37.057236
v -52.786125 2.601451 37.112446
v -52.892616 2.436579 37.142868
v -52.974258 2.255717 37.147141
v -53.027786 2.065815 37.124935
v -52.523476 2.076852 37.655521
v -52.445992 2.259378 37.646515
v -52.344997 2.426432 37.609890
v -52.224701 2.571440 37.547287
v -52.140648 2.648904 37.495144
v -52.809834 3.090014 36.417103
v -52.966953 2.999646 36.498253
v -53.060131 2.926063 36.539364
v -53.193466 2.786597 36.586220
v -53.305424 2.624209 36.609577
v -53.391376 2.445316 36.608257
v -53.447826 2.256750 36.582253
v -53.160027 3.275613 35.889587
v -53.324589 3.189195 35.959511
v -53.422176 3.117955 35.993961
v -53.561821 2.981845 36.031277
v -53.679073 2.822272 36.046635
v -53.769112 2.645531 36.039200
v -53.828255 2.458370 36.009201
v -53.724796 3.672344 34.761986
v -53.902546 3.595248 34.805412
v -54.007965 3.529540 34.824142
v -54.158855 3.401351 34.838943
v -54.285519 3.248423 34.835415
v -54.382652 3.076759 34.813549
v -54.446362 2.892916 34.774120
v -54.159401 2.668087 35.413136
v -54.098000 2.853792 35.447273
v -54.004345 3.028221 35.461281
v -53.882160 3.184666 35.454811
v -53.736595 3.317025 35.428158
v -53.634899 3.385657 35.401119
v -53.463444 3.467698 35.343636
v -53.930164 3.881405 34.167786
v -54.113083 3.809566 34.196270
v -54.221558 3.746967 34.206161
v -54.376797 3.623215 34.208351
v -54.507133 3.474027 34.194195
v -54.607174 3.305295 34.163998
v -54.672855 3.123419 34.118977
v -54.078732 4.095859 33.558254
v -54.265484 4.029545 33.571033
v -54.376240 3.970239 33.571571
v -54.534752 3.851221 33.560307
v -54.667828 3.705981 33.534927
v -54.769924 3.540170 33.496426
v -54.836926 3.360135 33.446175
v -54.167892 4.314050 32.938103
v -54.356960 4.253407 32.934769
v -54.469086 4.197457 32.925762
v -54.629566 4.083235 32.900867
v -54.764290 3.942031 32.864017
v -54.867641 3.779357 32.816597
v -54.935459 3.601410 32.760410
v 55.000000 29.784508 -48.434067
v 54.975960 30.159700 -49.500454
v 54.900421 30.535387 -50.568237
v 54.768269 30.909010 -51.630165
v 54.574383 31.278023 -52.678986
v 54.311543 31.642244 -53.714195
v 53.971375 31.999901 -54.730736
v 53.546764 32.346493 -55.715828
v 53.030651 32.677441 -56.656460
v 52.416664 32.987549 -57.537857
v 51.698849 33.271374 -58.344559
v 51.299236 33.401707 -58.714993
v 50.875862 33.522236 -59.057564
v 50.431091 33.631996 -59.369534
v 49.965191 33.730770 -59.650269
v 49.478424 33.818325 -59.899124
v 48.971062 33.894444 -60.115467
v 48.445736 33.958641 -60.297932
v 47.910648 34.010197 -60.444469
v 46.817646 34.077011 -60.634373
v 45.702255 34.098469 -60.695358
v 55.000000 1.722737 31.324100
v 33.309750 -2.409724 43.069530
v 35.034950 -2.397861 43.035812
v 36.763229 -2.361695 42.933018
v 38.485474 -2.300358 42.758682
v 40.192562 -2.212985 42.510349
v 41.877579 -2.098534 42.185055
v 43.552799 -1.953800 41.773685
v 45.205215 -1.776320 41.269245
v 46.813931 -1.564119 40.666122
v 48.358040 -1.315223 39.958698
v 49.103481 -1.175521 39.561634
v 49.831173 -1.024136 39.131359
v 50.535454 -0.860789 38.667091
v 51.210659 -0.685202 38.168030
v 51.851131 -0.497095 37.633385
v 52.451206 -0.296191 37.062370
v 53.004627 -0.082353 36.454594
v 53.504539 0.144370 35.810192
v 53.944263 0.383951 35.129246
v 54.317112 0.636364 34.411831
v 54.613979 0.899156 33.664913
v 54.827606 1.168201 32.900223
v 54.956696 1.442911 32.119431
v -33.309750 -2.409724 43.069530
v -22.000000 25.412144 -26.967710
v -21.926798 26.007296 -28.659271
v -21.707674 26.598488 -30.339575
v -21.344091 27.181784 -31.997438
v -20.838467 27.753302 -33.621830
v -20.194164 28.309240 -35.201942
v -19.415476 28.845901 -36.727253
v -18.507578 29.359707 -38.187618
v -17.476517 29.847244 -39.573318
v -16.329151 30.305267 -40.875126
v -15.073118 30.730730 -42.084385
v -13.716776 31.120794 -43.193043
v -12.269151 31.472870 -44.193726
v -10.739877 31.784613 -45.079769
v -9.139130 32.053947 -45.845284
v -7.477565 32.279083 -46.485168
v -5.766237 32.458519 -46.995171
v -4.016536 32.591064 -47.371891
v -2.240106 32.675835 -47.612827
v -0.448768 32.712265 -47.716370
v 1.345557 32.700111 -47.681835
v 3.130926 32.639462 -47.509453
v 4.895461 32.530716 -47.200367
v 6.627416 32.374596 -46.756638
v 8.315267 32.172142 -46.181217
v 9.947782 31.924700 -45.477932
v 11.514096 31.633921 -44.651466
v 13.003785 31.301735 -43.707314
v 14.406936 30.930355 -42.651764
v 15.714212 30.522251 -41.491840
v 16.916912 30.080143 -40.235264
v 18.007032 29.606968 -38.890388
v 18.977320 29.105879 -37.466171
v 19.821316 28.580208 -35.972092
v 20.533403 28.033453 -34.418087
v 21.108845 27.469254 -32.814503
v 21.543812 26.891367 -31.172005
v 21.835407 26.303633 -29.501532
v 21.981691 25.709969 -27.814196
v 21.981691 25.114321 -26.121225
v 21.835407 24.520657 -24.433889
v 21.543812 23.932922 -22.763416
v 21.108845 23.355036 -21.120920
v 20.533403 22.790836 -19.517336
v 19.821316 22.244081 -17.963331
v 18.977320 21.718410 -16.469250
v 18.007032 21.217319 -15.045033
v 16.916912 20.744144 -13.700160
v 15.714212 20.302038 -12.443581
v 14.406936 19.893934 -11.283657
v 13.003785 19.522554 -10.228107
v 11.514096 19.190369 -9.283957
v 9.947782 18.899590 -8.457490
v 8.315267 18.652147 -7.754205
v 6.627416 18.449694 -7.178783
v 4.895461 18.293573 -6.735054
v 3.130926 18.184826 -6.425969
v 1.345557 18.124176 -6.253585
v -0.448768 18.112026 -6.219051
v -2.240106 18.148457 -6.322596
v -4.016536 18.233227 -6.563530
v -5.766237 18.365770 -6.940251
v -7.477565 18.545206 -7.450253
v -9.139130 18.770342 -8.090137
v -10.739877 19.039677 -8.855652
v -12.269151 19.351418 -9.741698
v -13.716776 19.703493 -10.742380
v -15.073118 20.093559 -11.851039
v -16.329151 20.519018 -13.060297
v -17.476517 20.977041 -14.362106
v -18.507578 21.464581 -15.747804
v -19.415476 21.978388 -17.208168
v -20.194164 22.515049 -18.733480
v -20.838467 23.070988 -20.313591
v -21.344091 23.642506 -21.937983
v -21.707674 24.225801 -23.595846
v -21.926798 24.816994 -25.276150
v -20.108650 4.239691 33.209389
v -20.108650 5.846237 28.643208
v -20.040937 6.131794 27.831589
v -19.839462 6.410320 27.039951
v -19.509188 6.674956 26.287794
v -19.058245 6.919186 25.593636
v -18.497738 7.136997 24.974566
v -17.841471 7.323025 24.445829
v -17.105598 7.472690 24.020449
v -16.308245 7.582305 23.708895
v -15.469040 7.649174 23.518841
v -14.608651 7.671647 23.454964
v 14.608651 7.671647 23.454964
v 15.469040 7.649174 23.518841
v 16.308245 7.582305 23.708895
v 17.105598 7.472690 24.020449
v 17.841471 7.323025 24.445829
v 18.497738 7.136997 24.974566
v 19.058245 6.919186 25.593636
v 19.509188 6.674956 26.287794
v 19.839462 6.410320 27.039951
v 20.040937 6.131794 27.831589
v 20.108650 5.846237 28.643208
v 20.108650 4.239691 33.209389
v 20.040937 3.954135 34.021008
v 19.839462 3.675610 34.812645
v 19.509188 3.410974 35.564804
v 19.058245 3.166743 36.258965
v 18.497738 2.948933 36.878033
v 17.841471 2.762905 37.406769
v 17.105598 2.613240 37.832150
v 16.308245 2.503624 38.143703
v 15.469040 2.436756 38.333755
v 14.608651 2.414282 38.397633
v -14.608651 2.414282 38.397633
v -15.469040 2.436756 38.333755
v -16.308245 2.503624 38.143703
v -17.105598 2.613240 37.832150
v -17.841471 2.762905 37.406769
v -18.497738 2.948933 36.878033
v -19.058245 3.166743 36.258965
v -19.509188 3.410974 35.564804
v -19.839462 3.675610 34.812645
v -20.040937 3.954135 34.021008
v -20.000000 23.525511 -27.631496
v -19.925962 24.096132 -29.253338
v -19.704403 24.662529 -30.863171
v -19.336956 25.220509 -32.449078
v -18.826345 25.765938 -33.999321
v -18.176353 26.294781 -35.502415
v -17.391788 26.803122 -36.947235
v -16.478460 27.287191 -38.323086
v -15.443132 27.743416 -39.619781
v -14.293468 28.168411 -40.827717
v -13.037980 28.559032 -41.937954
v -11.685963 28.912388 -42.942272
v -10.247428 29.225859 -43.833233
v -8.733025 29.497128 -44.604240
v -7.153965 29.724184 -45.249592
v -5.521939 29.905348 -45.764503
v -3.849032 30.039278 -46.145161
v -2.147627 30.124983 -46.388752
v -0.430322 30.161827 -46.493473
v 1.290169 30.149538 -46.458546
v 3.001108 30.088205 -46.284229
v 4.689828 29.978289 -45.971813
v 6.343826 29.820595 -45.523613
v 7.950856 29.616295 -44.942944
v 9.499021 29.366901 -44.234108
v 10.976859 29.074261 -43.402355
v 12.373428 28.740538 -42.453838
v 13.678388 28.368206 -41.395580
v 14.882079 27.960020 -40.235420
v 15.975587 27.519001 -38.981945
v 16.950817 27.048420 -37.644432
v 17.800552 26.551754 -36.232788
v 18.518496 26.032681 -34.757465
v 19.099335 25.495047 -33.229385
v 19.538771 24.942831 -31.659855
v 19.833546 24.380121 -30.060503
v 19.981482 23.811087 -28.443169
v 19.981482 23.239935 -26.819824
v 19.833546 22.670898 -25.202490
v 19.538771 22.108189 -23.603136
v 19.099335 21.555975 -22.033609
v 18.518496 21.018339 -20.505527
v 17.800552 20.499268 -19.030205
v 16.950817 20.002602 -17.618561
v 15.975587 19.532017 -16.281050
v 14.882079 19.091000 -15.027574
v 13.678388 18.682814 -13.867412
v 12.373428 18.310482 -12.809156
v 10.976859 17.976761 -11.860638
v 9.499021 17.684118 -11.028883
v 7.950856 17.434725 -10.320048
v 6.343826 17.230427 -9.739380
v 4.689828 17.072733 -9.291180
v 3.001108 16.962814 -8.978765
v 1.290169 16.901484 -8.804448
v -0.430322 16.889194 -8.769520
v -2.147627 16.926039 -8.874239
v -3.849032 17.011742 -9.117831
v -5.521939 17.145672 -9.498491
v -7.153965 17.326836 -10.013402
v -8.733025 17.553892 -10.658751
v -10.247428 17.825163 -11.429760
v -11.685963 18.138634 -12.320721
v -13.037980 18.491985 -13.325038
v -14.293468 18.882607 -14.435274
v -15.443132 19.307604 -15.643212
v -16.478460 19.763826 -16.939905
v -17.391788 20.247900 -18.315758
v -18.176353 20.756241 -19.760578
v -18.826345 21.285082 -21.263674
v -19.336956 21.830513 -22.813913
v -19.704403 22.388491 -24.399820
v -19.925962 22.954887 -26.009655
v 20.068148 24.013807 -27.459696
v 20.267948 24.468826 -27.299603
v 20.585787 24.859562 -27.162128
v 21.000000 25.159384 -27.056641
v 21.482363 25.347858 -26.990328
v 18.540552 21.464954 -20.215258
v 9.752788 18.995127 -8.934366
v 4.684816 17.537367 -9.052121
v -11.795762 18.625374 -12.144495
v -13.033220 29.078468 -41.854660
v 3.139350 30.592276 -46.157257
v 9.752788 31.700592 -45.046291
v 17.880852 27.037598 -36.054024
v -20.006285 24.536383 -28.944977
v -20.205469 24.996605 -28.799671
v -20.522327 25.395617 -28.685720
v -20.935265 25.706223 -28.610889
v -21.416140 25.907261 -28.580276
v -21.482363 25.347858 -26.990328
v -21.000000 25.159384 -27.056641
v -20.585787 24.859562 -27.162128
v -20.267948 24.468826 -27.299603
v -20.068148 24.013807 -27.459696
v -19.821075 25.055735 -30.421099
v -20.018417 25.521128 -30.290489
v -20.332340 25.928366 -30.199919
v -20.741455 26.249693 -30.155554
v -21.217878 26.463213 -30.160423
v -19.513664 25.568665 -31.878963
v -19.707945 26.039164 -31.762869
v -20.017000 26.454525 -31.695387
v -20.419767 26.786440 -31.681114
v -20.888803 27.012287 -31.721024
v -19.085943 26.072006 -33.309582
v -19.275965 26.547518 -33.207733
v -19.578245 26.970852 -33.162910
v -19.972187 27.313154 -33.178165
v -20.430941 27.551102 -33.252460
v -18.540552 26.562660 -34.704136
v -18.725143 27.043056 -34.616169
v -19.018787 27.474159 -34.593433
v -19.401470 27.826590 -34.637470
v -19.847115 28.076330 -34.745289
v -17.880852 27.037598 -36.054024
v -18.058874 27.522724 -35.979496
v -18.342070 27.961349 -35.978138
v -18.711138 28.323584 -36.050041
v -19.140924 28.584740 -36.190304
v -17.110909 27.493895 -37.350925
v -17.281267 27.983562 -37.289310
v -17.552267 28.429415 -37.308491
v -17.905443 28.801065 -37.407162
v -18.316725 29.073191 -37.578598
v -16.235474 27.928734 -38.586842
v -16.397116 28.422729 -38.537533
v -16.654251 28.875469 -38.576286
v -16.989357 29.256096 -38.700470
v -17.379597 29.538671 -38.901611
v -15.259940 28.339436 -39.754158
v -15.411869 28.837523 -39.716469
v -15.653555 29.296766 -39.773712
v -15.968525 29.685871 -39.921989
v -16.335316 29.978317 -40.151188
v -14.190324 28.723471 -40.845673
v -14.331604 29.225382 -40.818851
v -14.556349 29.690706 -40.893383
v -14.849242 30.087738 -41.064186
v -15.190324 30.389416 -41.319622
v -13.162980 29.583914 -41.837887
v -13.369399 30.054861 -41.928398
v -13.638409 30.459219 -42.120026
v -13.951678 30.769430 -42.399715
v -10.485579 29.692793 -43.600712
v -10.589974 30.204351 -43.601322
v -10.756044 30.685030 -43.719486
v -10.972470 31.102068 -43.947155
v -11.224503 31.427046 -44.268810
v -12.627016 31.116018 -43.384800
v -12.343490 30.798027 -43.082993
v -12.100022 30.386986 -42.872372
v -11.913202 29.910910 -42.767284
v -11.795762 29.402241 -42.774899
v -9.110749 29.948330 -44.327011
v -9.201456 30.462435 -44.334850
v -9.345751 30.947161 -44.464520
v -9.533800 31.369473 -44.707180
v -9.752788 31.700592 -45.046291
v -7.679748 30.167278 -44.949318
v -7.756208 30.683563 -44.963352
v -7.877839 31.171757 -45.102879
v -8.036352 31.598589 -45.358383
v -8.220944 31.934971 -45.712452
v -6.201399 30.348291 -45.463795
v -6.263141 30.866379 -45.482952
v -6.361358 31.357439 -45.630627
v -6.489357 31.788006 -45.896748
v -6.638415 32.128738 -46.263187
v -4.684816 30.490248 -45.867271
v -4.731459 31.009748 -45.890446
v -4.805656 31.503057 -46.044510
v -4.902353 31.936554 -46.318958
v -5.014958 32.280701 -46.695095
v -3.139350 30.592276 -46.157257
v -3.170606 31.112793 -46.183319
v -3.220326 31.607716 -46.341976
v -3.285124 32.043320 -46.622414
v -3.360582 32.389915 -47.005520
v -1.574529 30.653746 -46.331970
v -1.590205 31.174873 -46.359772
v -1.615142 31.670771 -46.521194
v -1.647641 32.107643 -46.805237
v -1.685487 32.455719 -47.192539
v 0.000000 30.674278 -46.390327
v 0.000000 31.195610 -46.418709
v 0.000000 31.691833 -46.581055
v 0.000000 32.129128 -46.866302
v 0.000000 32.477695 -47.255009
v 1.574529 30.653746 -46.331970
v 1.590205 31.174873 -46.359772
v 1.615142 31.670771 -46.521194
v 1.647641 32.107643 -46.805237
v 1.685487 32.455719 -47.192539
v 3.170606 31.112793 -46.183319
v 3.220326 31.607716 -46.341976
v 3.285124 32.043320 -46.622414
v 3.360582 32.389915 -47.005520
v 6.201399 30.348291 -45.463795
v 6.263141 30.866379 -45.482952
v 6.361358 31.357439 -45.630627
v 6.489357 31.788006 -45.896748
v 6.638415 32.128738 -46.263187
v 5.014958 32.280701 -46.695095
v 4.902353 31.936554 -46.318958
v 4.805656 31.503057 -46.044510
v 4.731459 31.009748 -45.890446
v 4.684816 30.490248 -45.867271
v 7.679748 30.167278 -44.949318
v 7.756208 30.683563 -44.963352
v 7.877839 31.171757 -45.102879
v 8.036352 31.598589 -45.358383
v 8.220944 31.934971 -45.712452
v 9.110749 29.948330 -44.327011
v 9.201456 30.462435 -44.334850
v 9.345751 30.947161 -44.464520
v 9.533800 31.369473 -44.707180
v 10.485579 29.692793 -43.600712
v 10.589974 30.204351 -43.601322
v 10.756044 30.685030 -43.719486
v 10.972470 31.102068 -43.947155
v 11.224503 31.427046 -44.268810
v 11.795762 29.402241 -42.774899
v 11.913202 29.910910 -42.767284
v 12.100022 30.386986 -42.872372
v 12.343490 30.798027 -43.082993
v 12.627016 31.116018 -43.384800
v 13.033220 29.078468 -41.854660
v 13.162980 29.583914 -41.837887
v 13.369399 30.054861 -41.928398
v 13.638409 30.459219 -42.120026
v 13.951678 30.769430 -42.399715
v 14.190324 28.723471 -40.845673
v 14.331604 29.225382 -40.818851
v 14.556349 29.690706 -40.893383
v 14.849242 30.087738 -41.064186
v 15.190324 30.389416 -41.319622
v 15.259940 28.339436 -39.754158
v 15.411869 28.837523 -39.716469
v 15.653555 29.296766 -39.773712
v 15.968525 29.685871 -39.921989
v 16.335316 29.978317 -40.151188
v 16.235474 27.928734 -38.586842
v 16.397116 28.422729 -38.537533
v 16.654251 28.875469 -38.576286
v 16.989357 29.256096 -38.700470
v 17.379597 29.538671 -38.901611
v 17.110909 27.493895 -37.350925
v 17.281267 27.983562 -37.289310
v 17.552267 28.429415 -37.308491
v 17.905443 28.801065 -37.407162
v 18.316725 29.073191 -37.578598
v 18.058874 27.522724 -35.979496
v 18.342070 27.961349 -35.978138
v 18.711138 28.323584 -36.050041
v 19.140924 28.584740 -36.190304
v 19.085943 26.072006 -33.309582
v 19.275965 26.547518 -33.207733
v 19.578245 26.970852 -33.162910
v 19.972187 27.313154 -33.178165
v 20.430941 27.551102 -33.252460
v 19.847115 28.076330 -34.745289
v 19.401470 27.826590 -34.637470
v 19.018787 27.474159 -34.593433
v 18.725143 27.043056 -34.616169
v 18.540552 26.562660 -34.704136
v 19.513664 25.568665 -31.878963
v 19.707945 26.039164 -31.762869
v 20.017000 26.454525 -31.695387
v 20.419767 26.786440 -31.681114
v 20.888803 27.012287 -31.721024
v 19.821075 25.055735 -30.421099
v 20.018417 25.521128 -30.290489
v 20.332340 25.928366 -30.199919
v 20.741455 26.249693 -30.155554
v 21.217878 26.463213 -30.160423
v 20.006285 24.536383 -28.944977
v 20.205469 24.996605 -28.799671
v 20.522327 25.395617 -28.685720
v 20.935265 25.706223 -28.610889
v 21.416140 25.907261 -28.580276
v 20.006285 23.491232 -25.974417
v 20.205469 23.941050 -25.799536
v 20.522327 24.323507 -25.638536
v 20.935265 24.612543 -25.502394
v 21.416140 24.788458 -25.400379
v 19.821075 22.971880 -24.498293
v 20.018417 23.416527 -24.308716
v 20.332340 23.790760 -24.124340
v 20.741455 24.069075 -23.957727
v 21.217878 24.232506 -23.820234
v 19.513664 22.458952 -23.040428
v 19.707945 22.898491 -22.836336
v 20.017000 23.264601 -22.628870
v 20.419767 23.532328 -22.432167
v 20.888803 23.683432 -22.259632
v 19.085943 21.955608 -21.609810
v 19.275965 22.390137 -21.391476
v 19.578245 22.748274 -21.161350
v 19.972187 23.005613 -20.935120
v 20.430941 23.144617 -20.728197
v 18.725143 21.894598 -19.983040
v 19.018787 22.244965 -19.730827
v 19.401470 22.492178 -19.475811
v 19.847115 22.619387 -19.235371
v 17.110909 20.533720 -17.568470
v 17.281267 20.954092 -17.309898
v 17.552267 21.289709 -17.015768
v 17.905443 21.517700 -16.706121
v 18.316725 21.622528 -16.402061
v 19.140924 22.110979 -17.790356
v 18.711138 21.995184 -18.063242
v 18.342070 21.757774 -18.346121
v 18.058874 21.414930 -18.619713
v 17.880852 20.990017 -18.865370
v 16.235474 20.098879 -16.332552
v 16.397116 20.514921 -16.061676
v 16.654251 20.843653 -15.747971
v 16.989357 21.062670 -15.412815
v 17.379597 21.157043 -15.079048
v 15.259940 19.688175 -15.165236
v 15.411869 20.100130 -14.882739
v 15.653555 20.422356 -14.550546
v 15.968525 20.632895 -14.191296
v 16.335316 20.717398 -13.829471
v 14.190324 19.304142 -14.073720
v 14.331604 19.712273 -13.780354
v 14.556349 20.028416 -13.430875
v 14.849242 20.231028 -13.049096
v 15.190324 20.306301 -12.661036
v 13.033220 18.949144 -13.064733
v 13.162980 19.353741 -12.761323
v 13.369399 19.664263 -12.395862
v 13.638409 19.859549 -11.993257
v 13.951678 19.926289 -11.580945
v 11.795762 18.625374 -12.144495
v 11.913202 19.026747 -11.831923
v 12.100022 19.332138 -11.451888
v 12.343490 19.520741 -11.030289
v 12.627016 19.579699 -10.595858
v 10.485579 18.334824 -11.318681
v 10.589974 18.733301 -10.997886
v 10.756044 19.034094 -10.604773
v 10.972470 19.216700 -10.166129
v 11.224503 19.268673 -9.711848
v 9.110749 18.079285 -10.592381
v 9.201456 18.475220 -10.264356
v 9.345751 18.771963 -9.859739
v 9.533800 18.949295 -9.406105
v 7.679748 17.860334 -9.970075
v 7.756208 18.254089 -9.635854
v 7.877839 18.547367 -9.221380
v 8.036352 18.720179 -8.754901
v 8.220944 18.760748 -8.268204
v 6.201399 17.679323 -9.455597
v 6.263141 18.071278 -9.116254
v 6.361358 18.361687 -8.693633
v 6.489357 18.530762 -8.216534
v 6.638415 18.566980 -7.717472
v 4.731459 17.927906 -8.708761
v 4.805656 18.216066 -8.279749
v 4.902353 18.382214 -7.794323
v 5.014958 18.415018 -7.285563
v 1.574529 17.373869 -8.587423
v 1.590205 17.762781 -8.239436
v 1.615142 18.048353 -7.803065
v 1.647641 18.211123 -7.308047
v 1.685487 18.240000 -6.788117
v 3.360582 18.305801 -6.975140
v 3.285124 18.275448 -7.490870
v 3.220326 18.111408 -7.982283
v 3.170606 17.824862 -8.415886
v 3.139350 17.435337 -8.762134
v 0.000000 17.353336 -8.529066
v 0.000000 17.742044 -8.180498
v 0.000000 18.027290 -7.743204
v 0.000000 18.189638 -7.246981
v 0.000000 18.218021 -6.725647
v -1.574529 17.373869 -8.587423
v -1.590205 17.762781 -8.239436
v -1.615142 18.048353 -7.803065
v -1.647641 18.211123 -7.308047
v -1.685487 18.240000 -6.788117
v -3.139350 17.435337 -8.762134
v -3.170606 17.824862 -8.415886
v -3.220326 18.111408 -7.982283
v -3.285124 18.275448 -7.490870
v -3.360582 18.305801 -6.975140
v -4.684816 17.537367 -9.052121
v -4.731459 17.927906 -8.708761
v -4.805656 18.216066 -8.279749
v -4.902353 18.382214 -7.794323
v -5.014958 18.415018 -7.285563
v -6.201399 17.679323 -9.455597
v -6.263141 18.071278 -9.116254
v -6.361358 18.361687 -8.693633
v -6.489357 18.530762 -8.216534
v -6.638415 18.566980 -7.717472
v -7.679748 17.860334 -9.970075
v -7.756208 18.254089 -9.635854
v -7.877839 18.547367 -9.221380
v -8.036352 18.720179 -8.754901
v -8.220944 18.760748 -8.268204
v -9.110749 18.079285 -10.592381
v -9.201456 18.475220 -10.264356
v -9.345751 18.771963 -9.859739
v -9.533800 18.949295 -9.406105
v -9.752788 18.995127 -8.934366
v -10.485579 18.334824 -11.318681
v -10.589974 18.733301 -10.997886
v -10.756044 19.034094 -10.604773
v -10.972470 19.216700 -10.166129
v -11.224503 19.268673 -9.711848
v -11.913202 19.026747 -11.831923
v -12.100022 19.332138 -11.451888
v -12.343490 19.520741 -11.030289
v -12.627016 19.579699 -10.595858
v -14.190324 19.304142 -14.073720
v -14.331604 19.712273 -13.780354
v -14.556349 20.028416 -13.430875
v -14.849242 20.231028 -13.049096
v -15.190324 20.306301 -12.661036
v -13.951678 19.926289 -11.580945
v -13.638409 19.859549 -11.993257
v -13.369399 19.664263 -12.395862
v -13.162980 19.353741 -12.761323
v -13.033220 18.949144 -13.064733
v -15.259940 19.688175 -15.165236
v -15.411869 20.100130 -14.882739
v -15.653555 20.422356 -14.550546
v -15.968525 20.632895 -14.191296
v -16.335316 20.717398 -13.829471
v -16.235474 20.098879 -16.332552
v -16.397116 20.514921 -16.061676
v -16.654251 20.843653 -15.747971
v -16.989357 21.062670 -15.412815
v -17.379597 21.157043 -15.079048
v -17.110909 20.533720 -17.568470
v -17.281267 20.954092 -17.309898
v -17.552267 21.289709 -17.015768
v -17.905443 21.517700 -16.706121
v -18.316725 21.622528 -16.402061
v -17.880852 20.990017 -18.865370
v -18.058874 21.414930 -18.619713
v -18.342070 21.757774 -18.346121
v -18.711138 21.995184 -18.063242
v -19.140924 22.110979 -17.790356
v -18.540552 21.464954 -20.215258
v -18.725143 21.894598 -19.983040
v -19.018787 22.244965 -19.730827
v -19.401470 22.492178 -19.475811
v -19.847115 22.619387 -19.235371
v -19.085943 21.955608 -21.609810
v -19.275965 22.390137 -21.391476
v -19.578245 22.748274 -21.161350
v -19.972187 23.005613 -20.935120
v -20.430941 23.144617 -20.728197
v -19.513664 22.458952 -23.040428
v -19.707945 22.898491 -22.836336
v -20.017000 23.264601 -22.628870
v -20.419767 23.532328 -22.432167
v -20.888803 23.683432 -22.259632
v -19.821075 22.971880 -24.498293
v -20.018417 23.416527 -24.308716
v -20.332340 23.790760 -24.124340
v -20.741455 24.069075 -23.957727
v -21.217878 24.232506 -23.820234
v -20.006285 23.491232 -25.974417
v -20.205469 23.941050 -25.799536
v -20.522327 24.323507 -25.638536
v -20.935265 24.612543 -25.502394
v -21.416140 24.788458 -25.400379
v -20.000000 22.582193 -27.963388
v -19.925962 23.152815 -29.585230
v -19.704403 23.719212 -31.195065
v -19.336956 24.277191 -32.780968
v -18.826345 24.822620 -34.331207
v -18.176353 25.351463 -35.834309
v -17.391788 25.859802 -37.279129
v -16.478460 26.343876 -38.654980
v -15.443132 26.800098 -39.951675
v -14.293468 27.225094 -41.159611
v -13.037980 27.615715 -42.269848
v -11.685963 27.969069 -43.274166
v -10.247428 28.282541 -44.165127
v -8.733025 28.553810 -44.936134
v -7.153965 28.780867 -45.581482
v -5.521939 28.962030 -46.096394
v -3.849032 29.095961 -46.477055
v -2.147627 29.181665 -46.720646
v -0.430322 29.218510 -46.825367
v 1.290169 29.206221 -46.790440
v 3.001108 29.144890 -46.616119
v 4.689828 29.034969 -46.303707
v 6.343826 28.877277 -45.855503
v 7.950856 28.672977 -45.274837
v 9.499021 28.423584 -44.566002
v 10.976859 28.130943 -43.734245
v 12.373428 27.797222 -42.785728
v 13.678388 27.424889 -41.727474
v 14.882079 27.016703 -40.567310
v 15.975587 26.575684 -39.313835
v 16.950817 26.105101 -37.976326
v 17.800552 25.608435 -36.564682
v 18.518496 25.089365 -35.089355
v 19.099335 24.551729 -33.561272
v 19.538771 23.999514 -31.991747
v 19.833546 23.436806 -30.392395
v 19.981482 22.867767 -28.775061
v 19.981482 22.296618 -27.151716
v 19.833546 21.727581 -25.534380
v 19.538771 21.164871 -23.935030
v 19.099335 20.612656 -22.365503
v 18.518496 20.075022 -20.837421
v 17.800552 19.555950 -19.362097
v 16.950817 19.059284 -17.950455
v 15.975587 18.588699 -16.612944
v 14.882079 18.147682 -15.359466
v 13.678388 17.739496 -14.199305
v 12.373428 17.367163 -13.141047
v 10.976859 17.033443 -12.192531
v 9.499021 16.740803 -11.360776
v 7.950856 16.491407 -10.651941
v 6.343826 16.287109 -10.071273
v 4.689828 16.129416 -9.623073
v 3.001108 16.019497 -9.310657
v 1.290169 15.958165 -9.136341
v -0.430322 15.945876 -9.101413
v -2.147627 15.982720 -9.206132
v -3.849032 16.068424 -9.449724
v -5.521939 16.202354 -9.830384
v -7.153965 16.383518 -10.345295
v -8.733025 16.610577 -10.990643
v -10.247428 16.881845 -11.761653
v -11.685963 17.195314 -12.652614
v -13.037980 17.548670 -13.656930
v -14.293468 17.939291 -14.767167
v -15.443132 18.364286 -15.975104
v -16.478460 18.820509 -17.271799
v -17.391788 19.304583 -18.647650
v -18.176353 19.812923 -20.092470
v -18.826345 20.341764 -21.595566
v -19.336956 20.887196 -23.145805
v -19.704403 21.445173 -24.731712
v -19.925962 22.011572 -26.341547
v -19.858650 4.176501 33.187157
v -19.675638 4.003862 33.126415
v -19.608650 3.768033 33.043442
v -19.608650 5.374579 28.477262
v -19.675638 5.610408 28.560234
v -19.858650 5.783047 28.620975
v -14.608651 7.034042 23.760675
v -14.608651 7.292104 23.780458
v -14.608651 7.525484 23.668560
v -19.547092 5.634176 27.739426
v -19.363934 5.887381 27.019756
v -19.063683 6.127960 26.335978
v -18.653736 6.349987 25.704922
v -18.144184 6.547997 25.142132
v -17.547577 6.717113 24.661465
v -16.878603 6.853172 24.274754
v -16.153736 6.952823 23.991522
v -15.390823 7.013612 23.818745
v -15.429932 7.504032 23.729532
v -15.401302 7.271400 23.839306
v -16.230989 7.440203 23.910950
v -16.174437 7.209796 24.014399
v -16.992102 7.335570 24.208342
v -16.909016 7.108810 24.301422
v -17.694523 7.192708 24.614388
v -17.586950 6.970929 24.693316
v -18.320961 7.015136 25.119089
v -18.191551 6.799547 25.180424
v -18.855989 6.807226 25.710018
v -18.707930 6.598884 25.750753
v -19.286434 6.574097 26.372625
v -19.123369 6.373882 26.390263
v -19.601698 6.321490 27.090595
v -19.427643 6.130081 27.083202
v -19.794016 6.055624 27.846247
v -19.613255 5.873483 27.812513
v 14.608651 7.034042 23.760675
v 14.608651 7.292104 23.780458
v 14.608651 7.525484 23.668560
v 9.739101 7.292104 23.780458
v 4.869550 7.292104 23.780458
v 0.000000 7.292104 23.780458
v -4.869550 7.292104 23.780458
v -9.739101 7.292104 23.780458
v 9.739101 7.525484 23.668560
v 4.869550 7.525484 23.668560
v 0.000000 7.525484 23.668560
v -4.869550 7.525484 23.668560
v -9.739101 7.525484 23.668560
v 19.608650 5.374579 28.477262
v 19.675638 5.610408 28.560234
v 19.858650 5.783047 28.620975
v 15.390823 7.013612 23.818745
v 16.153736 6.952823 23.991522
v 16.878603 6.853172 24.274754
v 17.547577 6.717113 24.661465
v 18.144184 6.547997 25.142132
v 18.653736 6.349987 25.704922
v 19.063683 6.127960 26.335978
v 19.363934 5.887381 27.019756
v 19.547092 5.634176 27.739426
v 19.794016 6.055624 27.846247
v 19.613255 5.873483 27.812513
v 19.601698 6.321490 27.090595
v 19.427643 6.130081 27.083202
v 19.286434 6.574097 26.372625
v 19.123369 6.373882 26.390263
v 18.855989 6.807226 25.710018
v 18.707930 6.598884 25.750753
v 18.320961 7.015136 25.119089
v 18.191551 6.799547 25.180424
v 17.694523 7.192708 24.614388
v 17.586950 6.970929 24.693316
v 16.992102 7.335570 24.208342
v 16.909016 7.108810 24.301422
v 16.230989 7.440203 23.910950
v 16.174437 7.209796 24.014399
v 15.429932 7.504032 23.729532
v 15.401302 7.271400 23.839306
v 19.608650 3.768033 33.043442
v 19.675638 4.003862 33.126415
v 19.858650 4.176501 33.187157
v 14.608651 2.108570 37.760029
v 14.608651 2.322167 37.906193
v 14.608651 2.434065 38.139572
v 19.547092 3.508436 33.781281
v 19.363934 3.255231 34.500950
v 19.063683 3.014653 35.184727
v 18.653736 2.792626 35.815781
v 18.144184 2.594616 36.378571
v 17.547577 2.425499 36.859241
v 16.878603 2.289441 37.245953
v 16.153736 2.189790 37.529182
v 15.390823 2.129001 37.701958
v 15.429932 2.455518 38.078598
v 15.401302 2.342871 37.847343
v 16.230989 2.519346 37.897182
v 16.174437 2.404475 37.672253
v 16.992102 2.623980 37.599789
v 16.909016 2.505461 37.385227
v 17.694523 2.766841 37.193745
v 17.586950 2.643342 36.993336
v 18.320961 2.944413 36.689041
v 18.191551 2.814724 36.506229
v 18.855989 3.152323 36.098114
v 18.707930 3.015387 35.935898
v 19.286434 3.385452 35.435505
v 19.123369 3.240389 35.296391
v 19.601698 3.638060 34.717537
v 19.427643 3.484190 34.603447
v 19.794016 3.903925 33.961884
v 19.613255 3.740788 33.874138
v -14.608651 2.108570 37.760029
v -14.608651 2.322167 37.906193
v -14.608651 2.434065 38.139572
v -9.739101 2.322167 37.906193
v -4.869550 2.322167 37.906193
v 0.000000 2.322167 37.906193
v 4.869550 2.322167 37.906193
v 9.739101 2.322167 37.906193
v -9.739101 2.434065 38.139572
v -4.869550 2.434065 38.139572
v 0.000000 2.434065 38.139572
v 4.869550 2.434065 38.139572
v 9.739101 2.434065 38.139572
v -15.390823 2.129001 37.701958
v -16.153736 2.189790 37.529182
v -16.878603 2.289441 37.245953
v -17.547577 2.425499 36.859241
v -18.144184 2.594616 36.378571
v -18.653736 2.792626 35.815781
v -19.063683 3.014653 35.184727
v -19.363934 3.255231 34.500950
v -19.547092 3.508436 33.781281
v -19.794016 3.903925 33.961884
v -19.613255 3.740788 33.874138
v -19.601698 3.638060 34.717537
v -19.427643 3.484190 34.603447
v -19.286434 3.385452 35.435505
v -19.123369 3.240389 35.296391
v -18.855989 3.152323 36.098114
v -18.707930 3.015387 35.935898
v -18.320961 2.944413 36.689041
v -18.191551 2.814724 36.506229
v -17.694523 2.766841 37.193745
v -17.586950 2.643342 36.993336
v -16.992102 2.623980 37.599789
v -16.909016 2.505461 37.385227
v -16.230989 2.519346 37.897182
v -16.174437 2.404475 37.672253
v -15.429932 2.455518 38.078598
v -15.401302 2.342871 37.847343
v 14.608651 4.675750 22.930944
v 15.390823 4.655319 22.989014
v 16.153736 4.594530 23.161791
v 16.878603 4.494879 23.445021
v 17.547577 4.358820 23.831732
v 18.144184 4.189704 24.312401
v 18.653736 3.991694 24.875191
v 19.063683 3.769667 25.506245
v 19.363934 3.529088 26.190025
v 19.547092 3.275883 26.909693
v 19.608650 3.016286 27.647530
v -14.608651 4.675750 22.930944
v -19.608650 3.016286 27.647530
v -19.547092 3.275883 26.909693
v -19.363934 3.529088 26.190025
v -19.063683 3.769667 25.506245
v -18.653736 3.991694 24.875191
v -18.144184 4.189704 24.312401
v -17.547577 4.358820 23.831732
v -16.878603 4.494879 23.445021
v -16.153736 4.594530 23.161791
v -15.390823 4.655319 22.989014
v -19.608650 1.409740 32.213711
v 19.608650 1.409740 32.213711
v 19.547092 1.150144 32.951546
v 19.363934 0.896939 33.671215
v 19.063683 0.656360 34.354996
v 18.653736 0.434333 34.986050
v 18.144184 0.236323 35.548840
v 17.547577 0.067207 36.029510
v 16.878603 -0.068852 36.416218
v 16.153736 -0.168503 36.699451
v 15.390823 -0.229292 36.872227
v 14.608651 -0.249723 36.930298
v -14.608651 -0.249723 36.930298
v -15.390823 -0.229292 36.872227
v -16.153736 -0.168503 36.699451
v -16.878603 -0.068852 36.416218
v -17.547577 0.067207 36.029510
v -18.144184 0.236323 35.548840
v -18.653736 0.434333 34.986050
v -19.063683 0.656360 34.354996
v -19.363934 0.896939 33.671215
v -19.547092 1.150144 32.951546
v -55.000000 1.722737 31.324100
v -54.967438 1.479892 32.014324
v -54.869499 1.239380 32.697918
v -54.706219 1.002108 33.372299
v -54.480587 0.771128 34.028797
v -54.195412 0.547109 34.665512
v -53.855492 0.331560 35.278156
v -53.466995 0.125895 35.862705
v -53.034340 -0.069917 36.419247
v -52.561939 -0.255908 36.947880
v -52.054211 -0.432111 37.448685
v -51.514282 -0.598933 37.922836
v -50.936356 -0.758996 38.377769
v -50.320038 -0.912670 38.814548
v -49.666542 -1.059800 39.232727
v -48.977070 -1.200235 39.631874
v -48.252838 -1.333819 40.011551
v -47.495052 -1.460399 40.371323
v -46.704922 -1.579822 40.710751
v -45.033920 -1.796411 41.326347
v -43.260303 -1.981445 41.852257
v -41.398094 -2.134110 42.286167
v -39.459618 -2.253839 42.626465
v -37.457188 -2.340063 42.871536
v -35.403126 -2.392214 43.019760
v -55.000000 29.784508 -48.434067
v -45.702255 34.098469 -60.695358
v -46.817806 34.077003 -60.634350
v -47.911915 34.010090 -60.444160
v -48.447861 33.958405 -60.297268
v -48.972950 33.894188 -60.114738
v -49.479378 33.818169 -59.898674
v -49.966072 33.730595 -59.649773
v -50.432659 33.631638 -59.368511
v -50.878780 33.521461 -59.055363
v -51.303474 33.400414 -58.711327
v -51.701637 33.270412 -58.341831
v -52.417435 32.987209 -57.536896
v -53.030560 32.677490 -56.656605
v -53.546612 32.346603 -55.716148
v -53.971275 31.999994 -54.730999
v -54.311478 31.642321 -53.714405
v -54.574345 31.278088 -52.679169
v -54.768250 30.909058 -51.630302
v -54.900414 30.535418 -50.568325
v -54.975956 30.159716 -49.500496
vn -0.0000 0.7946 0.6071
vn -0.0000 0.7445 0.6676
vn -0.0000 0.9433 0.3319
vn -0.0000 0.7445 0.6677
vn -0.0001 0.4324 0.9017
vn -0.0000 0.4324 0.9017
vn -0.0000 0.4323 0.9017
vn -0.0000 0.0544 0.9985
vn -0.0000 0.0543 0.9985
vn -0.0000 -0.3318 0.9433
vn -0.0000 0.7946 0.6072
vn -0.0000 0.5681 0.8230
vn -0.0000 0.5680 0.8230
vn -0.0000 0.2860 0.9582
vn -0.0000 0.2859 0.9582
vn -0.0000 0.2859 0.9583
vn -0.0000 -0.0241 0.9997
vn -0.0000 -0.0242 0.9997
vn 0.0001 0.7445 0.6677
vn -0.0000 -0.3319 0.9433
vn 0.9934 -0.0362 0.1093
vn 1.0000 -0.0000 -0.0000
vn 0.9640 0.2033 0.1713
vn 0.9513 0.2909 0.1024
vn 0.9640 0.2034 0.1713
vn 0.9512 0.2910 0.1024
vn 0.8968 0.3802 0.2264
vn 0.8967 0.3803 0.2265
vn 0.8083 0.5554 0.1954
vn 0.7922 0.5455 0.2736
vn 0.7921 0.5455 0.2737
vn 0.8082 0.5555 0.1955
vn 0.6589 0.6858 0.3092
vn 0.7922 0.5455 0.2737
vn 0.6588 0.6858 0.3092
vn 0.7817 0.5207 0.3432
vn 0.7817 0.5208 0.3432
vn 0.6500 0.6653 0.3672
vn 0.7817 0.5207 0.3433
vn 0.6501 0.6653 0.3672
vn 0.7645 0.4972 0.4102
vn 0.6358 0.6457 0.4228
vn 0.6358 0.6457 0.4229
vn 0.7410 0.4748 0.4748
vn 0.7410 0.4749 0.4748
vn 0.6163 0.6269 0.4766
vn 0.7410 0.4748 0.4749
vn 0.7117 0.4533 0.5366
vn 0.5920 0.6089 0.5279
vn 0.5920 0.6090 0.5279
vn 0.6803 0.4343 0.5904
vn 0.5920 0.6089 0.5280
vn 0.5657 0.5933 0.5727
vn 0.6471 0.4176 0.6379
vn 0.5381 0.5795 0.6121
vn 0.5381 0.5794 0.6122
vn 0.6132 0.4030 0.6795
vn 0.5099 0.5673 0.6467
vn 0.6131 0.4030 0.6795
vn 0.5099 0.5672 0.6467
vn 0.5727 0.3880 0.7221
vn 0.4763 0.5546 0.6823
vn 0.5727 0.3880 0.7222
vn 0.4763 0.5547 0.6823
vn 0.5336 0.3755 0.7578
vn 0.4438 0.5443 0.7119
vn 0.4959 0.3649 0.7880
vn 0.4125 0.5355 0.7370
vn 0.4124 0.5355 0.7370
vn 0.4600 0.3559 0.8135
vn 0.3826 0.5280 0.7582
vn 0.4265 0.3484 0.8347
vn 0.4264 0.3484 0.8347
vn 0.3547 0.5217 0.7759
vn 0.3951 0.3421 0.8525
vn 0.3287 0.5165 0.7907
vn 0.3286 0.5165 0.7907
vn 0.3368 0.3321 0.8811
vn 0.2802 0.5082 0.8144
vn 0.2821 0.3244 0.9029
vn 0.2801 0.5082 0.8144
vn 0.2346 0.5018 0.8326
vn 0.2323 0.3188 0.9189
vn 0.1932 0.4972 0.8458
vn 0.2323 0.3189 0.9189
vn 0.1932 0.4972 0.8459
vn 0.1865 0.3147 0.9307
vn 0.1551 0.4938 0.8557
vn 0.1551 0.4937 0.8557
vn 0.1449 0.3117 0.9391
vn 0.1206 0.4912 0.8627
vn 0.1205 0.4912 0.8627
vn 0.1066 0.3097 0.9448
vn 0.1066 0.3096 0.9449
vn 0.0887 0.4895 0.8675
vn 0.0696 0.3083 0.9487
vn 0.0696 0.3083 0.9488
vn 0.0579 0.4884 0.8707
vn 0.0340 0.3075 0.9509
vn 0.0283 0.4877 0.8725
vn -0.0000 0.2872 0.9579
vn -0.0000 0.5670 0.8237
vn 0.0283 0.4878 0.8725
vn 0.0214 0.6511 0.7587
vn -0.0000 0.7950 0.6067
vn -0.0000 0.7949 0.6067
vn 0.0165 0.7420 0.6702
vn 0.0085 0.8588 0.5122
vn 0.0174 0.8590 0.5116
vn 0.0085 0.8589 0.5121
vn 0.0173 0.8590 0.5116
vn 0.0266 0.8594 0.5106
vn 0.0361 0.8599 0.5092
vn 0.0465 0.8607 0.5071
vn 0.0465 0.8606 0.5071
vn 0.0579 0.8617 0.5041
vn 0.0579 0.8617 0.5042
vn 0.0703 0.8631 0.5002
vn 0.0839 0.8650 0.4947
vn 0.0985 0.8675 0.4876
vn 0.0984 0.8675 0.4877
vn 0.1063 0.8690 0.4832
vn 0.1063 0.8691 0.4832
vn 0.1146 0.8709 0.4779
vn 0.1235 0.8731 0.4715
vn 0.1236 0.8731 0.4716
vn 0.1236 0.8732 0.4715
vn 0.1329 0.8758 0.4640
vn 0.1330 0.8758 0.4640
vn 0.1427 0.8789 0.4552
vn 0.1427 0.8789 0.4551
vn 0.1528 0.8827 0.4445
vn 0.1528 0.8826 0.4445
vn 0.1612 0.8863 0.4341
vn 0.1612 0.8863 0.4342
vn 0.1695 0.8905 0.4223
vn 0.1773 0.8952 0.4089
vn 0.1774 0.8951 0.4090
vn 0.1695 0.8904 0.4224
vn 0.3303 0.8035 0.4952
vn 0.3456 0.8127 0.4691
vn 0.4274 0.7309 0.5321
vn 0.4473 0.7427 0.4983
vn 0.4473 0.7427 0.4984
vn 0.4275 0.7308 0.5321
vn 0.5657 0.5934 0.5727
vn 0.5657 0.5933 0.5726
vn 0.8082 0.5555 0.1954
vn 0.5888 0.7624 0.2682
vn 0.5888 0.7624 0.2683
vn 0.4979 0.8007 0.3330
vn 0.4979 0.8008 0.3330
vn 0.4913 0.7853 0.3768
vn 0.4913 0.7852 0.3769
vn 0.6358 0.6458 0.4229
vn 0.4805 0.7705 0.4189
vn 0.4805 0.7705 0.4190
vn 0.6163 0.6270 0.4766
vn 0.6162 0.6270 0.4766
vn 0.4805 0.7704 0.4190
vn 0.4657 0.7563 0.4596
vn 0.4657 0.7562 0.4596
vn 0.5888 0.7625 0.2683
vn 0.3085 0.8973 0.3157
vn 0.4978 0.8008 0.3330
vn 0.4979 0.8008 0.3331
vn 0.3084 0.8973 0.3157
vn 0.3847 0.8576 0.3414
vn 0.3848 0.8576 0.3414
vn 0.4913 0.7853 0.3769
vn 0.4912 0.7853 0.3768
vn 0.3797 0.8456 0.3752
vn 0.4912 0.7853 0.3769
vn 0.3713 0.8341 0.4078
vn 0.3599 0.8232 0.4392
vn 0.3598 0.8232 0.4392
vn 0.1975 0.9182 0.3434
vn 0.1974 0.9182 0.3434
vn 0.1949 0.9121 0.3608
vn 0.1906 0.9062 0.3775
vn 0.1846 0.9005 0.3936
vn 0.1774 0.8952 0.4089
vn 0.0085 0.8589 0.5122
vn -0.0000 0.7950 0.6066
vn 0.0340 0.3075 0.9510
vn 0.0385 0.1111 0.9931
vn -0.0000 -0.0247 0.9997
vn -0.0000 -0.0248 0.9997
vn 0.0414 -0.0863 0.9954
vn 0.0396 -0.3313 0.9427
vn 0.0809 -0.3303 0.9404
vn 0.0415 -0.0863 0.9954
vn 0.0847 -0.0854 0.9927
vn 0.0414 -0.0862 0.9954
vn 0.0847 -0.0853 0.9927
vn 0.0788 0.1119 0.9906
vn 0.1207 0.1135 0.9862
vn 0.0788 0.1120 0.9906
vn 0.1207 0.1136 0.9862
vn 0.1449 0.3116 0.9391
vn 0.0810 -0.3303 0.9404
vn 0.1238 -0.3290 0.9362
vn 0.1298 -0.0837 0.9880
vn 0.1298 -0.0836 0.9880
vn 0.1640 0.1159 0.9796
vn 0.1641 0.1159 0.9796
vn 0.1865 0.3146 0.9307
vn 0.1681 -0.3272 0.9299
vn 0.1764 -0.0812 0.9810
vn 0.1764 -0.0811 0.9810
vn 0.2111 0.1190 0.9702
vn 0.2111 0.1191 0.9702
vn 0.1681 -0.3271 0.9299
vn 0.2149 -0.3236 0.9215
vn 0.2270 -0.0776 0.9708
vn 0.2630 0.1237 0.9568
vn 0.2630 0.1238 0.9568
vn 0.2664 -0.3189 0.9096
vn 0.2270 -0.0777 0.9708
vn 0.2828 -0.0726 0.9564
vn 0.2827 -0.0726 0.9564
vn 0.3193 0.1303 0.9387
vn 0.3193 0.1303 0.9386
vn 0.2664 -0.3190 0.9096
vn 0.3224 -0.3136 0.8931
vn 0.3433 -0.0657 0.9369
vn 0.3433 -0.0656 0.9369
vn 0.3813 0.1389 0.9140
vn 0.3193 0.1304 0.9386
vn 0.3368 0.3320 0.8811
vn 0.3813 0.1390 0.9139
vn 0.3952 0.3421 0.8525
vn 0.3824 -0.3066 0.8716
vn 0.3434 -0.0657 0.9369
vn 0.4100 -0.0564 0.9103
vn 0.4100 -0.0563 0.9103
vn 0.4473 0.1503 0.8817
vn 0.4473 0.1504 0.8817
vn 0.3951 0.3421 0.8526
vn 0.4265 0.3483 0.8347
vn 0.4500 -0.2959 0.8426
vn 0.4809 -0.0441 0.8757
vn 0.4827 0.1574 0.8615
vn 0.4827 0.1575 0.8615
vn 0.4600 0.3558 0.8135
vn 0.5256 -0.2823 0.8025
vn 0.4809 -0.0441 0.8756
vn 0.5191 -0.0365 0.8539
vn 0.5191 -0.0364 0.8539
vn 0.5208 0.1657 0.8374
vn 0.5208 0.1658 0.8375
vn 0.5208 0.1658 0.8374
vn 0.4960 0.3648 0.7880
vn 0.5667 -0.2729 0.7774
vn 0.5667 -0.2728 0.7774
vn 0.5600 -0.0275 0.8280
vn 0.5600 -0.0274 0.8281
vn 0.5208 0.1657 0.8375
vn 0.5614 0.1758 0.8086
vn 0.5614 0.1759 0.8086
vn 0.5337 0.3754 0.7578
vn 0.6109 -0.2617 0.7472
vn 0.5600 -0.0275 0.8281
vn 0.6037 -0.0166 0.7971
vn 0.6036 -0.0166 0.7971
vn 0.5615 0.1758 0.8086
vn 0.5615 0.1759 0.8086
vn 0.6037 -0.0165 0.7971
vn 0.6041 0.1880 0.7744
vn 0.6040 0.1881 0.7744
vn 0.6041 0.1881 0.7744
vn 0.6575 -0.2495 0.7109
vn 0.6495 -0.0036 0.7604
vn 0.6495 -0.0035 0.7604
vn 0.6483 0.2022 0.7341
vn 0.6483 0.2023 0.7341
vn 0.6132 0.4029 0.6795
vn 0.7057 -0.2351 0.6684
vn 0.6495 -0.0036 0.7603
vn 0.6971 0.0117 0.7169
vn 0.6495 -0.0035 0.7603
vn 0.6971 0.0118 0.7169
vn 0.6942 0.2188 0.6857
vn 0.6942 0.2189 0.6857
vn 0.6471 0.4175 0.6379
vn 0.7560 -0.2160 0.6180
vn 0.7560 -0.2160 0.6179
vn 0.7464 0.0298 0.6648
vn 0.7464 0.0299 0.6648
vn 0.7327 0.2352 0.6387
vn 0.7326 0.2353 0.6387
vn 0.7326 0.2352 0.6387
vn 0.8068 -0.1938 0.5581
vn 0.7876 0.0475 0.6143
vn 0.7702 0.2544 0.5849
vn 0.7701 0.2544 0.5850
vn 0.7701 0.2544 0.5849
vn 0.7118 0.4532 0.5366
vn 0.8068 -0.1939 0.5581
vn 0.8566 -0.1700 0.4871
vn 0.8280 0.0679 0.5566
vn 0.8280 0.0680 0.5566
vn 0.8056 0.2761 0.5241
vn 0.8056 0.2762 0.5241
vn 0.8566 -0.1699 0.4871
vn 0.8663 0.0911 0.4912
vn 0.8663 0.0912 0.4912
vn 0.9033 -0.1424 0.4047
vn 0.8663 0.0912 0.4911
vn 0.9033 -0.1423 0.4047
vn 0.9019 0.1175 0.4156
vn 0.9445 -0.1070 0.3105
vn 0.9303 0.1447 0.3370
vn 0.9303 0.1447 0.3369
vn 0.9745 -0.0709 0.2127
vn 0.9511 0.1732 0.2558
vn 0.9511 0.1731 0.2558
vn 0.9933 -0.0362 0.1093
vn 0.9640 0.2034 0.1714
vn 0.8967 0.3802 0.2265
vn 0.8850 0.3518 0.3050
vn 0.8656 0.3253 0.3807
vn 0.8656 0.3254 0.3807
vn 0.7646 0.4972 0.4102
vn 0.8388 0.3004 0.4540
vn 0.8388 0.3005 0.4540
vn 0.3713 0.8342 0.4078
vn 0.1949 0.9120 0.3608
vn 0.8850 0.3518 0.3051
vn 0.9303 0.1448 0.3369
vn 0.9019 0.1176 0.4156
vn 0.8389 0.3004 0.4539
vn 0.1847 0.9005 0.3936
vn 0.8389 0.3004 0.4540
vn 0.8057 0.2762 0.5241
vn 0.3141 0.7955 0.5182
vn 0.2977 0.7884 0.5384
vn 0.2781 0.7811 0.5591
vn 0.2781 0.7810 0.5591
vn 0.2781 0.7810 0.5592
vn 0.2591 0.7749 0.5765
vn 0.1330 0.8758 0.4641
vn 0.2591 0.7750 0.5765
vn 0.2408 0.7698 0.5911
vn 0.2407 0.7698 0.5911
vn 0.2234 0.7655 0.6035
vn 0.1147 0.8709 0.4779
vn 0.2233 0.7655 0.6034
vn 0.2071 0.7618 0.6138
vn 0.1918 0.7588 0.6225
vn 0.0985 0.8675 0.4877
vn 0.1636 0.7539 0.6363
vn 0.1635 0.7539 0.6363
vn 0.0840 0.8650 0.4948
vn 0.0839 0.8650 0.4948
vn 0.1370 0.7502 0.6469
vn 0.1369 0.7502 0.6469
vn 0.0703 0.8630 0.5002
vn 0.1128 0.7475 0.6546
vn 0.0905 0.7454 0.6604
vn 0.0905 0.7455 0.6604
vn 0.0579 0.8616 0.5042
vn 0.0704 0.7440 0.6645
vn 0.0518 0.7430 0.6673
vn 0.0266 0.8593 0.5107
vn 0.0266 0.8594 0.5107
vn 0.0338 0.7423 0.6692
vn 0.0174 0.8590 0.5117
vn 0.0338 0.7424 0.6691
vn 0.5380 0.5795 0.6121
vn 0.4065 0.7204 0.5619
vn 0.3142 0.7954 0.5182
vn 0.3141 0.7954 0.5182
vn 0.3853 0.7112 0.5880
vn 0.3142 0.7954 0.5183
vn 0.2977 0.7883 0.5384
vn 0.3599 0.7017 0.6149
vn 0.3353 0.6938 0.6373
vn 0.3116 0.6872 0.6562
vn 0.2891 0.6816 0.6723
vn 0.2891 0.6815 0.6723
vn 0.2891 0.6816 0.6722
vn 0.2680 0.6768 0.6856
vn 0.2680 0.6768 0.6857
vn 0.2234 0.7654 0.6035
vn 0.2483 0.6729 0.6968
vn 0.2483 0.6729 0.6969
vn 0.1919 0.7587 0.6225
vn 0.2117 0.6666 0.7148
vn 0.1773 0.6617 0.7285
vn 0.1460 0.6583 0.7385
vn 0.1370 0.7501 0.6469
vn 0.1128 0.7475 0.6547
vn 0.1128 0.7474 0.6547
vn 0.1172 0.6557 0.7459
vn 0.0906 0.7454 0.6604
vn 0.0911 0.6537 0.7512
vn 0.0704 0.7439 0.6645
vn 0.0670 0.6524 0.7549
vn 0.0670 0.6525 0.7549
vn 0.0437 0.6516 0.7573
vn 0.0438 0.6516 0.7573
vn 0.0165 0.7419 0.6703
vn 0.4066 0.7204 0.5620
vn 0.4066 0.7204 0.5619
vn 0.4275 0.7308 0.5322
vn 0.5098 0.5673 0.6467
vn 0.4763 0.5547 0.6822
vn 0.3354 0.6938 0.6373
vn 0.3354 0.6938 0.6374
vn 0.3117 0.6872 0.6563
vn 0.3116 0.6872 0.6563
vn 0.3826 0.5281 0.7582
vn 0.3547 0.5218 0.7759
vn 0.3286 0.5166 0.7907
vn 0.2483 0.6728 0.6969
vn 0.2117 0.6665 0.7148
vn 0.2346 0.5018 0.8325
vn 0.1932 0.4973 0.8458
vn 0.1460 0.6582 0.7385
vn 0.1551 0.4938 0.8556
vn 0.1459 0.6582 0.7385
vn 0.1172 0.6556 0.7459
vn 0.1172 0.6556 0.7460
vn 0.1205 0.4912 0.8626
vn 0.0911 0.6537 0.7513
vn 0.0887 0.4896 0.8674
vn 0.0696 0.3082 0.9488
vn 0.0386 0.1111 0.9931
vn 0.9511 0.2914 0.1025
vn 0.9239 0.3610 0.1270
vn 0.9239 0.3609 0.1270
vn 0.7071 0.6670 0.2347
vn 0.7071 0.6671 0.2347
vn 0.3827 0.8715 0.3066
vn 0.3826 0.8715 0.3066
vn 0.0001 0.9433 0.3319
vn 0.9511 0.2915 0.1025
vn 0.9510 0.2915 0.1026
vn 0.8090 0.5544 0.1951
vn 0.8090 0.5545 0.1951
vn 0.7071 0.6671 0.2346
vn 0.3090 0.8971 0.3157
vn 0.3090 0.8972 0.3156
vn 0.3090 0.8972 0.3157
vn 0.5878 0.7631 0.2685
vn 0.5878 0.7632 0.2685
vn 0.3090 0.8971 0.3156
vn 0.3091 0.8971 0.3156
vn 0.3826 0.8715 0.3067
vn 0.9511 0.2915 0.1026
vn 1.0000 0.0001 -0.0000
vn 0.1208 0.3303 -0.9361
vn -0.0000 0.3319 -0.9433
vn 0.1089 0.5542 -0.8253
vn 0.1089 0.5542 -0.8252
vn -0.0000 0.6066 -0.7950
vn -0.0000 0.6067 -0.7950
vn 0.1013 0.7067 -0.7002
vn -0.0000 0.6067 -0.7949
vn -0.0000 0.8237 -0.5670
vn 0.0895 0.8337 -0.5449
vn 0.0744 0.9254 -0.3715
vn 0.1888 0.8279 -0.5281
vn 0.1888 0.8279 -0.5282
vn 0.1570 0.9205 -0.3577
vn 0.1889 0.8279 -0.5281
vn 0.1571 0.9205 -0.3577
vn 0.2923 0.8168 -0.4974
vn 0.2431 0.9114 -0.3320
vn 0.2924 0.8168 -0.4974
vn 0.3430 0.8095 -0.4765
vn 0.2853 0.9053 -0.3146
vn 0.3931 0.8009 -0.4517
vn 0.3269 0.8981 -0.2941
vn 0.3270 0.8981 -0.2941
vn 0.4424 0.7909 -0.4229
vn 0.3269 0.8981 -0.2940
vn 0.3680 0.8897 -0.2701
vn 0.4424 0.7909 -0.4228
vn 0.4884 0.7798 -0.3917
vn 0.4062 0.8806 -0.2441
vn 0.4884 0.7798 -0.3916
vn 0.5670 0.7564 -0.3261
vn 0.4714 0.8613 -0.1894
vn 0.4714 0.8613 -0.1893
vn 0.6292 0.7328 -0.2590
vn 0.4715 0.8613 -0.1893
vn 0.5232 0.8417 -0.1336
vn 0.6776 0.7098 -0.1926
vn 0.6776 0.7097 -0.1926
vn 0.5636 0.8223 -0.0785
vn 0.6776 0.7098 -0.1925
vn 0.7139 0.6880 -0.1304
vn 0.5938 0.8042 -0.0269
vn 0.5938 0.8042 -0.0268
vn 0.7402 0.6684 -0.0740
vn 0.7402 0.6683 -0.0740
vn 0.6155 0.7879 0.0202
vn 0.6154 0.7879 0.0203
vn 0.7596 0.6500 -0.0217
vn 0.7596 0.6501 -0.0217
vn 0.6154 0.7879 0.0202
vn 0.6315 0.7728 0.0637
vn 0.7734 0.6334 0.0255
vn 0.6431 0.7589 0.1028
vn 0.7829 0.6186 0.0671
vn 0.6511 0.7465 0.1374
vn 0.7890 0.6056 0.1035
vn 0.6562 0.7357 0.1677
vn 0.7890 0.6057 0.1036
vn 0.7929 0.5936 0.1377
vn 0.6595 0.7257 0.1961
vn 0.7950 0.5826 0.1692
vn 0.6595 0.7257 0.1962
vn 0.6612 0.7165 0.2223
vn 0.5889 0.7624 0.2682
vn 0.5888 0.7625 0.2682
vn 0.4996 0.8240 0.2674
vn 0.3860 0.8755 0.2906
vn 0.1981 0.9274 0.3174
vn 0.1976 0.9301 0.3095
vn 0.1975 0.9301 0.3095
vn 0.1966 0.9331 0.3010
vn 0.1950 0.9364 0.2919
vn 0.1926 0.9400 0.2815
vn 0.1891 0.9442 0.2698
vn 0.1891 0.9441 0.2698
vn 0.1844 0.9487 0.2569
vn 0.1843 0.9487 0.2569
vn 0.1779 0.9536 0.2428
vn 0.1689 0.9591 0.2272
vn 0.1688 0.9591 0.2273
vn 0.1568 0.9649 0.2107
vn 0.1413 0.9708 0.1940
vn 0.1217 0.9765 0.1776
vn 0.1102 0.9793 0.1698
vn 0.1102 0.9793 0.1699
vn 0.0980 0.9818 0.1627
vn 0.0855 0.9840 0.1565
vn 0.0728 0.9858 0.1513
vn 0.0728 0.9858 0.1512
vn 0.0470 0.9885 0.1436
vn 0.0223 0.9900 0.1394
vn -0.0000 0.9433 0.3318
vn 0.0223 0.9900 0.1395
vn -0.0000 0.9997 0.0248
vn 0.0435 0.9975 -0.0560
vn -0.0000 0.9997 0.0247
vn 0.0434 0.9975 -0.0561
vn 0.0562 0.9818 -0.1813
vn 0.0434 0.9975 -0.0560
vn 0.1187 0.9781 -0.1708
vn 0.1187 0.9781 -0.1709
vn 0.1570 0.9206 -0.3576
vn 0.2431 0.9114 -0.3319
vn -0.0000 0.9579 -0.2872
vn 0.0744 0.9255 -0.3715
vn -0.0000 0.9579 -0.2871
vn 0.7950 0.5825 0.1691
vn 0.8999 0.4225 0.1081
vn 0.9512 0.2909 0.1024
vn 0.9676 0.2485 0.0439
vn 0.9676 0.2485 0.0438
vn 0.9992 0.0137 -0.0379
vn 0.9964 0.0286 -0.0801
vn 0.9651 0.2620 0.0056
vn 0.9676 0.2486 0.0439
vn 0.8975 0.4350 0.0725
vn 0.8931 0.4487 0.0339
vn 0.8930 0.4487 0.0339
vn 0.7829 0.6185 0.0671
vn 0.9651 0.2619 0.0056
vn 0.9603 0.2766 -0.0360
vn 0.9964 0.0286 -0.0802
vn 0.9910 0.0445 -0.1264
vn 0.9530 0.2922 -0.0805
vn 0.9824 0.0627 -0.1758
vn 0.9416 0.3100 -0.1313
vn 0.9824 0.0628 -0.1758
vn 0.9688 0.0844 -0.2329
vn 0.9416 0.3101 -0.1313
vn 0.9248 0.3302 -0.1887
vn 0.9484 0.1077 -0.2982
vn 0.9011 0.3526 -0.2523
vn 0.9192 0.1319 -0.3710
vn 0.9192 0.1320 -0.3709
vn 0.8689 0.3768 -0.3208
vn 0.8690 0.3768 -0.3208
vn 0.8796 0.1579 -0.4488
vn 0.8246 0.4033 -0.3966
vn 0.8223 0.1912 -0.5359
vn 0.7656 0.4312 -0.4774
vn 0.7656 0.4312 -0.4775
vn 0.7475 0.2248 -0.6250
vn 0.7655 0.4312 -0.4775
vn 0.6901 0.4598 -0.5589
vn 0.7022 0.2401 -0.6703
vn 0.6901 0.4599 -0.5589
vn 0.6509 0.2542 -0.7153
vn 0.5946 0.4884 -0.6386
vn 0.5932 0.2677 -0.7592
vn 0.5946 0.4885 -0.6386
vn 0.5932 0.2678 -0.7592
vn 0.5385 0.5021 -0.6767
vn 0.5289 0.2818 -0.8005
vn 0.4782 0.5143 -0.7119
vn 0.4620 0.2958 -0.8361
vn 0.4173 0.5246 -0.7420
vn 0.4619 0.2958 -0.8361
vn 0.3942 0.3073 -0.8661
vn 0.3942 0.3074 -0.8661
vn 0.3559 0.5335 -0.7673
vn 0.3559 0.5334 -0.7673
vn 0.3257 0.3156 -0.8913
vn 0.3256 0.3156 -0.8912
vn 0.2300 0.5471 -0.8048
vn 0.3256 0.3156 -0.8913
vn 0.2559 0.3213 -0.9117
vn 0.2300 0.5471 -0.8049
vn 0.2559 0.3213 -0.9118
vn 0.1863 0.3263 -0.9267
vn 0.0917 0.9946 -0.0479
vn 0.0470 0.9885 0.1435
vn 0.0917 0.9946 -0.0480
vn 0.1420 0.9893 -0.0330
vn 0.0729 0.9858 0.1512
vn 0.1666 0.9858 -0.0229
vn 0.0855 0.9840 0.1564
vn 0.1909 0.9816 -0.0108
vn 0.0980 0.9818 0.1626
vn 0.2148 0.9766 0.0032
vn 0.2148 0.9767 0.0032
vn 0.1103 0.9793 0.1698
vn 0.2371 0.9713 0.0184
vn 0.2372 0.9713 0.0184
vn 0.2753 0.9600 0.0502
vn 0.2753 0.9600 0.0503
vn 0.1413 0.9708 0.1939
vn 0.1414 0.9708 0.1939
vn 0.3055 0.9486 0.0828
vn 0.1414 0.9708 0.1940
vn 0.3290 0.9373 0.1150
vn 0.3466 0.9267 0.1452
vn 0.3466 0.9267 0.1453
vn 0.1779 0.9536 0.2427
vn 0.1780 0.9536 0.2427
vn 0.3593 0.9171 0.1727
vn 0.1844 0.9487 0.2568
vn 0.3592 0.9171 0.1727
vn 0.3686 0.9083 0.1980
vn 0.3686 0.9083 0.1981
vn 0.1892 0.9441 0.2698
vn 0.3753 0.9002 0.2208
vn 0.3753 0.9002 0.2209
vn 0.1927 0.9400 0.2815
vn 0.3801 0.8930 0.2410
vn 0.3800 0.8930 0.2410
vn 0.1951 0.9364 0.2919
vn 0.3831 0.8867 0.2588
vn 0.1967 0.9331 0.3010
vn 0.3850 0.8809 0.2754
vn 0.3849 0.8809 0.2754
vn 0.2138 0.7002 -0.6812
vn 0.1889 0.8279 -0.5282
vn 0.3310 0.6872 -0.6467
vn 0.1889 0.8278 -0.5282
vn 0.2924 0.8167 -0.4974
vn 0.3883 0.6790 -0.6230
vn 0.3430 0.8095 -0.4766
vn 0.3430 0.8094 -0.4766
vn 0.4449 0.6696 -0.5948
vn 0.3431 0.8094 -0.4766
vn 0.5008 0.6583 -0.5620
vn 0.4424 0.7908 -0.4229
vn 0.4425 0.7908 -0.4229
vn 0.5530 0.6456 -0.5268
vn 0.5529 0.6456 -0.5268
vn 0.6420 0.6186 -0.4530
vn 0.6421 0.6185 -0.4530
vn 0.6421 0.6185 -0.4529
vn 0.7124 0.5919 -0.3771
vn 0.5671 0.7564 -0.3261
vn 0.7124 0.5919 -0.3770
vn 0.7670 0.5664 -0.3015
vn 0.6777 0.7097 -0.1926
vn 0.7670 0.5664 -0.3014
vn 0.8081 0.5418 -0.2310
vn 0.8081 0.5419 -0.2310
vn 0.7139 0.6880 -0.1305
vn 0.8381 0.5192 -0.1674
vn 0.8602 0.4983 -0.1083
vn 0.8758 0.4796 -0.0548
vn 0.7735 0.6333 0.0254
vn 0.8862 0.4631 -0.0075
vn 0.8863 0.4631 -0.0075
vn 0.7829 0.6185 0.0670
vn 0.8862 0.4632 -0.0075
vn 0.0435 0.9975 -0.0561
vn 0.1837 0.9712 -0.1514
vn 0.1837 0.9712 -0.1515
vn 0.2853 0.9054 -0.3146
vn 0.3558 0.5335 -0.7673
vn 0.2300 0.5472 -0.8048
vn 0.1420 0.9893 -0.0331
vn 0.2156 0.9666 -0.1383
vn 0.2470 0.9612 -0.1227
vn 0.2470 0.9612 -0.1228
vn 0.1909 0.9815 -0.0109
vn 0.2780 0.9549 -0.1046
vn 0.2780 0.9548 -0.1047
vn 0.2149 0.9766 0.0031
vn 0.3069 0.9479 -0.0850
vn 0.2149 0.9766 0.0032
vn 0.2372 0.9713 0.0183
vn 0.3563 0.9334 -0.0437
vn 0.3562 0.9334 -0.0437
vn 0.2754 0.9600 0.0502
vn 0.3953 0.9185 -0.0015
vn 0.4258 0.9039 0.0401
vn 0.4259 0.9039 0.0401
vn 0.3291 0.9373 0.1150
vn 0.4486 0.8902 0.0792
vn 0.3467 0.9267 0.1452
vn 0.4650 0.8779 0.1148
vn 0.4649 0.8779 0.1148
vn 0.4770 0.8664 0.1476
vn 0.3686 0.9082 0.1980
vn 0.4858 0.8559 0.1771
vn 0.4858 0.8560 0.1771
vn 0.3754 0.9002 0.2208
vn 0.4919 0.8466 0.2032
vn 0.4958 0.8385 0.2262
vn 0.4982 0.8309 0.2476
vn 0.4173 0.5247 -0.7420
vn 0.3883 0.6790 -0.6231
vn 0.2156 0.9666 -0.1384
vn 0.3269 0.8982 -0.2940
vn 0.2471 0.9612 -0.1228
vn 0.4449 0.6695 -0.5948
vn 0.2781 0.9548 -0.1047
vn 0.5530 0.6455 -0.5268
vn 0.4714 0.8614 -0.1893
vn 0.4062 0.8806 -0.2440
vn 0.3563 0.9333 -0.0437
vn 0.3954 0.9185 -0.0016
vn 0.7655 0.4313 -0.4774
vn 0.5232 0.8417 -0.1335
vn 0.3953 0.9185 -0.0016
vn 0.8246 0.4034 -0.3966
vn 0.7656 0.4313 -0.4774
vn 0.5937 0.8042 -0.0268
vn 0.4487 0.8902 0.0792
vn 0.8689 0.3769 -0.3208
vn 0.7670 0.5663 -0.3015
vn 0.7671 0.5663 -0.3015
vn 0.8081 0.5418 -0.2311
vn 0.9011 0.3527 -0.2522
vn 0.9011 0.3527 -0.2523
vn 0.6314 0.7728 0.0637
vn 0.4650 0.8778 0.1147
vn 0.4650 0.8778 0.1148
vn 0.4771 0.8664 0.1475
vn 0.9248 0.3303 -0.1887
vn 0.6430 0.7589 0.1029
vn 0.4771 0.8664 0.1476
vn 0.9529 0.2923 -0.0805
vn 0.9416 0.3101 -0.1312
vn 0.6510 0.7465 0.1374
vn 0.4959 0.8384 0.2261
vn 0.9603 0.2767 -0.0360
vn 0.9529 0.2923 -0.0804
vn 0.8931 0.4486 0.0338
vn 0.6594 0.7257 0.1962
vn 0.4983 0.8309 0.2476
vn 0.9650 0.2620 0.0056
vn -0.0000 0.6071 -0.7946
vn -0.0000 0.6676 -0.7445
vn -0.0000 0.9017 -0.4324
vn -0.0000 0.6677 -0.7445
vn -0.0000 0.9017 -0.4323
vn -0.0000 0.9985 -0.0544
vn -0.0000 0.9985 -0.0543
vn -0.0000 0.6072 -0.7946
vn -0.0000 0.8230 -0.5681
vn -0.0000 0.9582 -0.2860
vn -0.0000 0.9582 -0.2859
vn -0.0000 0.9997 0.0241
vn -0.0000 0.9997 0.0242
vn -0.0000 0.8229 -0.5681
vn -0.0001 0.9017 -0.4324
vn -1.0000 -0.0000 -0.0000
vn -0.9513 0.2909 0.1024
vn -0.9992 0.0137 -0.0377
vn -0.9513 0.2909 0.1023
vn -0.9672 0.2518 0.0343
vn -0.9964 0.0289 -0.0799
vn -0.9672 0.2519 0.0343
vn -0.9623 0.2713 -0.0212
vn -0.9964 0.0289 -0.0800
vn -0.9622 0.2713 -0.0212
vn -0.9909 0.0450 -0.1267
vn -0.9622 0.2714 -0.0212
vn -0.9565 0.2853 -0.0607
vn -0.9822 0.0625 -0.1774
vn -0.9483 0.3002 -0.1030
vn -0.9687 0.0833 -0.2336
vn -0.9687 0.0834 -0.2336
vn -0.9483 0.3002 -0.1031
vn -0.9365 0.3168 -0.1503
vn -0.9687 0.0833 -0.2337
vn -0.9365 0.3167 -0.1503
vn -0.9485 0.1066 -0.2982
vn -0.9200 0.3352 -0.2029
vn -0.8977 0.3555 -0.2604
vn -0.8977 0.3555 -0.2603
vn -0.9200 0.3353 -0.2029
vn -0.8557 0.5030 -0.1214
vn -0.8977 0.3556 -0.2603
vn -0.8349 0.5219 -0.1749
vn -0.7558 0.6539 -0.0335
vn -0.8349 0.5220 -0.1748
vn -0.7375 0.6705 -0.0808
vn -0.6285 0.7759 0.0539
vn -0.6133 0.7897 0.0145
vn -0.6285 0.7760 0.0539
vn -0.4749 0.8688 0.1401
vn -0.4634 0.8792 0.1104
vn -0.4634 0.8793 0.1104
vn -0.4748 0.8689 0.1401
vn -0.3669 0.9102 0.1923
vn -0.3581 0.9182 0.1694
vn -0.3580 0.9182 0.1694
vn -0.1883 0.9452 0.2669
vn -0.1838 0.9493 0.2551
vn -0.1837 0.9493 0.2551
vn -0.1882 0.9452 0.2669
vn -0.9671 0.2519 0.0343
vn -0.9512 0.2909 0.1024
vn -0.8995 0.4255 0.0992
vn -0.8995 0.4256 0.0992
vn -0.9512 0.2910 0.1024
vn -0.8083 0.5554 0.1954
vn -0.7946 0.5853 0.1613
vn -0.8082 0.5555 0.1954
vn -0.6609 0.7188 0.2158
vn -0.7905 0.6014 0.1157
vn -0.7905 0.6014 0.1158
vn -0.6575 0.7322 0.1779
vn -0.7858 0.6128 0.0833
vn -0.7858 0.6128 0.0832
vn -0.6536 0.7416 0.1509
vn -0.6536 0.7416 0.1508
vn -0.7791 0.6250 0.0485
vn -0.6480 0.7518 0.1219
vn -0.7694 0.6387 0.0098
vn -0.6398 0.7632 0.0898
vn -0.6398 0.7633 0.0898
vn -0.7558 0.6540 -0.0334
vn -0.5889 0.7624 0.2682
vn -0.6608 0.7188 0.2158
vn -0.5888 0.7624 0.2683
vn -0.4994 0.8257 0.2625
vn -0.4993 0.8257 0.2625
vn -0.4968 0.8358 0.2338
vn -0.4968 0.8358 0.2339
vn -0.6536 0.7417 0.1509
vn -0.4939 0.8429 0.2134
vn -0.6480 0.7518 0.1220
vn -0.4896 0.8506 0.1915
vn -0.4834 0.8593 0.1672
vn -0.5888 0.7625 0.2683
vn -0.3085 0.8973 0.3157
vn -0.3084 0.8973 0.3157
vn -0.3858 0.8768 0.2868
vn -0.3858 0.8769 0.2868
vn -0.3839 0.8846 0.2647
vn -0.4938 0.8430 0.2134
vn -0.3816 0.8902 0.2489
vn -0.3783 0.8961 0.2320
vn -0.3735 0.9028 0.2132
vn -0.4748 0.8688 0.1401
vn -0.1980 0.9281 0.3154
vn -0.0001 0.9433 0.3319
vn -0.1970 0.9321 0.3041
vn -0.3838 0.8846 0.2647
vn -0.3838 0.8847 0.2647
vn -0.1970 0.9321 0.3040
vn -0.3816 0.8902 0.2490
vn -0.1958 0.9349 0.2960
vn -0.1941 0.9380 0.2873
vn -0.1959 0.9349 0.2959
vn -0.1942 0.9380 0.2873
vn -0.1917 0.9414 0.2776
vn -0.1916 0.9414 0.2776
vn -0.1883 0.9451 0.2669
vn -0.1778 0.9537 0.2425
vn -0.1697 0.9586 0.2286
vn -0.1698 0.9586 0.2286
vn -0.1593 0.9638 0.2140
vn -0.1460 0.9691 0.1988
vn -0.1292 0.9745 0.1834
vn -0.1099 0.9794 0.1695
vn -0.0882 0.9835 0.1578
vn -0.0882 0.9835 0.1577
vn -0.0645 0.9868 0.1484
vn -0.0416 0.9889 0.1424
vn -0.0201 0.9901 0.1392
vn -0.0507 0.9820 -0.1819
vn -0.0392 0.9976 -0.0566
vn -0.0392 0.9976 -0.0565
vn -0.0416 0.9889 0.1423
vn -0.0671 0.9257 -0.3723
vn -0.0672 0.9257 -0.3723
vn -0.0808 0.8340 -0.5459
vn -0.0808 0.8339 -0.5459
vn -0.0915 0.7068 -0.7015
vn -0.0916 0.7068 -0.7015
vn -0.1671 0.8293 -0.5332
vn -0.1671 0.8294 -0.5331
vn -0.1892 0.7014 -0.6872
vn -0.2589 0.8210 -0.5088
vn -0.2930 0.6924 -0.6594
vn -0.2931 0.6924 -0.6593
vn -0.3540 0.8078 -0.4714
vn -0.4008 0.6773 -0.6169
vn -0.4409 0.7910 -0.4243
vn -0.4991 0.6579 -0.5639
vn -0.4409 0.7909 -0.4243
vn -0.4992 0.6579 -0.5639
vn -0.5184 0.7716 -0.3686
vn -0.5867 0.6364 -0.5007
vn -0.5858 0.7500 -0.3070
vn -0.6631 0.6120 -0.4309
vn -0.5858 0.7501 -0.3070
vn -0.6394 0.7285 -0.2460
vn -0.6631 0.6121 -0.4308
vn -0.7238 0.5874 -0.3620
vn -0.7239 0.5873 -0.3620
vn -0.6813 0.7078 -0.1869
vn -0.7239 0.5874 -0.3620
vn -0.7712 0.5640 -0.2951
vn -0.7712 0.5641 -0.2951
vn -0.7135 0.6883 -0.1314
vn -0.7134 0.6883 -0.1314
vn -0.8075 0.5422 -0.2321
vn -0.8075 0.5422 -0.2320
vn -0.8348 0.5220 -0.1749
vn -0.0915 0.7067 -0.7015
vn -0.0985 0.5544 -0.8264
vn -0.0916 0.7067 -0.7015
vn -0.0986 0.5544 -0.8264
vn -0.2033 0.5488 -0.8108
vn -0.2033 0.5488 -0.8109
vn -0.2930 0.6923 -0.6594
vn -0.3150 0.5388 -0.7813
vn -0.2931 0.6923 -0.6594
vn -0.4008 0.6773 -0.6170
vn -0.4310 0.5226 -0.7356
vn -0.4311 0.5226 -0.7356
vn -0.5365 0.5021 -0.6783
vn -0.6307 0.4787 -0.6108
vn -0.5868 0.6364 -0.5007
vn -0.6632 0.6120 -0.4309
vn -0.6307 0.4787 -0.6107
vn -0.7131 0.4524 -0.5356
vn -0.7782 0.4261 -0.4614
vn -0.7712 0.5640 -0.2952
vn -0.8291 0.4009 -0.3897
vn -0.8076 0.5422 -0.2321
vn -0.8683 0.3773 -0.3219
vn -0.8076 0.5422 -0.2320
vn -0.8684 0.3773 -0.3219
vn -0.1219 0.3316 -0.9355
vn -0.1220 0.3316 -0.9355
vn -0.1865 0.3289 -0.9258
vn -0.1866 0.3288 -0.9258
vn -0.2033 0.5487 -0.8109
vn -0.2537 0.3231 -0.9117
vn -0.3150 0.5388 -0.7814
vn -0.3150 0.5387 -0.7814
vn -0.3233 0.3147 -0.8924
vn -0.3950 0.3050 -0.8666
vn -0.4650 0.2952 -0.8346
vn -0.5302 0.2839 -0.7989
vn -0.5365 0.5020 -0.6783
vn -0.5911 0.2700 -0.7601
vn -0.6481 0.2537 -0.7180
vn -0.6482 0.2537 -0.7180
vn -0.7016 0.2365 -0.6721
vn -0.7131 0.4523 -0.5356
vn -0.7017 0.2365 -0.6721
vn -0.7479 0.2211 -0.6259
vn -0.7782 0.4260 -0.4614
vn -0.7782 0.4260 -0.4615
vn -0.8235 0.1903 -0.5344
vn -0.8235 0.1904 -0.5344
vn -0.8795 0.1583 -0.4487
vn -0.8684 0.3772 -0.3219
vn -0.8796 0.1583 -0.4487
vn -0.9196 0.1309 -0.3703
vn -0.9622 0.2714 -0.0211
vn -0.8949 0.4437 0.0476
vn -0.8949 0.4437 0.0477
vn -0.7906 0.6013 0.1157
vn -0.8895 0.4567 0.0109
vn -0.7859 0.6128 0.0832
vn -0.8895 0.4568 0.0109
vn -0.8819 0.4706 -0.0284
vn -0.8819 0.4706 -0.0285
vn -0.8710 0.4858 -0.0724
vn -0.8710 0.4859 -0.0724
vn -0.7694 0.6387 0.0097
vn -0.8896 0.4567 0.0109
vn -0.9483 0.3003 -0.1030
vn -0.8819 0.4705 -0.0285
vn -0.9365 0.3168 -0.1502
vn -0.8711 0.4858 -0.0724
vn -0.9200 0.3353 -0.2028
vn -0.3464 0.9268 0.1447
vn -0.3464 0.9269 0.1447
vn -0.3307 0.9363 0.1178
vn -0.3307 0.9364 0.1178
vn -0.1778 0.9537 0.2424
vn -0.3104 0.9464 0.0892
vn -0.1593 0.9638 0.2139
vn -0.2845 0.9568 0.0595
vn -0.1460 0.9691 0.1987
vn -0.2844 0.9568 0.0595
vn -0.2518 0.9673 0.0296
vn -0.2517 0.9673 0.0296
vn -0.1293 0.9745 0.1833
vn -0.2141 0.9768 0.0025
vn -0.1099 0.9794 0.1694
vn -0.1719 0.9849 -0.0204
vn -0.1718 0.9849 -0.0204
vn -0.1257 0.9913 -0.0385
vn -0.0646 0.9868 0.1484
vn -0.0811 0.9954 -0.0503
vn -0.4483 0.8904 0.0785
vn -0.4484 0.8904 0.0785
vn -0.3465 0.9268 0.1447
vn -0.4281 0.9027 0.0437
vn -0.4280 0.9027 0.0437
vn -0.3308 0.9363 0.1177
vn -0.4017 0.9157 0.0066
vn -0.4017 0.9157 0.0067
vn -0.3308 0.9363 0.1178
vn -0.3104 0.9464 0.0891
vn -0.3681 0.9292 -0.0318
vn -0.3258 0.9428 -0.0705
vn -0.2518 0.9673 0.0295
vn -0.2771 0.9550 -0.1054
vn -0.2771 0.9550 -0.1055
vn -0.2770 0.9551 -0.1055
vn -0.2224 0.9655 -0.1351
vn -0.2141 0.9768 0.0024
vn -0.1627 0.9738 -0.1586
vn -0.1257 0.9913 -0.0386
vn -0.1050 0.9792 -0.1738
vn -0.0508 0.9820 -0.1819
vn -0.7374 0.6706 -0.0808
vn -0.5934 0.8044 -0.0277
vn -0.5934 0.8044 -0.0276
vn -0.5934 0.8045 -0.0276
vn -0.5665 0.8207 -0.0737
vn -0.5665 0.8207 -0.0738
vn -0.5316 0.8380 -0.1228
vn -0.4281 0.9027 0.0436
vn -0.4018 0.9157 0.0066
vn -0.4872 0.8558 -0.1737
vn -0.3682 0.9292 -0.0318
vn -0.4312 0.8738 -0.2249
vn -0.4312 0.8738 -0.2248
vn -0.3259 0.9428 -0.0705
vn -0.3666 0.8900 -0.2711
vn -0.3666 0.8900 -0.2710
vn -0.2944 0.9039 -0.3104
vn -0.2224 0.9655 -0.1352
vn -0.2943 0.9039 -0.3104
vn -0.2153 0.9149 -0.3415
vn -0.2154 0.9149 -0.3415
vn -0.1627 0.9738 -0.1587
vn -0.1389 0.9219 -0.3616
vn -0.1390 0.9219 -0.3616
vn -0.1050 0.9792 -0.1739
vn -0.0672 0.9257 -0.3722
vn -0.6812 0.7078 -0.1869
vn -0.5666 0.8207 -0.0738
vn -0.6393 0.7285 -0.2459
vn -0.6394 0.7285 -0.2459
vn -0.5317 0.8380 -0.1228
vn -0.5858 0.7501 -0.3069
vn -0.5184 0.7716 -0.3685
vn -0.4409 0.7910 -0.4242
vn -0.3667 0.8900 -0.2711
vn -0.9511 0.2914 0.1025
vn -0.9239 0.3610 0.1270
vn -0.9239 0.3609 0.1270
vn -0.7071 0.6670 0.2347
vn -0.7071 0.6671 0.2347
vn -0.3827 0.8715 0.3066
vn -0.3826 0.8715 0.3066
vn -0.3827 0.8715 0.3067
vn -0.9511 0.2915 0.1026
vn -1.0000 0.0001 -0.0000
vn -0.9511 0.2914 0.1026
vn -0.9510 0.2915 0.1026
vn -0.8090 0.5544 0.1951
vn -0.8090 0.5545 0.1951
vn -0.3091 0.8971 0.3156
vn -0.3090 0.8972 0.3156
vn -0.5878 0.7631 0.2685
vn -0.5878 0.7632 0.2685
vn -0.3090 0.8971 0.3156
vn -0.9239 0.3611 0.1270
vn -0.7071 0.6671 0.2346
vn -0.0396 -0.3313 0.9427
vn -0.0463 -0.0862 0.9952
vn -0.0809 -0.3302 0.9404
vn -0.0950 -0.0851 0.9918
vn -0.1239 -0.3289 0.9362
vn -0.1459 -0.0829 0.9858
vn -0.1684 -0.3271 0.9299
vn -0.1996 -0.0797 0.9766
vn -0.2154 -0.3238 0.9213
vn -0.2587 -0.0749 0.9630
vn -0.2667 -0.3195 0.9093
vn -0.3218 -0.3142 0.8932
vn -0.3235 -0.0681 0.9438
vn -0.3589 -0.0637 0.9312
vn -0.3235 -0.0680 0.9438
vn -0.3008 0.1281 0.9450
vn -0.3589 -0.0636 0.9312
vn -0.3008 0.1280 0.9450
vn -0.3337 0.1321 0.9334
vn -0.2657 0.3224 0.9085
vn -0.2658 0.3224 0.9085
vn -0.2948 0.3260 0.8982
vn -0.2948 0.3261 0.8982
vn -0.2658 0.3225 0.9085
vn -0.2210 0.5001 0.8373
vn -0.2211 0.5001 0.8373
vn -0.2452 0.5031 0.8287
vn -0.2452 0.5032 0.8286
vn -0.2210 0.5002 0.8372
vn -0.1670 0.6604 0.7321
vn -0.2452 0.5032 0.8287
vn -0.1670 0.6605 0.7321
vn -0.1853 0.6627 0.7256
vn -0.1853 0.6628 0.7255
vn -0.1670 0.6605 0.7320
vn -0.1291 0.7492 0.6497
vn -0.1290 0.7492 0.6497
vn -0.1432 0.7510 0.6446
vn -0.1431 0.7510 0.6446
vn -0.1290 0.7492 0.6496
vn -0.0662 0.8625 0.5016
vn -0.0735 0.8635 0.4991
vn -0.0735 0.8635 0.4990
vn -0.0662 0.8626 0.5016
vn -0.0812 0.8646 0.4959
vn -0.0894 0.8659 0.4922
vn -0.0894 0.8659 0.4923
vn -0.0982 0.8674 0.4878
vn -0.0894 0.8658 0.4923
vn -0.1913 0.7587 0.6227
vn -0.2163 0.7638 0.6081
vn -0.1914 0.7587 0.6227
vn -0.2800 0.6794 0.6782
vn -0.2164 0.7638 0.6081
vn -0.3151 0.6880 0.6537
vn -0.4170 0.5366 0.7336
vn -0.4677 0.5518 0.6905
vn -0.5623 0.3845 0.7321
vn -0.5624 0.3845 0.7321
vn -0.5941 0.3957 0.7004
vn -0.5941 0.3956 0.7004
vn -0.6724 0.2110 0.7094
vn -0.7091 0.2253 0.6681
vn -0.6725 0.2110 0.7094
vn -0.7091 0.2252 0.6682
vn -0.7625 0.0366 0.6460
vn -0.8015 0.0544 0.5955
vn -0.8015 0.0543 0.5955
vn -0.8068 -0.1951 0.5577
vn -0.8566 -0.1709 0.4868
vn -0.8395 0.0746 0.5382
vn -0.9036 -0.1415 0.4044
vn -0.8752 0.0971 0.4740
vn -0.8752 0.0971 0.4739
vn -0.9070 0.1219 0.4030
vn -0.8140 0.2815 0.5082
vn -0.8139 0.2815 0.5082
vn -0.8437 0.3044 0.4421
vn -0.8437 0.3045 0.4421
vn -0.8139 0.2816 0.5082
vn -0.7190 0.4581 0.5226
vn -0.7190 0.4581 0.5227
vn -0.7453 0.4785 0.4643
vn -0.7452 0.4786 0.4643
vn -0.5980 0.6130 0.5163
vn -0.7453 0.4786 0.4643
vn -0.6198 0.6301 0.4678
vn -0.6197 0.6301 0.4678
vn -0.5980 0.6131 0.5163
vn -0.4519 0.7458 0.4896
vn -0.6197 0.6302 0.4678
vn -0.4519 0.7458 0.4895
vn -0.4683 0.7587 0.4529
vn -0.4518 0.7458 0.4895
vn -0.3491 0.8151 0.4623
vn -0.3619 0.8250 0.4340
vn -0.3619 0.8251 0.4340
vn -0.1792 0.8964 0.4055
vn -0.3618 0.8251 0.4340
vn -0.1858 0.9015 0.3909
vn -0.1857 0.9015 0.3909
vn -0.1791 0.8964 0.4055
vn -0.0431 0.1111 0.9929
vn -0.0431 0.1112 0.9929
vn -0.0380 0.3075 0.9508
vn -0.0380 0.3076 0.9508
vn -0.0316 0.4878 0.8724
vn -0.0381 0.3076 0.9508
vn -0.0317 0.4878 0.8724
vn -0.0780 0.3086 0.9480
vn -0.0780 0.3085 0.9480
vn -0.0649 0.4886 0.8701
vn -0.1199 0.3103 0.9430
vn -0.1199 0.3103 0.9431
vn -0.0997 0.4900 0.8660
vn -0.1639 0.3130 0.9355
vn -0.1639 0.3129 0.9355
vn -0.1364 0.4922 0.8597
vn -0.1640 0.3129 0.9355
vn -0.2126 0.3169 0.9243
vn -0.1768 0.4955 0.8504
vn -0.0239 0.6511 0.7586
vn -0.0649 0.4887 0.8701
vn -0.0490 0.6517 0.7569
vn -0.0649 0.4887 0.8700
vn -0.0490 0.6518 0.7568
vn -0.0997 0.4901 0.8660
vn -0.0753 0.6528 0.7538
vn -0.1363 0.4923 0.8597
vn -0.1364 0.4923 0.8597
vn -0.1030 0.6545 0.7490
vn -0.1768 0.4956 0.8504
vn -0.1336 0.6570 0.7420
vn -0.2210 0.5002 0.8373
vn -0.0239 0.6512 0.7586
vn -0.0185 0.7420 0.6702
vn -0.0379 0.7424 0.6688
vn -0.0379 0.7425 0.6688
vn -0.0753 0.6528 0.7537
vn -0.0582 0.7433 0.6664
vn -0.0753 0.6529 0.7537
vn -0.0582 0.7433 0.6665
vn -0.0796 0.7446 0.6628
vn -0.1032 0.7465 0.6573
vn -0.1032 0.7465 0.6574
vn -0.0095 0.8589 0.5121
vn -0.0194 0.8591 0.5114
vn -0.0194 0.8591 0.5115
vn -0.0195 0.8591 0.5115
vn -0.0299 0.8595 0.5102
vn -0.0796 0.7446 0.6627
vn -0.0408 0.8602 0.5083
vn -0.0299 0.8595 0.5103
vn -0.0409 0.8602 0.5083
vn -0.0409 0.8602 0.5084
vn -0.0530 0.8612 0.5055
vn -0.0530 0.8612 0.5056
vn -0.1110 0.8701 0.4802
vn -0.1110 0.8701 0.4803
vn -0.2163 0.7639 0.6080
vn -0.2434 0.7705 0.5891
vn -0.2435 0.7705 0.5892
vn -0.2435 0.7705 0.5891
vn -0.3534 0.6995 0.6211
vn -0.3534 0.6995 0.6212
vn -0.4941 0.5610 0.6641
vn -0.4941 0.5610 0.6642
vn -0.6264 0.4085 0.6639
vn -0.6264 0.4084 0.6639
vn -0.7091 0.2253 0.6682
vn -0.7455 0.2418 0.6211
vn -0.7091 0.2252 0.6681
vn -0.1249 0.8735 0.4705
vn -0.1249 0.8735 0.4706
vn -0.1401 0.8780 0.4576
vn -0.1480 0.8808 0.4497
vn -0.1561 0.8840 0.4407
vn -0.1561 0.8840 0.4406
vn -0.1641 0.8876 0.4303
vn -0.1641 0.8877 0.4303
vn -0.1718 0.8918 0.4186
vn -0.1719 0.8918 0.4186
vn -0.1910 0.9069 0.3754
vn -0.1910 0.9070 0.3754
vn -0.1950 0.9128 0.3588
vn -0.1975 0.9187 0.3421
vn -0.1975 0.9187 0.3420
vn -0.4980 0.8021 0.3296
vn -0.3848 0.8586 0.3387
vn -0.1951 0.9128 0.3588
vn -0.4981 0.8020 0.3296
vn -0.6591 0.6875 0.3047
vn -0.6592 0.6875 0.3047
vn -0.5889 0.7624 0.2683
vn -0.8082 0.5555 0.1955
vn -0.7926 0.5477 0.2682
vn -0.7926 0.5476 0.2682
vn -0.8972 0.3829 0.2202
vn -0.7828 0.5240 0.3356
vn -0.8971 0.3829 0.2202
vn -0.8861 0.3563 0.2965
vn -0.7829 0.5240 0.3356
vn -0.7667 0.5005 0.4022
vn -0.8678 0.3295 0.3719
vn -0.9646 0.2061 0.1644
vn -0.8972 0.3828 0.2202
vn -0.9646 0.2060 0.1644
vn -0.8861 0.3562 0.2964
vn -0.9646 0.2061 0.1645
vn -0.9528 0.1774 0.2463
vn -0.8861 0.3562 0.2965
vn -0.9528 0.1773 0.2464
vn -0.8678 0.3294 0.3719
vn -0.8679 0.3294 0.3719
vn -0.9331 0.1486 0.3276
vn -0.9937 -0.0365 0.1060
vn -0.9937 -0.0365 0.1061
vn -0.9528 0.1773 0.2463
vn -0.9744 -0.0744 0.2121
vn -0.9744 -0.0744 0.2122
vn -0.9435 -0.1084 0.3131
vn -0.9331 0.1485 0.3276
vn -0.9435 -0.1083 0.3131
vn -0.9071 0.1218 0.4030
vn -0.9036 -0.1416 0.4044
vn -0.7559 -0.2172 0.6176
vn -0.7231 0.0210 0.6904
vn -0.7231 0.0211 0.6904
vn -0.6725 0.2109 0.7094
vn -0.6366 0.1982 0.7453
vn -0.6366 0.1983 0.7453
vn -0.6365 0.1983 0.7453
vn -0.5014 0.3662 0.7839
vn -0.5014 0.3663 0.7839
vn -0.3706 0.5252 0.7660
vn -0.3706 0.5253 0.7660
vn -0.2476 0.6728 0.6972
vn -0.1742 0.7556 0.6314
vn -0.0812 0.8645 0.4959
vn -0.7058 -0.2347 0.6684
vn -0.6845 0.0074 0.7290
vn -0.6844 0.0074 0.7290
vn -0.5675 0.1777 0.8040
vn -0.5675 0.1777 0.8039
vn -0.4456 0.3526 0.8229
vn -0.5013 0.3663 0.7839
vn -0.3278 0.5164 0.7912
vn -0.3277 0.5164 0.7911
vn -0.2476 0.6727 0.6972
vn -0.2255 0.6687 0.7085
vn -0.2255 0.6688 0.7084
vn -0.1742 0.7556 0.6315
vn -0.2255 0.6688 0.7085
vn -0.1583 0.7531 0.6386
vn -0.1582 0.7531 0.6386
vn -0.0812 0.8645 0.4960
vn -0.6571 -0.2497 0.7112
vn -0.6571 -0.2496 0.7112
vn -0.6103 -0.0147 0.7920
vn -0.6844 0.0075 0.7290
vn -0.6103 -0.0147 0.7921
vn -0.5044 0.1621 0.8481
vn -0.4456 0.3525 0.8229
vn -0.3941 0.3419 0.8531
vn -0.3278 0.5164 0.7911
vn -0.3277 0.5164 0.7912
vn -0.3940 0.3420 0.8531
vn -0.2984 0.5111 0.8061
vn -0.2984 0.5111 0.8060
vn -0.2048 0.6655 0.7178
vn -0.2048 0.6655 0.7177
vn -0.1583 0.7530 0.6386
vn -0.1432 0.7509 0.6447
vn -0.6110 -0.2627 0.7468
vn -0.5424 -0.0315 0.8395
vn -0.5424 -0.0314 0.8395
vn -0.5423 -0.0314 0.8396
vn -0.4461 0.1500 0.8823
vn -0.3588 0.3356 0.8710
vn -0.3941 0.3420 0.8531
vn -0.3588 0.3357 0.8710
vn -0.3587 0.3356 0.8710
vn -0.2711 0.5068 0.8183
vn -0.5674 -0.2729 0.7769
vn -0.5674 -0.2728 0.7769
vn -0.5258 -0.2816 0.8027
vn -0.5424 -0.0315 0.8396
vn -0.4797 -0.0444 0.8763
vn -0.4499 -0.2964 0.8425
vn -0.4367 -0.0520 0.8981
vn -0.3967 -0.0584 0.9161
vn -0.3967 -0.0583 0.9161
vn -0.3689 0.1371 0.9193
vn -0.3337 0.1322 0.9334
vn -0.3825 -0.3063 0.8717
vn -0.3218 -0.3142 0.8931
vn -0.0095 0.8588 0.5122
vn -0.0950 -0.0850 0.9918
vn -0.0381 0.3075 0.9508
vn -0.0883 0.1122 0.9897
vn -0.0883 0.1123 0.9897
vn -0.0884 0.1122 0.9897
vn -0.1357 0.1143 0.9841
vn -0.1199 0.3102 0.9431
vn -0.1856 0.1173 0.9756
vn -0.2406 0.1217 0.9630
vn -0.2126 0.3168 0.9244
vn -0.2406 0.1217 0.9629
vn -0.2126 0.3168 0.9243
vn -0.1459 -0.0828 0.9858
vn -0.0883 0.1122 0.9898
vn -0.1996 -0.0796 0.9766
vn -0.1856 0.1172 0.9756
vn -0.2587 -0.0748 0.9630
vn -0.2588 -0.0749 0.9630
vn -0.2710 0.5068 0.8183
vn -0.3259 0.3304 0.8858
vn -0.2711 0.5068 0.8184
vn -0.4061 0.1431 0.9026
vn -0.4061 0.1430 0.9026
vn -0.4797 -0.0443 0.8763
vn -0.5424 -0.0314 0.8396
vn -0.1250 0.8735 0.4706
vn -0.2730 0.7793 0.5640
vn -0.2731 0.7793 0.5640
vn -0.3733 0.7065 0.6012
vn -0.3734 0.7065 0.6012
vn -0.4941 0.5611 0.6641
vn -0.5209 0.5718 0.6338
vn -0.5209 0.5717 0.6338
vn -0.6585 0.4231 0.6224
vn -0.6586 0.4230 0.6224
vn -0.7807 0.2608 0.5678
vn -0.7807 0.2607 0.5678
vn -0.8395 0.0747 0.5382
vn -0.7808 0.2608 0.5678
vn -0.1401 0.8780 0.4577
vn -0.2730 0.7794 0.5640
vn -0.2884 0.7848 0.5486
vn -0.2885 0.7847 0.5486
vn -0.3936 0.7146 0.5783
vn -0.3936 0.7145 0.5783
vn -0.3937 0.7145 0.5783
vn -0.5477 0.5839 0.5992
vn -0.5477 0.5839 0.5993
vn -0.6897 0.4397 0.5753
vn -0.6898 0.4396 0.5753
vn -0.7808 0.2607 0.5678
vn -0.3041 0.7910 0.5309
vn -0.1481 0.8808 0.4498
vn -0.2885 0.7848 0.5486
vn -0.1480 0.8808 0.4498
vn -0.1402 0.8780 0.4577
vn -0.3042 0.7910 0.5309
vn -0.4138 0.7238 0.5522
vn -0.4138 0.7237 0.5522
vn -0.5737 0.5977 0.5601
vn -0.5737 0.5976 0.5601
vn -0.6898 0.4397 0.5753
vn -0.7190 0.4582 0.5227
vn -0.3197 0.7981 0.5107
vn -0.3349 0.8061 0.4879
vn -0.3349 0.8061 0.4878
vn -0.3198 0.7981 0.5107
vn -0.4334 0.7342 0.5226
vn -0.4139 0.7237 0.5522
vn -0.4335 0.7341 0.5226
vn -0.4518 0.7458 0.4896
vn -0.5979 0.6131 0.5163
vn -0.3722 0.8357 0.4038
vn -0.3723 0.8357 0.4038
vn -0.1911 0.9069 0.3754
vn -0.3801 0.8471 0.3714
vn -0.4818 0.7724 0.4138
vn -0.4919 0.7872 0.3720
vn -0.3801 0.8471 0.3715
vn -0.3802 0.8471 0.3714
vn -0.4980 0.8020 0.3296
vn -0.7666 0.5005 0.4022
vn -0.6376 0.6483 0.4161
vn -0.6511 0.6678 0.3607
vn -0.4920 0.7871 0.3720
vn -0.7925 0.5477 0.2682
vn 0.1177 0.3296 -0.9368
vn 0.1178 0.3296 -0.9368
vn 0.1208 0.3295 -0.9364
vn 0.1864 0.3261 -0.9268
vn 0.2456 0.3217 -0.9144
vn 0.2457 0.3217 -0.9144
vn 0.2546 0.3209 -0.9122
vn 0.2546 0.3210 -0.9122
vn 0.3120 0.3153 -0.8962
vn 0.3244 0.3139 -0.8923
vn 0.3788 0.3072 -0.8730
vn 0.3944 0.3050 -0.8668
vn 0.3945 0.3050 -0.8668
vn 0.4445 0.2973 -0.8450
vn 0.4634 0.2941 -0.8359
vn 0.5078 0.2859 -0.8126
vn 0.5297 0.2815 -0.8001
vn 0.5680 0.2732 -0.7764
vn 0.5920 0.2675 -0.7602
vn 0.6244 0.2592 -0.7368
vn 0.6494 0.2524 -0.7174
vn 0.6766 0.2444 -0.6946
vn 0.7012 0.2366 -0.6725
vn 0.7012 0.2366 -0.6726
vn 0.7241 0.2289 -0.6506
vn 0.7475 0.2205 -0.6266
vn 0.8035 0.1976 -0.5615
vn 0.8234 0.1883 -0.5352
vn 0.8235 0.1883 -0.5352
vn 0.8641 0.1670 -0.4748
vn 0.8796 0.1579 -0.4487
vn 0.8641 0.1670 -0.4747
vn 0.8797 0.1578 -0.4487
vn 0.9090 0.1383 -0.3932
vn 0.9090 0.1384 -0.3933
vn 0.9200 0.1301 -0.3698
vn 0.9413 0.1120 -0.3184
vn 0.9200 0.1301 -0.3697
vn 0.9486 0.1050 -0.2986
vn 0.9641 0.0882 -0.2506
vn 0.9685 0.0826 -0.2348
vn 0.9685 0.0826 -0.2347
vn 0.9795 0.0668 -0.1898
vn 0.9821 0.0625 -0.1776
vn 0.9897 0.0476 -0.1352
vn 0.9910 0.0444 -0.1263
vn 0.9897 0.0475 -0.1351
vn 0.9959 0.0301 -0.0856
vn 0.9964 0.0282 -0.0801
vn 0.9991 0.0143 -0.0407
vn 0.9992 0.0135 -0.0382
vn 0.9992 0.0134 -0.0382
vn 0.9947 -0.0341 0.0970
vn 0.9937 -0.0372 0.1058
vn 0.9788 -0.0680 0.1933
vn 0.9937 -0.0372 0.1059
vn 0.9746 -0.0744 0.2115
vn 0.9745 -0.0744 0.2115
vn 0.9528 -0.1008 0.2865
vn 0.9436 -0.1099 0.3124
vn 0.9179 -0.1317 0.3743
vn 0.9179 -0.1317 0.3744
vn 0.9033 -0.1424 0.4048
vn 0.9032 -0.1424 0.4048
vn 0.8763 -0.1599 0.4544
vn 0.8764 -0.1599 0.4544
vn 0.8567 -0.1712 0.4866
vn 0.8306 -0.1848 0.5253
vn 0.8068 -0.1961 0.5573
vn 0.7827 -0.2066 0.5871
vn 0.7559 -0.2173 0.6175
vn 0.7342 -0.2254 0.6405
vn 0.7341 -0.2253 0.6405
vn 0.7559 -0.2173 0.6176
vn 0.7057 -0.2351 0.6683
vn 0.7341 -0.2254 0.6405
vn 0.6862 -0.2414 0.6862
vn 0.6861 -0.2414 0.6862
vn 0.6573 -0.2501 0.7109
vn 0.6861 -0.2415 0.6863
vn 0.6572 -0.2501 0.7110
vn 0.6394 -0.2552 0.7253
vn 0.6109 -0.2628 0.7468
vn 0.5944 -0.2669 0.7586
vn 0.5943 -0.2669 0.7586
vn 0.5670 -0.2734 0.7770
vn 0.5515 -0.2768 0.7869
vn 0.5109 -0.2853 0.8109
vn 0.4727 -0.2925 0.8313
vn 0.4501 -0.2964 0.8424
vn 0.4020 -0.3039 0.8637
vn 0.3825 -0.3066 0.8716
vn 0.3825 -0.3067 0.8716
vn 0.3376 -0.3124 0.8879
vn 0.3216 -0.3143 0.8932
vn 0.3217 -0.3143 0.8932
vn 0.2790 -0.3187 0.9059
vn 0.2664 -0.3199 0.9092
vn 0.2255 -0.3234 0.9190
vn 0.2254 -0.3234 0.9190
vn 0.2156 -0.3241 0.9211
vn 0.2255 -0.3233 0.9190
vn 0.1760 -0.3267 0.9286
vn 0.1682 -0.3272 0.9299
vn 0.1292 -0.3291 0.9354
vn 0.1235 -0.3294 0.9361
vn 0.0845 -0.3307 0.9399
vn 0.0809 -0.3308 0.9402
vn 0.0416 -0.3316 0.9425
vn 0.0399 -0.3316 0.9426
vn 0.9963 -0.0285 0.0811
vn 0.9630 0.2190 0.1574
vn 0.9659 0.2441 0.0859
vn 0.9630 0.2692 0.0144
vn 0.9629 0.2693 0.0144
vn 0.9659 0.2442 0.0859
vn 0.8660 0.4716 0.1659
vn 0.8634 0.4942 0.1018
vn 0.8633 0.4942 0.1019
vn 0.8660 0.4717 0.1660
vn 0.7049 0.6854 0.1824
vn 0.7049 0.6855 0.1824
vn 0.5000 0.8169 0.2874
vn 0.4985 0.8299 0.2504
vn 0.4984 0.8300 0.2504
vn 0.5000 0.8170 0.2874
vn 0.2588 0.9112 0.3206
vn 0.2580 0.9179 0.3014
vn 0.9540 0.1940 0.2284
vn 0.9852 -0.0568 0.1616
vn 0.9392 0.1693 0.2986
vn 0.9668 -0.0847 0.2409
vn 0.9393 0.1693 0.2986
vn 0.9187 0.1450 0.3674
vn 0.9187 0.1450 0.3675
vn 0.9669 -0.0847 0.2409
vn 0.9413 -0.1120 0.3184
vn 0.9186 0.1451 0.3675
vn 0.8924 0.1214 0.4346
vn 0.8924 0.1215 0.4346
vn 0.9088 -0.1384 0.3936
vn 0.8607 0.0986 0.4995
vn 0.8607 0.0986 0.4996
vn 0.8696 -0.1638 0.4658
vn 0.8696 -0.1639 0.4658
vn 0.8236 0.0766 0.5620
vn 0.8239 -0.1881 0.5346
vn 0.7815 0.0557 0.6215
vn 0.7814 0.0557 0.6215
vn 0.8239 -0.1880 0.5346
vn 0.7722 -0.2109 0.5994
vn 0.7345 0.0359 0.6776
vn 0.7345 0.0359 0.6777
vn 0.7722 -0.2108 0.5994
vn 0.7147 -0.2321 0.6598
vn 0.6830 0.0174 0.7302
vn 0.6519 -0.2516 0.7153
vn 0.6273 0.0003 0.7787
vn 0.6273 0.0003 0.7788
vn 0.6519 -0.2517 0.7153
vn 0.5843 -0.2693 0.7655
vn 0.5678 -0.0152 0.8230
vn 0.5678 -0.0153 0.8231
vn 0.5843 -0.2693 0.7656
vn 0.5047 -0.0292 0.8628
vn 0.5678 -0.0152 0.8231
vn 0.5047 -0.0291 0.8628
vn 0.4525 0.2265 0.8625
vn 0.3932 0.2155 0.8938
vn 0.4525 0.2266 0.8625
vn 0.3932 0.2156 0.8938
vn 0.3210 0.4579 0.8290
vn 0.2706 0.4502 0.8509
vn 0.1914 0.6636 0.7232
vn 0.1913 0.6636 0.7232
vn 0.1545 0.6591 0.7360
vn 0.0800 0.8295 0.5528
vn 0.0604 0.8276 0.5580
vn 0.0800 0.8295 0.5527
vn 0.0604 0.8277 0.5580
vn 0.0405 0.8263 0.5617
vn 0.0405 0.8264 0.5617
vn 0.0203 0.8256 0.5639
vn 0.0203 0.8256 0.5640
vn -0.0000 0.8253 0.5647
vn -0.0203 0.8256 0.5640
vn -0.0203 0.8256 0.5639
vn -0.0203 0.8255 0.5640
vn -0.0405 0.8263 0.5617
vn -0.0604 0.8277 0.5580
vn -0.0800 0.8295 0.5527
vn -0.0800 0.8295 0.5528
vn -0.0990 0.8318 0.5461
vn -0.0991 0.8318 0.5461
vn -0.1175 0.8347 0.5381
vn -0.1175 0.8346 0.5381
vn -0.1352 0.8379 0.5287
vn -0.1521 0.8417 0.5181
vn -0.1353 0.8379 0.5288
vn -0.2612 0.6755 0.6896
vn -0.2613 0.6755 0.6896
vn -0.2939 0.6827 0.6690
vn -0.2613 0.6754 0.6896
vn -0.3695 0.4669 0.8034
vn -0.4156 0.4772 0.7743
vn -0.4156 0.4771 0.7743
vn -0.4525 0.2266 0.8625
vn -0.5090 0.2391 0.8269
vn -0.5091 0.2391 0.8269
vn -0.4525 0.2265 0.8625
vn -0.5047 -0.0291 0.8628
vn -0.5047 -0.0292 0.8628
vn -0.5677 -0.0152 0.8231
vn -0.5488 -0.2774 0.7885
vn -0.5678 -0.0153 0.8231
vn -0.5488 -0.2774 0.7886
vn -0.6186 -0.2607 0.7411
vn 0.5124 -0.2850 0.8101
vn 0.4385 -0.0415 0.8978
vn 0.3932 0.2155 0.8939
vn 0.3314 0.2061 0.9207
vn 0.2185 0.4438 0.8691
vn 0.2185 0.4439 0.8690
vn 0.1167 0.6556 0.7461
vn 0.1167 0.6556 0.7460
vn 0.4367 -0.2985 0.8487
vn 0.4366 -0.2985 0.8487
vn 0.3697 -0.0521 0.9277
vn 0.3696 -0.0520 0.9277
vn 0.2676 0.1983 0.9429
vn 0.1651 0.4388 0.8833
vn 0.1651 0.4389 0.8833
vn 0.0782 0.6530 0.7533
vn 0.0782 0.6531 0.7533
vn 0.0203 0.8255 0.5640
vn 0.3577 -0.3099 0.8809
vn 0.3696 -0.0521 0.9277
vn 0.2985 -0.0608 0.9525
vn 0.2985 -0.0607 0.9525
vn 0.2022 0.1921 0.9603
vn 0.2022 0.1922 0.9603
vn 0.1106 0.4352 0.8935
vn 0.1106 0.4353 0.8935
vn 0.0392 0.6515 0.7576
vn -0.0000 0.8253 0.5648
vn 0.2761 -0.3190 0.9067
vn 0.2255 -0.0676 0.9719
vn 0.2255 -0.0675 0.9719
vn 0.1355 0.1877 0.9728
vn 0.1355 0.1878 0.9728
vn 0.0555 0.4330 0.8997
vn 0.0555 0.4331 0.8996
vn 0.0392 0.6515 0.7577
vn -0.0000 0.6510 0.7591
vn 0.1925 -0.3257 0.9257
vn 0.1511 -0.0725 0.9859
vn 0.1511 -0.0724 0.9859
vn 0.0680 0.1851 0.9804
vn -0.0392 0.6515 0.7576
vn -0.0405 0.8263 0.5618
vn 0.1924 -0.3256 0.9257
vn 0.1074 -0.3299 0.9379
vn 0.0758 -0.0755 0.9943
vn 0.0758 -0.0754 0.9943
vn 0.0679 0.1851 0.9804
vn -0.0000 0.1842 0.9829
vn -0.0555 0.4330 0.8997
vn -0.0555 0.4331 0.8996
vn -0.0782 0.6530 0.7533
vn -0.0782 0.6531 0.7533
vn -0.0604 0.8276 0.5580
vn 0.0215 -0.3318 0.9431
vn -0.0000 -0.0765 0.9971
vn -0.0000 -0.0764 0.9971
vn -0.0679 0.1851 0.9804
vn -0.0000 0.1843 0.9829
vn -0.1106 0.4352 0.8935
vn -0.1106 0.4353 0.8935
vn -0.1167 0.6556 0.7461
vn -0.1167 0.6556 0.7460
vn -0.0645 -0.3312 0.9414
vn -0.0758 -0.0755 0.9943
vn -0.0758 -0.0754 0.9943
vn -0.0680 0.1851 0.9804
vn -0.1355 0.1877 0.9728
vn -0.1355 0.1878 0.9728
vn -0.1651 0.4388 0.8833
vn -0.1545 0.6591 0.7360
vn -0.0990 0.8318 0.5462
vn -0.1501 -0.3281 0.9327
vn -0.1511 -0.0725 0.9859
vn -0.1511 -0.0724 0.9859
vn -0.2022 0.1921 0.9603
vn -0.2022 0.1922 0.9603
vn -0.2185 0.4438 0.8691
vn -0.1913 0.6636 0.7232
vn -0.0991 0.8318 0.5462
vn -0.1501 -0.3281 0.9326
vn -0.2345 -0.3226 0.9170
vn -0.2255 -0.0676 0.9719
vn -0.2255 -0.0675 0.9719
vn -0.2676 0.1983 0.9429
vn -0.2706 0.4502 0.8509
vn -0.2185 0.4439 0.8690
vn -0.1914 0.6636 0.7232
vn -0.2270 0.6691 0.7077
vn -0.1352 0.8379 0.5288
vn -0.2985 -0.0608 0.9525
vn -0.3172 -0.3147 0.8946
vn -0.2985 -0.0607 0.9525
vn -0.3696 -0.0521 0.9277
vn -0.3975 -0.3045 0.8656
vn -0.3976 -0.3045 0.8656
vn -0.4385 -0.0415 0.8978
vn -0.4749 -0.2921 0.8301
vn -0.4750 -0.2921 0.8301
vn -0.4749 -0.2920 0.8301
vn -0.5678 -0.0152 0.8230
vn -0.6187 -0.2607 0.7411
vn -0.6273 0.0003 0.7788
vn -0.6839 -0.2421 0.6882
vn -0.6273 0.0003 0.7787
vn -0.6830 0.0174 0.7302
vn -0.6830 0.0175 0.7302
vn -0.7441 -0.2217 0.6302
vn -0.7345 0.0359 0.6777
vn -0.7345 0.0359 0.6776
vn -0.7988 -0.1996 0.5675
vn -0.7988 -0.1997 0.5675
vn -0.7814 0.0557 0.6215
vn -0.7815 0.0557 0.6215
vn -0.8475 -0.1761 0.5007
vn -0.8236 0.0766 0.5620
vn -0.8900 -0.1513 0.4301
vn -0.8607 0.0986 0.4996
vn -0.8607 0.0986 0.4995
vn -0.9259 -0.1254 0.3563
vn -0.9259 -0.1253 0.3563
vn -0.8924 0.1215 0.4346
vn -0.9187 0.1450 0.3675
vn -0.9186 0.1451 0.3675
vn -0.8237 0.3828 0.4184
vn -0.8421 0.4045 0.3566
vn -0.8236 0.3829 0.4184
vn -0.8421 0.4046 0.3567
vn -0.6876 0.6122 0.3904
vn -0.6984 0.6303 0.3390
vn -0.6876 0.6123 0.3904
vn -0.4939 0.7910 0.3612
vn -0.4985 0.8039 0.3244
vn -0.4938 0.7910 0.3612
vn -0.4984 0.8039 0.3244
vn -0.2580 0.9044 0.3398
vn -0.2580 0.9044 0.3397
vn -0.2588 0.9112 0.3206
vn -0.2580 0.9179 0.3015
vn -0.2580 0.9179 0.3014
vn -0.2556 0.9246 0.2824
vn -0.2516 0.9312 0.2636
vn -0.2461 0.9377 0.2452
vn -0.2461 0.9377 0.2451
vn -0.2391 0.9441 0.2272
vn -0.2306 0.9502 0.2098
vn -0.2306 0.9502 0.2097
vn -0.2206 0.9561 0.1930
vn -0.2207 0.9561 0.1930
vn -0.2094 0.9617 0.1771
vn -0.1968 0.9670 0.1620
vn -0.1968 0.9670 0.1621
vn -0.1830 0.9719 0.1480
vn -0.1681 0.9765 0.1350
vn -0.1681 0.9765 0.1349
vn -0.1521 0.9807 0.1231
vn -0.1352 0.9844 0.1124
vn -0.1175 0.9877 0.1031
vn -0.1175 0.9877 0.1030
vn -0.2612 0.9584 -0.1147
vn -0.2270 0.9648 -0.1328
vn -0.2612 0.9584 -0.1148
vn -0.3695 0.8671 -0.3340
vn -0.2270 0.9648 -0.1329
vn -0.3694 0.8671 -0.3340
vn -0.3210 0.8761 -0.3596
vn -0.3210 0.8761 -0.3597
vn -0.3695 0.8671 -0.3341
vn -0.4525 0.7167 -0.5306
vn -0.3932 0.7278 -0.5619
vn -0.3932 0.7277 -0.5620
vn -0.5047 0.5175 -0.6910
vn -0.4385 0.5298 -0.7259
vn -0.4385 0.5298 -0.7260
vn -0.4749 0.2921 -0.8301
vn -0.3976 0.3046 -0.8655
vn -0.9550 -0.0984 0.2799
vn -0.9187 0.1451 0.3675
vn -0.9550 -0.0985 0.2799
vn -0.9392 0.1693 0.2986
vn -0.8421 0.4045 0.3567
vn -0.9392 0.1694 0.2986
vn -0.8554 0.4267 0.2938
vn -0.8553 0.4267 0.2938
vn -0.7049 0.6486 0.2870
vn -0.5000 0.8169 0.2874
vn -0.9769 -0.0708 0.2014
vn -0.9540 0.1940 0.2284
vn -0.9540 0.1940 0.2285
vn -0.8554 0.4267 0.2937
vn -0.8634 0.4491 0.2300
vn -0.8633 0.4491 0.2301
vn -0.8633 0.4491 0.2300
vn -0.4985 0.8299 0.2504
vn -0.4984 0.8300 0.2504
vn -0.2557 0.9246 0.2824
vn -0.9917 -0.0427 0.1215
vn -0.9630 0.2190 0.1574
vn -0.9629 0.2190 0.1574
vn -0.8660 0.4716 0.1660
vn -0.8660 0.4717 0.1660
vn -0.7049 0.6854 0.1823
vn -0.7049 0.6854 0.1824
vn -0.4985 0.8300 0.2504
vn -0.7049 0.6855 0.1824
vn -0.4939 0.8429 0.2136
vn -0.4938 0.8429 0.2136
vn -0.2517 0.9312 0.2636
vn -0.9991 -0.0143 0.0406
vn -0.9659 0.2441 0.0859
vn -0.9659 0.2442 0.0859
vn -0.8661 0.4716 0.1659
vn -0.8660 0.4716 0.1659
vn -0.8634 0.4942 0.1018
vn -0.8633 0.4942 0.1019
vn -0.6984 0.7037 0.1303
vn -0.6984 0.7037 0.1304
vn -0.6984 0.7038 0.1304
vn -0.4862 0.8557 0.1773
vn -0.2462 0.9377 0.2451
vn -0.9991 -0.0142 0.0406
vn -0.9991 0.0143 -0.0405
vn -0.9991 0.0143 -0.0406
vn -0.9630 0.2693 0.0144
vn -0.9629 0.2693 0.0144
vn -0.8634 0.4942 0.1019
vn -0.8554 0.5166 0.0381
vn -0.8554 0.5166 0.0382
vn -0.6876 0.7218 0.0790
vn -0.6984 0.7038 0.1303
vn -0.4756 0.8682 0.1417
vn -0.4755 0.8682 0.1417
vn -0.2391 0.9440 0.2272
vn -0.9917 0.0428 -0.1214
vn -0.9917 0.0427 -0.1214
vn -0.9540 0.2943 -0.0566
vn -0.8421 0.5387 -0.0248
vn -0.8421 0.5388 -0.0247
vn -0.6725 0.7395 0.0286
vn -0.6875 0.7218 0.0790
vn -0.6725 0.7396 0.0286
vn -0.4620 0.8804 0.1069
vn -0.4619 0.8804 0.1070
vn -0.2391 0.9440 0.2271
vn -0.4619 0.8804 0.1069
vn -0.9769 0.0709 -0.2014
vn -0.9540 0.2943 -0.0567
vn -0.9392 0.3189 -0.1268
vn -0.9392 0.3190 -0.1268
vn -0.8237 0.5604 -0.0865
vn -0.8236 0.5605 -0.0865
vn -0.6725 0.7395 0.0285
vn -0.6533 0.7568 -0.0206
vn -0.4455 0.8923 0.0733
vn -0.9550 0.0985 -0.2799
vn -0.9187 0.3432 -0.1957
vn -0.9186 0.3432 -0.1956
vn -0.8237 0.5605 -0.0865
vn -0.9186 0.3433 -0.1957
vn -0.8001 0.5816 -0.1467
vn -0.8001 0.5817 -0.1467
vn -0.6301 0.7736 -0.0681
vn -0.6533 0.7569 -0.0206
vn -0.6300 0.7736 -0.0681
vn -0.4263 0.9036 0.0410
vn -0.9259 0.1254 -0.3563
vn -0.8924 0.3668 -0.2628
vn -0.9186 0.3433 -0.1956
vn -0.8924 0.3669 -0.2628
vn -0.7717 0.6021 -0.2050
vn -0.7716 0.6022 -0.2049
vn -0.6300 0.7736 -0.0682
vn -0.6029 0.7896 -0.1138
vn -0.6029 0.7897 -0.1138
vn -0.4045 0.9145 0.0102
vn -0.4263 0.9037 0.0410
vn -0.8900 0.1513 -0.4301
vn -0.8900 0.1513 -0.4300
vn -0.8607 0.3897 -0.3278
vn -0.8606 0.3897 -0.3277
vn -0.7716 0.6021 -0.2050
vn -0.7384 0.6218 -0.2609
vn -0.6029 0.7896 -0.1139
vn -0.7384 0.6219 -0.2609
vn -0.5721 0.8050 -0.1574
vn -0.5720 0.8050 -0.1574
vn -0.3802 0.9247 -0.0189
vn -0.1830 0.9719 0.1479
vn -0.8900 0.1514 -0.4301
vn -0.8236 0.4116 -0.3902
vn -0.8900 0.1514 -0.4300
vn -0.8475 0.1762 -0.5006
vn -0.7815 0.4325 -0.4497
vn -0.8475 0.1762 -0.5007
vn -0.7988 0.1997 -0.5675
vn -0.7345 0.4523 -0.5059
vn -0.7441 0.2218 -0.6302
vn -0.7441 0.2217 -0.6302
vn -0.6830 0.4708 -0.5584
vn -0.6839 0.2422 -0.6882
vn -0.6839 0.2421 -0.6882
vn -0.6273 0.4879 -0.6070
vn -0.6187 0.2608 -0.7411
vn -0.5678 0.5035 -0.6513
vn -0.5489 0.2775 -0.7885
vn -0.5677 0.5035 -0.6513
vn -0.5488 0.2775 -0.7885
vn -0.4385 0.5297 -0.7260
vn -0.3975 0.3046 -0.8656
vn -0.3697 0.5403 -0.7559
vn -0.3696 0.5403 -0.7559
vn -0.3172 0.3148 -0.8946
vn -0.2985 0.5490 -0.7807
vn -0.2345 0.3227 -0.9170
vn -0.2255 0.5558 -0.8001
vn -0.1501 0.3282 -0.9326
vn -0.2255 0.5559 -0.8001
vn -0.1501 0.3281 -0.9326
vn -0.1511 0.5608 -0.8141
vn -0.0758 0.5637 -0.8225
vn -0.1511 0.5608 -0.8140
vn -0.0758 0.5638 -0.8224
vn -0.0680 0.7582 -0.6485
vn -0.0679 0.7582 -0.6485
vn -0.0000 0.7591 -0.6510
vn 0.0555 0.9010 -0.4303
vn 0.0392 0.9824 -0.1828
vn 0.0782 0.9808 -0.1785
vn 0.0392 0.9824 -0.1827
vn 0.0782 0.9808 -0.1784
vn 0.0405 0.9960 0.0794
vn 0.0604 0.9947 0.0832
vn 0.0405 0.9960 0.0795
vn 0.0800 0.9929 0.0884
vn 0.0990 0.9905 0.0951
vn 0.0990 0.9905 0.0950
vn 0.1175 0.9877 0.1031
vn 0.1352 0.9844 0.1124
vn 0.1521 0.9807 0.1231
vn 0.1681 0.9765 0.1350
vn 0.1681 0.9765 0.1349
vn 0.1830 0.9719 0.1479
vn 0.1830 0.9719 0.1480
vn 0.1968 0.9670 0.1621
vn 0.1968 0.9670 0.1620
vn 0.2094 0.9617 0.1771
vn 0.2206 0.9561 0.1930
vn 0.2207 0.9561 0.1930
vn 0.2306 0.9502 0.2098
vn 0.2391 0.9441 0.2272
vn 0.2391 0.9440 0.2272
vn 0.2461 0.9377 0.2452
vn 0.2516 0.9312 0.2636
vn 0.2517 0.9312 0.2636
vn 0.2556 0.9246 0.2824
vn -0.0645 0.3312 -0.9413
vn -0.0000 0.5647 -0.8253
vn -0.0000 0.5648 -0.8253
vn -0.0000 0.5648 -0.8252
vn 0.0680 0.7582 -0.6485
vn 0.0679 0.7582 -0.6485
vn 0.1106 0.8988 -0.4241
vn 0.1167 0.9783 -0.1712
vn 0.0800 0.9929 0.0883
vn 0.0215 0.3319 -0.9431
vn 0.0215 0.3318 -0.9431
vn 0.0758 0.5637 -0.8225
vn 0.0758 0.5638 -0.8224
vn 0.1355 0.7555 -0.6410
vn 0.1355 0.7556 -0.6409
vn 0.1106 0.8988 -0.4242
vn 0.1651 0.8952 -0.4139
vn 0.1545 0.9748 -0.1612
vn 0.1545 0.9748 -0.1611
vn 0.1074 0.3300 -0.9379
vn 0.1511 0.5608 -0.8141
vn 0.1511 0.5608 -0.8140
vn 0.2022 0.7511 -0.6285
vn 0.2022 0.7512 -0.6284
vn 0.2185 0.8902 -0.3997
vn 0.1913 0.9702 -0.1484
vn 0.1913 0.9703 -0.1483
vn 0.0991 0.9905 0.0950
vn 0.1175 0.9877 0.1030
vn 0.1074 0.3300 -0.9378
vn 0.1924 0.3257 -0.9257
vn 0.1925 0.3257 -0.9257
vn 0.2255 0.5558 -0.8001
vn 0.2255 0.5559 -0.8001
vn 0.2676 0.7450 -0.6110
vn 0.2706 0.8838 -0.3816
vn 0.2706 0.8839 -0.3815
vn 0.1914 0.9702 -0.1483
vn 0.2270 0.9648 -0.1328
vn 0.2761 0.3190 -0.9066
vn 0.2985 0.5490 -0.7807
vn 0.2985 0.5491 -0.7807
vn 0.3314 0.7372 -0.5888
vn 0.3210 0.8761 -0.3597
vn 0.3210 0.8761 -0.3596
vn 0.2612 0.9584 -0.1148
vn 0.2612 0.9584 -0.1147
vn 0.1353 0.9844 0.1124
vn 0.1521 0.9807 0.1230
vn 0.3577 0.3100 -0.8809
vn 0.3696 0.5403 -0.7559
vn 0.3696 0.5404 -0.7559
vn 0.3932 0.7277 -0.5620
vn 0.3932 0.7278 -0.5619
vn 0.3695 0.8671 -0.3341
vn 0.3694 0.8671 -0.3340
vn 0.2613 0.9584 -0.1148
vn 0.2613 0.9584 -0.1147
vn 0.2939 0.9512 -0.0942
vn 0.2939 0.9512 -0.0941
vn 0.1522 0.9807 0.1231
vn 0.4366 0.2986 -0.8486
vn 0.3697 0.5403 -0.7559
vn 0.4385 0.5298 -0.7260
vn 0.4385 0.5298 -0.7259
vn 0.4525 0.7167 -0.5306
vn 0.4156 0.8569 -0.3050
vn 0.4156 0.8569 -0.3049
vn 0.3247 0.9431 -0.0712
vn 0.5124 0.2851 -0.8101
vn 0.4385 0.5297 -0.7260
vn 0.5047 0.5175 -0.6910
vn 0.5091 0.7042 -0.4950
vn 0.4525 0.7168 -0.5306
vn 0.5090 0.7042 -0.4950
vn 0.4592 0.8455 -0.2725
vn 0.3247 0.9431 -0.0713
vn 0.3536 0.9343 -0.0461
vn 0.3535 0.9343 -0.0461
vn 0.5843 0.2694 -0.7655
vn 0.5678 0.5035 -0.6513
vn 0.5677 0.5035 -0.6512
vn 0.5678 0.5035 -0.6512
vn 0.5625 0.6902 -0.4553
vn 0.5090 0.7042 -0.4949
vn 0.5624 0.6902 -0.4552
vn 0.5000 0.8330 -0.2370
vn 0.3802 0.9247 -0.0189
vn 0.6519 0.2517 -0.7153
vn 0.6273 0.4879 -0.6070
vn 0.6273 0.4880 -0.6070
vn 0.5624 0.6902 -0.4553
vn 0.6273 0.4880 -0.6069
vn 0.6124 0.6749 -0.4118
vn 0.6124 0.6749 -0.4117
vn 0.5377 0.8194 -0.1985
vn 0.5377 0.8195 -0.1985
vn 0.4045 0.9145 0.0102
vn 0.6830 0.4708 -0.5584
vn 0.7147 0.2322 -0.6598
vn 0.7345 0.4523 -0.5059
vn 0.7722 0.2109 -0.5994
vn 0.7815 0.4326 -0.4497
vn 0.8239 0.1881 -0.5346
vn 0.7815 0.4325 -0.4497
vn 0.8236 0.4116 -0.3902
vn 0.8236 0.4117 -0.3902
vn 0.8696 0.1639 -0.4658
vn 0.8607 0.3897 -0.3278
vn 0.8606 0.3897 -0.3278
vn 0.9088 0.1385 -0.3936
vn 0.8607 0.3896 -0.3278
vn 0.9088 0.1385 -0.3935
vn 0.8924 0.3668 -0.2628
vn 0.9413 0.1121 -0.3184
vn 0.9187 0.3432 -0.1957
vn 0.9668 0.0848 -0.2409
vn 0.9392 0.3190 -0.1268
vn 0.9393 0.3189 -0.1268
vn 0.9852 0.0569 -0.1616
vn 0.9540 0.2943 -0.0567
vn 0.9540 0.2943 -0.0566
vn 0.9963 0.0286 -0.0811
vn 0.9630 0.2693 0.0144
vn 0.0203 0.9968 0.0772
vn -0.0000 0.9829 -0.1842
vn -0.0000 0.9829 -0.1843
vn -0.0555 0.9010 -0.4303
vn -0.1355 0.7556 -0.6409
vn -0.1355 0.7555 -0.6410
vn -0.0000 0.9971 0.0765
vn -0.0000 0.9971 0.0764
vn -0.0392 0.9824 -0.1828
vn -0.1106 0.8988 -0.4241
vn -0.1106 0.8988 -0.4242
vn -0.2022 0.7512 -0.6284
vn -0.2022 0.7511 -0.6285
vn -0.2985 0.5491 -0.7807
vn -0.0203 0.9968 0.0772
vn -0.0782 0.9808 -0.1784
vn -0.0782 0.9808 -0.1785
vn -0.1651 0.8952 -0.4139
vn -0.2676 0.7450 -0.6110
vn -0.2985 0.5491 -0.7806
vn -0.3696 0.5404 -0.7559
vn -0.0405 0.9960 0.0794
vn -0.1167 0.9783 -0.1712
vn -0.2185 0.8902 -0.3997
vn -0.2185 0.8902 -0.3998
vn -0.3314 0.7372 -0.5888
vn -0.3697 0.5404 -0.7559
vn -0.0604 0.9947 0.0832
vn -0.1545 0.9748 -0.1611
vn -0.1545 0.9748 -0.1612
vn -0.2706 0.8839 -0.3815
vn -0.2706 0.8838 -0.3816
vn -0.0800 0.9929 0.0884
vn -0.1913 0.9703 -0.1483
vn -0.1913 0.9702 -0.1483
vn -0.1913 0.9702 -0.1484
vn -0.0990 0.9905 0.0951
vn -0.0990 0.9905 0.0950
vn -0.0991 0.9905 0.0950
vn -0.2556 0.8978 0.3588
vn -0.2556 0.8977 0.3588
vn -0.2557 0.8977 0.3588
vn -0.4862 0.7782 0.3975
vn -0.6875 0.6123 0.3904
vn -0.6725 0.5945 0.4408
vn -0.8001 0.3617 0.4786
vn -0.8001 0.3616 0.4785
vn -0.8001 0.3616 0.4786
vn -0.8606 0.0987 0.4996
vn -0.2516 0.8911 0.3776
vn -0.2517 0.8911 0.3776
vn -0.4755 0.7657 0.4332
vn -0.4755 0.7656 0.4332
vn -0.6533 0.5772 0.4899
vn -0.7716 0.3412 0.5368
vn -0.7717 0.3411 0.5368
vn -0.8606 0.0986 0.4996
vn -0.7716 0.3411 0.5368
vn -0.8236 0.0767 0.5620
vn -0.2461 0.8847 0.3960
vn -0.2462 0.8846 0.3960
vn -0.4619 0.7534 0.4679
vn -0.4756 0.7656 0.4332
vn -0.4620 0.7534 0.4679
vn -0.6300 0.5605 0.5375
vn -0.7384 0.3215 0.5928
vn -0.7384 0.3214 0.5928
vn -0.7814 0.0558 0.6215
vn -0.2461 0.8846 0.3960
vn -0.2391 0.8783 0.4140
vn -0.4455 0.7416 0.5016
vn -0.4455 0.7416 0.5015
vn -0.6029 0.5444 0.5832
vn -0.7006 0.3027 0.6461
vn -0.7007 0.3027 0.6461
vn -0.7345 0.0360 0.6777
vn -0.2306 0.8722 0.4314
vn -0.4263 0.7302 0.5339
vn -0.5721 0.5291 0.6267
vn -0.5721 0.5291 0.6268
vn -0.6585 0.2850 0.6965
vn -0.6586 0.2850 0.6965
vn -0.6585 0.2849 0.6965
vn -0.2207 0.8663 0.4481
vn -0.2207 0.8663 0.4482
vn -0.4045 0.7194 0.5646
vn -0.4045 0.7194 0.5647
vn -0.5720 0.5291 0.6267
vn -0.5377 0.5146 0.6679
vn -0.6124 0.2684 0.7436
vn -0.6586 0.2849 0.6965
vn -0.6273 0.0004 0.7788
vn -0.2094 0.8607 0.4641
vn -0.3802 0.7092 0.5937
vn -0.3802 0.7091 0.5938
vn -0.5000 0.5011 0.7063
vn -0.5624 0.2531 0.7872
vn -0.5625 0.2531 0.7871
vn -0.5678 -0.0152 0.8231
vn -0.1968 0.8554 0.4791
vn -0.1968 0.8554 0.4792
vn -0.3535 0.6996 0.6209
vn -0.3536 0.6996 0.6209
vn -0.3536 0.6996 0.6210
vn -0.4592 0.4886 0.7419
vn -0.5624 0.2531 0.7871
vn -0.5625 0.2531 0.7872
vn -0.1830 0.8505 0.4932
vn -0.1830 0.8504 0.4932
vn -0.3247 0.6908 0.6461
vn -0.3247 0.6907 0.6461
vn -0.1681 0.8459 0.5062
vn -0.1681 0.8458 0.5062
vn -0.1681 0.8458 0.5063
vn 0.0990 0.8318 0.5461
vn 0.0990 0.8318 0.5462
vn 0.0991 0.8318 0.5462
vn 0.2270 0.6691 0.7077
vn 0.3694 0.4669 0.8034
vn 0.3695 0.4669 0.8034
vn 0.5090 0.2391 0.8269
vn 0.5677 -0.0152 0.8231
vn 0.5091 0.2391 0.8269
vn 0.6273 0.0004 0.7788
vn 0.1175 0.8347 0.5381
vn 0.1175 0.8346 0.5381
vn 0.2612 0.6755 0.6896
vn 0.2612 0.6754 0.6896
vn 0.3695 0.4670 0.8034
vn 0.2613 0.6754 0.6896
vn 0.4156 0.4772 0.7743
vn 0.4156 0.4771 0.7743
vn 0.5091 0.2391 0.8268
vn 0.5624 0.2531 0.7871
vn 0.5624 0.2531 0.7872
vn 0.5625 0.2531 0.7871
vn 0.6830 0.0175 0.7302
vn 0.1352 0.8379 0.5287
vn 0.1352 0.8379 0.5288
vn 0.2613 0.6755 0.6896
vn 0.1353 0.8379 0.5288
vn 0.2939 0.6827 0.6690
vn 0.4592 0.4886 0.7419
vn 0.4592 0.4885 0.7419
vn 0.6124 0.2684 0.7436
vn 0.7345 0.0360 0.6777
vn 0.1352 0.8380 0.5287
vn 0.1521 0.8417 0.5181
vn 0.3247 0.6908 0.6461
vn 0.3247 0.6907 0.6461
vn 0.5000 0.5011 0.7063
vn 0.5000 0.5011 0.7064
vn 0.6585 0.2850 0.6965
vn 0.6585 0.2849 0.6965
vn 0.6586 0.2849 0.6965
vn 0.1681 0.8459 0.5062
vn 0.1681 0.8458 0.5063
vn 0.3535 0.6996 0.6209
vn 0.3248 0.6907 0.6461
vn 0.3536 0.6996 0.6210
vn 0.5377 0.5146 0.6679
vn 0.7006 0.3027 0.6461
vn 0.6586 0.2850 0.6965
vn 0.7814 0.0558 0.6215
vn 0.8236 0.0767 0.5620
vn 0.1830 0.8505 0.4932
vn 0.1681 0.8458 0.5062
vn 0.1830 0.8504 0.4932
vn 0.3802 0.7092 0.5938
vn 0.3536 0.6996 0.6209
vn 0.3802 0.7091 0.5938
vn 0.5720 0.5291 0.6267
vn 0.5721 0.5291 0.6268
vn 0.5721 0.5291 0.6267
vn 0.7384 0.3215 0.5928
vn 0.7384 0.3214 0.5928
vn 0.8606 0.0986 0.4996
vn 0.1968 0.8554 0.4791
vn 0.1968 0.8554 0.4792
vn 0.3802 0.7092 0.5937
vn 0.4045 0.7194 0.5647
vn 0.6029 0.5444 0.5832
vn 0.7716 0.3412 0.5368
vn 0.7716 0.3411 0.5368
vn 0.8606 0.0987 0.4995
vn 0.7717 0.3411 0.5368
vn 0.2094 0.8607 0.4641
vn 0.4045 0.7194 0.5646
vn 0.4263 0.7302 0.5339
vn 0.6300 0.5605 0.5375
vn 0.8001 0.3617 0.4786
vn 0.8001 0.3616 0.4786
vn 0.2206 0.8663 0.4481
vn 0.2207 0.8663 0.4482
vn 0.2207 0.8663 0.4481
vn 0.4455 0.7416 0.5016
vn 0.6533 0.5772 0.4899
vn 0.6301 0.5605 0.5375
vn 0.6533 0.5772 0.4900
vn 0.8236 0.3829 0.4184
vn 0.8001 0.3616 0.4785
vn 0.8237 0.3828 0.4184
vn 0.9392 0.1694 0.2986
vn 0.2306 0.8722 0.4314
vn 0.4619 0.7534 0.4679
vn 0.4620 0.7534 0.4679
vn 0.6725 0.5945 0.4408
vn 0.8421 0.4046 0.3567
vn 0.8421 0.4045 0.3567
vn 0.9540 0.1940 0.2285
vn 0.2391 0.8783 0.4140
vn 0.4755 0.7657 0.4332
vn 0.4755 0.7656 0.4332
vn 0.6875 0.6123 0.3904
vn 0.6876 0.6122 0.3904
vn 0.8554 0.4267 0.2937
vn 0.8421 0.4045 0.3566
vn 0.9629 0.2190 0.1574
vn 0.2461 0.8846 0.3960
vn 0.2462 0.8846 0.3960
vn 0.4862 0.7782 0.3975
vn 0.4756 0.7656 0.4332
vn 0.6876 0.6123 0.3904
vn 0.6984 0.6303 0.3390
vn 0.8554 0.4267 0.2938
vn 0.8553 0.4267 0.2937
vn 0.8633 0.4491 0.2301
vn 0.8634 0.4491 0.2300
vn 0.2516 0.8911 0.3776
vn 0.2517 0.8911 0.3776
vn 0.4938 0.7910 0.3612
vn 0.4939 0.7910 0.3612
vn 0.7049 0.6486 0.2870
vn 0.8633 0.4491 0.2300
vn 0.8660 0.4716 0.1660
vn 0.2556 0.8977 0.3588
vn 0.2557 0.8977 0.3588
vn 0.4984 0.8039 0.3244
vn 0.4985 0.8039 0.3244
vn 0.2580 0.9044 0.3398
vn 0.2580 0.9044 0.3397
vn -0.2677 0.1983 0.9429
vn -0.3314 0.2061 0.9207
vn -0.3210 0.4579 0.8290
vn -0.3696 -0.0520 0.9277
vn -0.3932 0.2155 0.8938
vn -0.3932 0.2156 0.8938
vn -0.3694 0.4669 0.8034
vn -0.3932 0.2155 0.8939
vn -0.4385 -0.0414 0.8978
vn -0.8236 0.4117 -0.3902
vn -0.7007 0.6406 -0.3143
vn -0.7006 0.6406 -0.3142
vn -0.5377 0.8194 -0.1985
vn -0.5377 0.8195 -0.1985
vn -0.3536 0.9343 -0.0461
vn -0.3535 0.9343 -0.0461
vn -0.7815 0.4326 -0.4496
vn -0.7007 0.6406 -0.3142
vn -0.7006 0.6406 -0.3143
vn -0.7814 0.4326 -0.4497
vn -0.6586 0.6583 -0.3646
vn -0.6585 0.6583 -0.3646
vn -0.5000 0.8330 -0.2370
vn -0.5000 0.8330 -0.2369
vn -0.3248 0.9431 -0.0712
vn -0.3247 0.9431 -0.0712
vn -0.1521 0.9807 0.1230
vn -0.7345 0.4524 -0.5058
vn -0.6124 0.6749 -0.4118
vn -0.6124 0.6749 -0.4117
vn -0.4592 0.8455 -0.2725
vn -0.2939 0.9512 -0.0942
vn -0.2939 0.9512 -0.0941
vn -0.6830 0.4709 -0.5584
vn -0.5625 0.6902 -0.4553
vn -0.5624 0.6902 -0.4552
vn -0.4592 0.8455 -0.2726
vn -0.4156 0.8569 -0.3050
vn -0.4156 0.8569 -0.3049
vn -0.2613 0.9584 -0.1147
vn -0.6273 0.4879 -0.6069
vn -0.5624 0.6902 -0.4553
vn -0.6273 0.4880 -0.6069
vn -0.5091 0.7042 -0.4950
vn -0.5091 0.7042 -0.4949
vn -0.5090 0.7042 -0.4949
vn -0.5678 0.5035 -0.6512
vn -0.5090 0.7042 -0.4950
vn -0.5677 0.5035 -0.6512
vn 0.6830 0.4709 -0.5584
vn 0.6585 0.6583 -0.3646
vn 0.5721 0.8050 -0.1574
vn 0.5720 0.8050 -0.1574
vn 0.4263 0.9036 0.0410
vn 0.2306 0.9502 0.2097
vn 0.7345 0.4524 -0.5058
vn 0.6586 0.6583 -0.3646
vn 0.7006 0.6406 -0.3143
vn 0.7006 0.6406 -0.3142
vn 0.6029 0.7896 -0.1139
vn 0.6029 0.7897 -0.1138
vn 0.4455 0.8923 0.0733
vn 0.2391 0.9440 0.2271
vn 0.7814 0.4326 -0.4497
vn 0.7007 0.6406 -0.3143
vn 0.7814 0.4326 -0.4496
vn 0.7384 0.6218 -0.2609
vn 0.7384 0.6219 -0.2609
vn 0.6029 0.7896 -0.1138
vn 0.6300 0.7736 -0.0682
vn 0.6300 0.7736 -0.0681
vn 0.4620 0.8804 0.1069
vn 0.4619 0.8805 0.1069
vn 0.4619 0.8804 0.1069
vn 0.2462 0.9377 0.2451
vn 0.7716 0.6021 -0.2050
vn 0.7716 0.6022 -0.2049
vn 0.6301 0.7736 -0.0681
vn 0.6533 0.7568 -0.0206
vn 0.6533 0.7569 -0.0206
vn 0.4756 0.8682 0.1417
vn 0.4755 0.8682 0.1417
vn 0.7717 0.6021 -0.2049
vn 0.8606 0.3897 -0.3277
vn 0.8001 0.5816 -0.1467
vn 0.8001 0.5817 -0.1467
vn 0.6725 0.7395 0.0286
vn 0.6725 0.7396 0.0286
vn 0.4862 0.8557 0.1773
vn 0.2557 0.9246 0.2824
vn 0.8924 0.3669 -0.2628
vn 0.8237 0.5604 -0.0865
vn 0.8236 0.5605 -0.0865
vn 0.6876 0.7218 0.0790
vn 0.6875 0.7218 0.0790
vn 0.4939 0.8429 0.2136
vn 0.4938 0.8429 0.2136
vn 0.4938 0.8429 0.2137
vn 0.9186 0.3433 -0.1957
vn 0.9186 0.3432 -0.1956
vn 0.8421 0.5387 -0.0248
vn 0.8421 0.5388 -0.0248
vn 0.6984 0.7037 0.1303
vn 0.6984 0.7038 0.1303
vn 0.9186 0.3433 -0.1956
vn 0.8554 0.5166 0.0381
vn 0.8554 0.5166 0.0382
vn 0.7049 0.6854 0.1823
vn 0.6984 0.7037 0.1304
vn 0.7049 0.6855 0.1823
vn 0.9963 0.0285 -0.0811
vn 0.9852 0.0568 -0.1615
vn 0.9852 0.0568 -0.1616
vn 0.9669 0.0847 -0.2408
vn 0.9088 0.1384 -0.3935
vn 0.7147 0.2321 -0.6598
vn 0.7146 0.2322 -0.6598
vn 0.5843 0.2693 -0.7655
vn 0.5843 0.2693 -0.7656
vn 0.5124 0.2850 -0.8101
vn 0.5123 0.2850 -0.8101
vn 0.4367 0.2986 -0.8486
vn 0.4366 0.2986 -0.8487
vn 0.3577 0.3099 -0.8809
vn 0.1073 0.3300 -0.9379
vn 0.0216 0.3318 -0.9431
vn -0.0645 0.3312 -0.9414
vn -0.2345 0.3226 -0.9170
vn -0.3172 0.3147 -0.8946
vn -0.3975 0.3045 -0.8656
vn -0.3976 0.3045 -0.8656
vn -0.5488 0.2774 -0.7886
vn -0.5489 0.2774 -0.7885
vn -0.4750 0.2921 -0.8301
vn -0.5488 0.2774 -0.7885
vn -0.6186 0.2608 -0.7411
vn -0.8475 0.1761 -0.5007
vn -0.9769 0.0709 -0.2015
vn -0.9917 0.0427 -0.1215
vn -0.9991 -0.0143 0.0405
vn -0.9917 -0.0427 0.1214
vn -0.9769 -0.0709 0.2014
vn -0.9769 -0.0709 0.2015
vn -0.8900 -0.1513 0.4300
vn -0.8475 -0.1762 0.5007
vn -0.6187 -0.2608 0.7411
vn -0.6186 -0.2608 0.7411
vn -0.5489 -0.2774 0.7885
vn -0.3172 -0.3148 0.8946
vn -0.1500 -0.3281 0.9326
vn -0.0645 -0.3312 0.9413
vn 0.0216 -0.3318 0.9431
vn 0.1073 -0.3300 0.9379
vn 0.1074 -0.3300 0.9379
vn 0.1924 -0.3257 0.9257
vn 0.2761 -0.3190 0.9066
vn 0.4366 -0.2986 0.8486
vn 0.4366 -0.2986 0.8487
vn 0.4367 -0.2986 0.8486
vn 0.5123 -0.2850 0.8101
vn 0.7146 -0.2322 0.6598
vn 0.9088 -0.1385 0.3936
vn 0.9668 -0.0848 0.2409
vn 0.9669 -0.0847 0.2408
vn 0.9852 -0.0568 0.1615
vn 0.4999 0.8170 0.2874
vn 0.0001 0.9433 0.3318
vn 0.5001 0.8169 0.2874
vn 0.5001 0.8169 0.2873
vn 0.8661 0.4716 0.1659
vn 0.1564 -0.3278 0.9317
vn 0.1565 -0.3278 0.9317
vn 0.3090 -0.3156 0.8972
vn 0.3090 -0.3156 0.8971
vn 0.2676 0.1982 0.9429
vn 0.4540 -0.2957 0.8405
vn 0.5878 -0.2685 0.7632
vn 0.7071 -0.2347 0.6670
vn 0.7071 -0.2346 0.6671
vn 0.6123 0.2684 0.7436
vn 0.8090 -0.1950 0.5545
vn 0.7006 0.3027 0.6462
vn 0.8090 -0.1951 0.5545
vn 0.8910 -0.1507 0.4283
vn 0.8910 -0.1506 0.4283
vn 0.7007 0.3027 0.6461
vn 0.7716 0.3411 0.5369
vn 0.9511 -0.1025 0.2915
vn 0.9877 -0.0519 0.1476
vn 0.8554 0.4266 0.2937
vn 0.5000 0.8169 0.2875
vn 0.4999 0.8170 0.2875
vn -0.0000 0.6509 0.7591
vn 0.2676 0.1984 0.9429
vn 0.0783 0.6530 0.7533
vn 0.2270 0.6690 0.7077
vn 0.5090 0.2392 0.8269
vn 0.2271 0.6690 0.7077
vn 0.2939 0.6826 0.6691
vn 0.5091 0.2392 0.8268
vn 0.2939 0.6826 0.6690
vn 0.6123 0.2685 0.7436
vn 0.6124 0.2685 0.7436
vn 0.7006 0.3028 0.6461
vn 0.4046 0.7194 0.5647
vn 0.4046 0.7194 0.5646
vn 0.4456 0.7416 0.5016
vn 0.8553 0.4268 0.2938
vn 0.4939 0.7909 0.3612
vn -0.0000 0.6510 0.7590
vn 0.0782 0.6531 0.7532
vn 0.1545 0.6592 0.7360
vn 0.2269 0.6691 0.7077
vn 0.2270 0.6691 0.7076
vn 0.2938 0.6827 0.6690
vn 0.4454 0.7416 0.5016
vn 0.4455 0.7416 0.5015
vn 0.0001 0.6509 0.7591
vn -0.9877 -0.0519 0.1476
vn -0.9511 -0.1025 0.2915
vn -0.9510 -0.1025 0.2915
vn -0.8910 -0.1506 0.4283
vn -0.8236 0.3828 0.4184
vn -0.7717 0.3412 0.5368
vn -0.8090 -0.1950 0.5545
vn -0.8090 -0.1951 0.5545
vn -0.7071 -0.2347 0.6670
vn -0.7071 -0.2346 0.6670
vn -0.7071 -0.2347 0.6671
vn -0.5878 -0.2685 0.7632
vn -0.5091 0.2391 0.8268
vn -0.4540 -0.2957 0.8405
vn -0.3090 -0.3156 0.8972
vn -0.1564 -0.3278 0.9317
vn -0.1565 -0.3278 0.9317
vn -0.1354 0.1878 0.9728
vn -0.0782 0.6531 0.7532
vn -0.0000 0.9433 0.3320
vn -0.5001 0.8169 0.2874
vn -0.5000 0.8169 0.2875
vn -0.4939 0.7909 0.3612
vn -0.7716 0.3412 0.5369
vn -0.7006 0.3028 0.6461
vn -0.4046 0.7194 0.5646
vn -0.7006 0.3027 0.6462
vn -0.6123 0.2685 0.7436
vn -0.6124 0.2685 0.7436
vn -0.5090 0.2392 0.8269
vn -0.2939 0.6826 0.6690
vn -0.3931 0.2156 0.8938
vn -0.2939 0.6826 0.6691
vn -0.2271 0.6690 0.7077
vn -0.2270 0.6690 0.7077
vn -0.2676 0.1984 0.9429
vn -0.0783 0.6530 0.7533
vn -0.4999 0.8170 0.2874
vn -0.2270 0.6691 0.7076
vn -0.1545 0.6592 0.7360
vn -0.5000 0.8170 0.2874
vn -0.0001 0.9433 0.3318
vn -0.1564 0.3278 -0.9317
vn -0.1354 0.7555 -0.6410
vn -0.1565 0.3278 -0.9317
vn -0.3090 0.3157 -0.8971
vn -0.4540 0.2958 -0.8405
vn -0.5878 0.2686 -0.7632
vn -0.5878 0.2685 -0.7632
vn -0.5878 0.2685 -0.7631
vn -0.7071 0.2347 -0.6670
vn -0.5091 0.7041 -0.4950
vn -0.8090 0.1951 -0.5545
vn -0.8090 0.1951 -0.5544
vn -0.8910 0.1507 -0.4283
vn -0.8910 0.1507 -0.4282
vn -0.9510 0.1026 -0.2915
vn -0.9511 0.1026 -0.2915
vn -0.7717 0.6021 -0.2049
vn -0.8237 0.5605 -0.0866
vn -0.9877 0.0520 -0.1476
vn -0.9877 0.0519 -0.1475
vn -0.8553 0.5166 0.0382
vn -0.4938 0.8429 0.2137
vn -0.2676 0.7451 -0.6110
vn -0.0783 0.9808 -0.1785
vn -0.1545 0.9747 -0.1612
vn -0.2940 0.9512 -0.0942
vn -0.3536 0.9343 -0.0462
vn -0.4045 0.9145 0.0101
vn -0.4046 0.9145 0.0102
vn -0.4755 0.8682 0.1416
vn -0.8553 0.5167 0.0382
vn -0.0782 0.9809 -0.1784
vn -0.2938 0.9512 -0.0941
vn -0.3535 0.9343 -0.0460
vn -0.4755 0.8683 0.1417
vn -0.0000 0.7590 -0.6510
vn -0.0000 0.7591 -0.6509
vn -0.0001 0.9829 -0.1843
vn 0.0001 0.7591 -0.6509
vn 0.9877 0.0520 -0.1475
vn 0.9877 0.0519 -0.1476
vn 0.9510 0.1026 -0.2915
vn 0.9511 0.1026 -0.2915
vn 0.8910 0.1507 -0.4282
vn 0.8237 0.5605 -0.0865
vn 0.7717 0.6021 -0.2050
vn 0.8910 0.1507 -0.4283
vn 0.8090 0.1951 -0.5544
vn 0.8090 0.1951 -0.5545
vn 0.7071 0.2347 -0.6670
vn 0.7007 0.6405 -0.3143
vn 0.5878 0.2686 -0.7631
vn 0.5878 0.2685 -0.7631
vn 0.5878 0.2685 -0.7632
vn 0.4540 0.2957 -0.8405
vn 0.3090 0.3157 -0.8971
vn 0.2677 0.7450 -0.6110
vn 0.1565 0.3278 -0.9317
vn 0.1355 0.7555 -0.6409
vn 0.1564 0.3278 -0.9317
vn 0.1354 0.7556 -0.6409
vn 0.0782 0.9809 -0.1784
vn 0.8660 0.4717 0.1659
vn 0.8553 0.5167 0.0382
vn 0.8553 0.5167 0.0381
vn 0.4756 0.8682 0.1416
vn 0.4755 0.8682 0.1416
vn 0.7006 0.6407 -0.3142
vn 0.4455 0.8923 0.0732
vn 0.4045 0.9145 0.0101
vn 0.6123 0.6749 -0.4117
vn 0.3931 0.7278 -0.5619
vn 0.2271 0.9648 -0.1329
vn 0.2270 0.9648 -0.1329
vn 0.2676 0.7451 -0.6110
vn 0.1546 0.9747 -0.1612
vn 0.0783 0.9808 -0.1785
vn 0.4455 0.8923 0.0734
vn 0.4454 0.8923 0.0733
vn 0.3535 0.9343 -0.0460
vn -0.9877 -0.0519 0.1475
vn -0.9511 -0.1026 0.2915
vn -0.8910 -0.1507 0.4282
vn -0.8910 -0.1507 0.4283
vn -0.5878 -0.2685 0.7631
vn -0.3090 -0.3156 0.8971
vn -0.3090 -0.3157 0.8972
vn 0.3090 -0.3157 0.8972
vn 0.5878 -0.2685 0.7631
vn 0.8910 -0.1507 0.4282
vn 0.9511 -0.1026 0.2915
vn -0.3090 0.3156 -0.8972
vn -0.3090 0.3156 -0.8971
vn -0.4540 0.2957 -0.8405
vn -0.9877 0.0519 -0.1476
vn 0.3090 0.3156 -0.8971
vn 0.3090 0.3156 -0.8972
vn 0.3090 0.3157 -0.8972
vn -0.0399 -0.3316 0.9426
vn -0.0506 -0.3315 0.9421
vn -0.0400 -0.3316 0.9426
vn -0.0810 -0.3308 0.9402
vn -0.1023 -0.3302 0.9384
vn -0.1236 -0.3293 0.9361
vn -0.1023 -0.3301 0.9384
vn -0.1555 -0.3278 0.9318
vn -0.1555 -0.3279 0.9318
vn -0.1683 -0.3272 0.9299
vn -0.2110 -0.3244 0.9221
vn -0.2157 -0.3241 0.9211
vn -0.2693 -0.3196 0.9085
vn -0.2694 -0.3196 0.9084
vn -0.2156 -0.3241 0.9211
vn -0.2665 -0.3199 0.9092
vn -0.3217 -0.3142 0.8932
vn -0.2694 -0.3196 0.9085
vn -0.3313 -0.3131 0.8901
vn -0.3825 -0.3067 0.8716
vn -0.3313 -0.3132 0.8900
vn -0.3973 -0.3046 0.8657
vn -0.4319 -0.2993 0.8508
vn -0.4318 -0.2993 0.8508
vn -0.4500 -0.2964 0.8424
vn -0.4500 -0.2965 0.8424
vn -0.4675 -0.2934 0.8339
vn -0.4676 -0.2934 0.8339
vn -0.5043 -0.2866 0.8146
vn -0.5257 -0.2823 0.8024
vn -0.5257 -0.2824 0.8024
vn -0.5421 -0.2789 0.7927
vn -0.5258 -0.2823 0.8024
vn -0.5671 -0.2734 0.7770
vn -0.5809 -0.2702 0.7678
vn -0.5671 -0.2734 0.7769
vn -0.6109 -0.2628 0.7468
vn -0.6206 -0.2603 0.7397
vn -0.6206 -0.2602 0.7397
vn -0.6572 -0.2502 0.7110
vn -0.6609 -0.2491 0.7079
vn -0.6610 -0.2491 0.7079
vn -0.7018 -0.2364 0.6720
vn -0.6572 -0.2501 0.7110
vn -0.7057 -0.2352 0.6684
vn -0.7057 -0.2351 0.6683
vn -0.7435 -0.2220 0.6309
vn -0.7435 -0.2220 0.6308
vn -0.7558 -0.2173 0.6176
vn -0.7559 -0.2173 0.6176
vn -0.7854 -0.2054 0.5839
vn -0.8067 -0.1961 0.5574
vn -0.8269 -0.1866 0.5305
vn -0.8068 -0.1961 0.5574
vn -0.8567 -0.1712 0.4866
vn -0.8269 -0.1866 0.5304
vn -0.8669 -0.1655 0.4703
vn -0.9032 -0.1424 0.4048
vn -0.9040 -0.1419 0.4033
vn -0.9040 -0.1419 0.4032
vn -0.9369 -0.1160 0.3298
vn -0.9436 -0.1099 0.3124
vn -0.9639 -0.0883 0.2511
vn -0.9745 -0.0744 0.2116
vn -0.9839 -0.0592 0.1684
vn -0.9937 -0.0373 0.1059
vn -0.9960 -0.0296 0.0841
vn -0.9992 0.0135 -0.0382
vn -0.9992 0.0135 -0.0383
vn -0.9991 0.0143 -0.0407
vn -0.9991 0.0143 -0.0408
vn -0.9964 0.0282 -0.0802
vn -0.9959 0.0301 -0.0856
vn -0.9910 0.0445 -0.1264
vn -0.9897 0.0476 -0.1352
vn -0.9821 0.0625 -0.1776
vn -0.9795 0.0668 -0.1898
vn -0.9795 0.0668 -0.1899
vn -0.9821 0.0625 -0.1777
vn -0.9686 0.0826 -0.2347
vn -0.9641 0.0882 -0.2506
vn -0.9685 0.0826 -0.2347
vn -0.9486 0.1050 -0.2985
vn -0.9640 0.0882 -0.2507
vn -0.9413 0.1120 -0.3184
vn -0.9200 0.1301 -0.3697
vn -0.9090 0.1384 -0.3933
vn -0.8796 0.1579 -0.4487
vn -0.8641 0.1670 -0.4748
vn -0.8236 0.1883 -0.5351
vn -0.8036 0.1975 -0.5614
vn -0.8235 0.1883 -0.5351
vn -0.7478 0.2203 -0.6263
vn -0.7244 0.2288 -0.6503
vn -0.7016 0.2365 -0.6722
vn -0.6771 0.2442 -0.6942
vn -0.6496 0.2523 -0.7172
vn -0.6496 0.2524 -0.7172
vn -0.6248 0.2591 -0.7365
vn -0.5921 0.2675 -0.7602
vn -0.6248 0.2591 -0.7366
vn -0.5920 0.2675 -0.7602
vn -0.5682 0.2731 -0.7762
vn -0.5296 0.2815 -0.8002
vn -0.5682 0.2731 -0.7763
vn -0.5079 0.2859 -0.8126
vn -0.4633 0.2941 -0.8360
vn -0.4447 0.2973 -0.8449
vn -0.4446 0.2973 -0.8449
vn -0.3944 0.3050 -0.8669
vn -0.3944 0.3050 -0.8668
vn -0.3791 0.3071 -0.8729
vn -0.3244 0.3139 -0.8923
vn -0.3123 0.3153 -0.8961
vn -0.3122 0.3153 -0.8962
vn -0.2548 0.3209 -0.9122
vn -0.2458 0.3217 -0.9144
vn -0.1867 0.3261 -0.9267
vn -0.1866 0.3261 -0.9267
vn -0.1178 0.3296 -0.9368
vn -0.1178 0.3296 -0.9367
vn -0.1210 0.3294 -0.9364
vn -0.1210 0.3295 -0.9364
vn -0.0000 -0.9433 -0.3319
vn -0.0000 -0.9433 -0.3318
vn 0.0001 -0.9433 -0.3319
vt 0.202755 0.030606
vt 0.275934 0.029955
vt 0.202754 0.033328
vt 0.349113 0.029956
vt 0.422293 0.029956
vt 0.422294 0.027073
vt 0.495473 0.027074
vt 1.483737 0.589532
vt 1.483181 0.558748
vt 1.485167 0.589275
vt 1.485723 0.620059
vt 1.488952 0.712378
vt 1.486280 0.650844
vt 1.486837 0.681628
vt 1.484851 0.651101
vt 1.485408 0.681886
vt 0.641832 0.027075
vt 0.715011 0.027076
vt 0.641831 0.029958
vt 0.715010 0.029959
vt 0.788189 0.030611
vt 0.788190 0.028140
vt 1.485480 0.712828
vt 1.486506 0.712542
vt 1.487703 0.712387
vt 0.202755 0.028135
vt 0.275935 0.027072
vt 0.349114 0.027072
vt 1.482624 0.527963
vt 1.482067 0.497179
vt 1.484053 0.527706
vt 1.484610 0.558490
vt 1.481025 0.466552
vt 1.482051 0.466266
vt 1.483496 0.496921
vt 1.483248 0.466111
vt 1.484497 0.466102
vt 0.788189 0.033333
vt 0.495472 0.029957
vt 0.568651 0.029958
vt 0.568652 0.027074
vt 1.484294 0.620317
vt 1.366267 0.439130
vt 1.366736 0.441652
vt 1.365353 0.439618
vt 1.365496 0.441794
vt 1.364589 0.439826
vt 1.364331 0.442190
vt 1.363878 0.440141
vt 0.976687 0.127280
vt 0.977121 0.133888
vt 0.975503 0.127414
vt 0.975735 0.120724
vt 0.974568 0.120970
vt 0.974182 0.114287
vt 0.973041 0.114642
vt 0.972054 0.108033
vt 0.970948 0.108491
vt 0.969379 0.102026
vt 0.968315 0.102579
vt 0.966220 0.096313
vt 0.965203 0.096951
vt 1.482124 0.799401
vt 1.481495 0.799049
vt 1.482534 0.796973
vt 1.481899 0.796654
vt 1.482918 0.794443
vt 1.482278 0.794156
vt 1.483342 0.791308
vt 1.482697 0.791059
vt 1.483729 0.788097
vt 1.483080 0.787882
vt 1.484081 0.784830
vt 1.483429 0.784646
vt 1.484401 0.781521
vt 1.483746 0.781367
vt 1.484692 0.778186
vt 1.484034 0.778059
vt 1.484955 0.774836
vt 1.484295 0.774734
vt 1.485406 0.768119
vt 1.484744 0.768061
vt 1.485792 0.760927
vt 1.485127 0.760909
vt 1.486090 0.753775
vt 1.485424 0.753793
vt 1.486309 0.746683
vt 1.485642 0.746733
vt 1.486456 0.739667
vt 1.485788 0.739745
vt 1.486538 0.732741
vt 1.485870 0.732845
vt 1.486560 0.725911
vt 1.485892 0.726039
vt 1.486523 0.719182
vt 1.485855 0.719333
vt 0.803752 0.027817
vt 0.803690 0.029249
vt 0.803647 0.030246
vt 0.803575 0.031921
vt 0.818927 0.032921
vt 0.816578 0.034468
vt 0.830705 0.035920
vt 0.834217 0.034623
vt 0.844758 0.037992
vt 0.849420 0.037055
vt 0.858715 0.040710
vt 0.864501 0.040259
vt 0.872521 0.044129
vt 0.879385 0.044312
vt 0.886109 0.048308
vt 0.893990 0.049294
vt 0.899411 0.053312
vt 0.908225 0.055289
vt 0.912337 0.059217
vt 0.921041 0.061917
vt 0.924741 0.066139
vt 0.927229 0.065646
vt 0.930696 0.070020
vt 0.933241 0.069676
vt 0.936442 0.074205
vt 0.939033 0.074027
vt 0.941936 0.078709
vt 0.944564 0.078717
vt 0.947136 0.083551
vt 0.949787 0.083766
vt 0.951989 0.088749
vt 0.954645 0.089196
vt 0.956424 0.094306
vt 0.958361 0.094018
vt 0.960363 0.100215
vt 0.961719 0.099099
vt 0.964670 0.104435
vt 0.963146 0.098225
vt 0.966163 0.103681
vt 0.963992 0.097703
vt 0.967048 0.103230
vt 0.975176 0.133921
vt 0.974093 0.127565
vt 0.973178 0.121254
vt 0.971682 0.115055
vt 0.969630 0.109028
vt 0.972725 0.133943
vt 0.973109 0.127667
vt 0.972207 0.121448
vt 0.970733 0.115341
vt 0.968710 0.109399
vt 0.971448 0.127832
vt 0.970010 0.133950
vt 0.969600 0.126862
vt 0.970570 0.121771
vt 0.968393 0.119864
vt 0.969132 0.115816
vt 0.966424 0.113039
vt 0.967158 0.110020
vt 0.963727 0.106466
vt 0.802398 0.033613
vt 1.487262 0.719078
vt 1.488044 0.719025
vt 1.489040 0.718552
vt 1.489080 0.724818
vt 1.488081 0.725784
vt 1.487299 0.725825
vt 1.487277 0.732674
vt 1.489069 0.731173
vt 1.488059 0.732645
vt 1.487195 0.739619
vt 1.489007 0.737613
vt 1.487976 0.739603
vt 1.487047 0.746657
vt 1.488890 0.744137
vt 1.487828 0.746656
vt 1.486828 0.753774
vt 1.488714 0.750735
vt 1.487608 0.753789
vt 1.486529 0.760953
vt 1.488471 0.757394
vt 1.487308 0.760986
vt 1.486141 0.768175
vt 1.488155 0.764103
vt 1.486920 0.768228
vt 1.485687 0.774927
vt 1.487759 0.770844
vt 1.486464 0.775003
vt 1.485423 0.778295
vt 1.487268 0.777587
vt 1.486199 0.778382
vt 1.485130 0.781651
vt 1.486983 0.780948
vt 1.485906 0.781752
vt 1.484808 0.784983
vt 1.486669 0.784290
vt 1.485582 0.785099
vt 1.484453 0.788274
vt 1.486323 0.787598
vt 1.485225 0.788407
vt 1.484063 0.791511
vt 1.485942 0.790858
vt 1.484833 0.791660
vt 1.483635 0.794674
vt 1.485524 0.794054
vt 1.484402 0.794842
vt 1.483248 0.797230
vt 1.485066 0.797153
vt 1.484012 0.797415
vt 1.482833 0.799685
vt 1.481686 0.801705
vt 1.484569 0.800114
vt 1.483595 0.799887
vt 1.482390 0.802014
vt 1.481221 0.803856
vt 1.483149 0.802233
vt 1.484030 0.802897
vt 1.482675 0.804424
vt 1.483452 0.805448
vt 1.482175 0.806428
vt 1.482841 0.807715
vt 1.481655 0.808219
vt 1.364932 0.437707
vt 1.365755 0.436923
vt 1.364172 0.437931
vt 1.363467 0.438271
vt 1.480908 0.807952
vt 1.480223 0.807570
vt 1.481424 0.806177
vt 1.480731 0.805818
vt 1.481919 0.804190
vt 0.959719 0.093039
vt 0.955931 0.088125
vt 0.950987 0.082599
vt 0.945682 0.077470
vt 0.940073 0.072713
vt 0.934206 0.068306
vt 0.928124 0.064229
vt 0.921869 0.060460
vt 0.908932 0.053769
vt 0.894580 0.047725
vt 0.879872 0.042708
vt 0.864893 0.038629
vt 0.849725 0.035406
vt 0.834440 0.032961
vt 0.819073 0.031251
vt 0.961676 0.091613
vt 0.960524 0.092455
vt 0.956694 0.087486
vt 0.951700 0.081904
vt 0.946346 0.076728
vt 0.940690 0.071931
vt 0.934779 0.067491
vt 0.928655 0.063385
vt 0.922360 0.059593
vt 0.909351 0.052865
vt 0.894931 0.046791
vt 0.880160 0.041753
vt 0.865126 0.037659
vt 0.849906 0.034425
vt 0.834573 0.031972
vt 0.819159 0.030257
vt 0.957786 0.086566
vt 0.952720 0.080904
vt 0.947295 0.075659
vt 0.941573 0.070805
vt 0.935598 0.066318
vt 0.929414 0.062173
vt 0.923063 0.058346
vt 0.909951 0.051564
vt 0.895432 0.045449
vt 0.880573 0.040380
vt 0.865459 0.036265
vt 0.850165 0.033015
vt 0.834762 0.030551
vt 0.819283 0.028829
vt 1.406267 0.687368
vt 1.401887 0.662887
vt 1.407507 0.687226
vt 1.397810 0.638330
vt 1.393733 0.613772
vt 1.392352 0.614375
vt 1.388275 0.589817
vt 0.976225 0.579646
vt 0.976225 0.653936
vt 0.973373 0.579679
vt 0.973373 0.505389
vt 0.973373 0.431099
vt 0.973373 0.356809
vt 0.976225 0.431066
vt 0.976225 0.356776
vt 1.380121 0.540702
vt 1.376044 0.516145
vt 1.381501 0.540100
vt 1.377424 0.515542
vt 1.405102 0.687764
vt 1.400507 0.663489
vt 1.396430 0.638932
vt 0.976225 0.728226
vt 0.976225 0.802516
vt 0.973373 0.728259
vt 0.973373 0.653969
vt 0.972725 0.876843
vt 0.970010 0.876850
vt 0.977121 0.876788
vt 0.975176 0.876822
vt 0.973373 0.802549
vt 0.973373 0.208229
vt 0.973373 0.282519
vt 0.976225 0.208196
vt 0.976225 0.282486
vt 1.371967 0.491587
vt 1.367890 0.467030
vt 1.373347 0.490985
vt 1.369270 0.466428
vt 1.389656 0.589215
vt 1.385579 0.564657
vt 1.384198 0.565260
vt 0.976225 0.505356
vt 1.409863 0.747146
vt 1.409352 0.750477
vt 1.408834 0.747301
vt 1.408112 0.750343
vt 1.408064 0.747131
vt 1.406946 0.749937
vt 1.407343 0.746867
vt 0.906274 0.988699
vt 0.897093 0.989316
vt 0.906140 0.987540
vt 1.406698 0.746522
vt 1.407749 0.743480
vt 1.407098 0.743190
vt 1.408076 0.739758
vt 1.407419 0.739533
vt 1.408206 0.737794
vt 1.407547 0.737603
vt 1.408313 0.735774
vt 1.407652 0.735620
vt 1.408394 0.733709
vt 1.407731 0.733592
vt 1.408449 0.731618
vt 1.407785 0.731538
vt 1.408485 0.727404
vt 1.407821 0.727395
vt 1.408432 0.723202
vt 1.407769 0.723258
vt 1.408300 0.719075
vt 1.407639 0.719190
vt 1.408101 0.715084
vt 1.407442 0.715247
vt 1.407846 0.711241
vt 1.407190 0.711447
vt 1.407545 0.707542
vt 1.406892 0.707784
vt 1.407203 0.703984
vt 1.406553 0.704256
vt 1.406828 0.700564
vt 1.406180 0.700862
vt 1.406425 0.697278
vt 1.405780 0.697599
vt 1.406000 0.694121
vt 1.405357 0.694461
vt 0.976258 0.895204
vt 0.975073 0.895126
vt 0.976807 0.886530
vt 0.975619 0.886501
vt 0.974203 0.886458
vt 0.973215 0.886424
vt 0.971548 0.886362
vt 0.971013 0.894818
vt 0.969271 0.894817
vt 0.970107 0.903251
vt 0.968288 0.903755
vt 0.968798 0.911652
vt 0.966846 0.912647
vt 0.967041 0.919993
vt 0.964890 0.921447
vt 0.964780 0.928215
vt 0.962352 0.930085
vt 0.961957 0.936260
vt 0.959166 0.938487
vt 0.958512 0.944070
vt 0.955265 0.946580
vt 0.954381 0.951579
vt 0.950559 0.954262
vt 0.949485 0.958663
vt 0.945006 0.961350
vt 0.943821 0.965154
vt 0.938610 0.967651
vt 0.937392 0.970884
vt 0.935098 0.970446
vt 0.933891 0.973412
vt 0.931378 0.972971
vt 0.930210 0.975684
vt 0.927472 0.975201
vt 0.926374 0.977686
vt 0.923408 0.977128
vt 0.922407 0.979413
vt 0.919211 0.978747
vt 0.914171 0.982030
vt 0.914905 0.980055
vt 0.906071 0.981737
vt 0.905681 0.983528
vt 0.897091 0.982270
vt 0.897092 0.984978
vt 0.905869 0.985176
vt 0.905980 0.986151
vt 0.914800 0.984594
vt 0.915136 0.985952
vt 0.923903 0.983166
vt 0.897092 0.987406
vt 0.969831 0.885844
vt 1.405553 0.691082
vt 1.406271 0.690806
vt 1.407039 0.690623
vt 1.408010 0.690375
vt 1.408492 0.693652
vt 1.407489 0.693685
vt 1.406719 0.693859
vt 1.407147 0.697031
vt 1.407917 0.696867
vt 1.408950 0.697071
vt 1.408323 0.700180
vt 1.409383 0.700641
vt 1.408703 0.703635
vt 1.409783 0.704373
vt 1.409048 0.707233
vt 1.410143 0.708272
vt 1.409353 0.710979
vt 1.410454 0.712342
vt 1.409611 0.714874
vt 1.410708 0.716590
vt 1.409813 0.718924
vt 1.410892 0.721022
vt 1.409947 0.723126
vt 1.410991 0.725591
vt 1.410002 0.727415
vt 1.411004 0.727901
vt 1.410990 0.730215
vt 1.409965 0.731719
vt 1.410948 0.732521
vt 1.409909 0.733854
vt 1.410876 0.734810
vt 1.409826 0.735963
vt 1.410774 0.737057
vt 1.409717 0.738030
vt 1.410642 0.739246
vt 1.409584 0.740041
vt 1.410484 0.741362
vt 1.409249 0.743846
vt 1.410300 0.743392
vt 1.410092 0.745321
vt 0.914566 0.983641
vt 0.923020 0.980955
vt 0.927095 0.979181
vt 0.931036 0.977124
vt 0.934818 0.974790
vt 0.938413 0.972194
vt 0.945006 0.966318
vt 0.950803 0.959676
vt 0.955803 0.952443
vt 0.960010 0.944795
vt 0.963511 0.936861
vt 0.966375 0.928702
vt 0.968664 0.920377
vt 0.970440 0.911943
vt 0.971761 0.903458
vt 0.972676 0.894950
vt 1.408475 0.743702
vt 1.408807 0.739930
vt 1.408939 0.737938
vt 1.409047 0.735890
vt 1.409129 0.733798
vt 1.409185 0.731679
vt 1.409221 0.727411
vt 1.409168 0.723158
vt 1.409034 0.718986
vt 1.408833 0.714958
vt 1.408577 0.711083
vt 1.408273 0.707356
vt 1.407929 0.703774
vt 1.407551 0.700334
vt 0.923383 0.981867
vt 0.928134 0.981323
vt 0.927522 0.980064
vt 0.931526 0.977975
vt 0.935369 0.975603
vt 0.939019 0.972968
vt 0.945709 0.967006
vt 0.951585 0.960274
vt 0.956646 0.952952
vt 0.960899 0.945222
vt 0.964433 0.937213
vt 0.967322 0.928987
vt 0.969627 0.920601
vt 0.971413 0.912113
vt 0.972743 0.903578
vt 0.973662 0.895025
vt 0.932227 0.979187
vt 0.936156 0.976763
vt 0.939887 0.974069
vt 0.946716 0.967984
vt 0.952704 0.961124
vt 0.957853 0.953676
vt 0.962171 0.945828
vt 0.965754 0.937712
vt 0.968676 0.929390
vt 0.971005 0.920918
vt 0.972807 0.912351
vt 0.974147 0.903744
vt 1.364633 1.001016
vt 1.368283 0.978151
vt 1.365873 1.001151
vt 1.372235 0.955362
vt 1.376188 0.932574
vt 1.374806 0.931952
vt 1.378759 0.909164
vt 0.385941 0.988435
vt 0.312919 0.988434
vt 0.385940 0.985617
vt 0.458961 0.985617
vt 0.531983 0.985618
vt 0.605005 0.985619
vt 0.531984 0.988436
vt 0.605006 0.988436
vt 1.386664 0.863587
vt 1.390616 0.840798
vt 1.388046 0.864208
vt 1.391998 0.841420
vt 1.395951 0.818631
vt 1.399903 0.795843
vt 1.403856 0.773054
vt 1.402474 0.772432
vt 0.824071 0.988438
vt 0.824070 0.985620
vt 0.751048 0.985620
vt 0.678026 0.985619
vt 0.678027 0.988437
vt 1.394569 0.818009
vt 1.363467 1.000611
vt 1.366901 0.977529
vt 1.370854 0.954741
vt 0.239897 0.988433
vt 0.166875 0.988433
vt 0.239896 0.985616
vt 0.312918 0.985616
vt 0.093853 0.984971
vt 0.093852 0.982263
vt 0.093854 0.989310
vt 0.093853 0.987399
vt 0.166874 0.985615
vt 1.380141 0.909785
vt 1.384093 0.886997
vt 1.382711 0.886375
vt 1.398522 0.795221
vt 0.458962 0.988435
vt 0.751049 0.988438
vt 1.488139 1.139570
vt 1.489388 1.139556
vt 1.488077 1.143016
vt 1.489064 1.144018
vt 1.488050 1.146576
vt 1.489053 1.148690
vt 1.488064 1.150256
vt 1.489083 1.151824
vt 1.488123 1.154064
vt 1.489146 1.155047
vt 1.488232 1.158007
vt 1.489246 1.158367
vt 1.488400 1.162088
vt 1.489387 1.161785
vt 1.489575 1.165297
vt 1.490170 1.161791
vt 1.490357 1.165285
vt 1.490913 1.161849
vt 1.491099 1.165317
vt 1.491588 1.161957
vt 1.491772 1.165391
vt 0.025637 0.938787
vt 0.022915 0.931349
vt 0.024260 0.930925
vt 0.026950 0.938275
vt 0.025201 0.930624
vt 0.027867 0.937913
vt 0.026786 0.930112
vt 0.029414 0.937297
vt 0.028599 0.930065
vt 0.031782 0.938472
vt 1.489849 1.144089
vt 1.490592 1.139775
vt 1.490594 1.144246
vt 1.491271 1.144481
vt 1.490582 1.148882
vt 1.491260 1.149090
vt 1.490613 1.151989
vt 1.491290 1.152177
vt 1.490675 1.155185
vt 1.491352 1.155349
vt 1.490774 1.158471
vt 1.491450 1.158610
vt 0.013826 0.876780
vt 0.015770 0.876814
vt 0.015434 0.888763
vt 0.016848 0.888705
vt 0.016426 0.900721
vt 0.017832 0.900579
vt 0.017478 0.908443
vt 0.018876 0.908239
vt 0.018885 0.916137
vt 0.020270 0.915866
vt 0.020681 0.923785
vt 0.022050 0.923441
vt 0.018219 0.876835
vt 0.017835 0.888661
vt 0.018815 0.900476
vt 0.019853 0.908093
vt 0.021239 0.915672
vt 0.023006 0.923196
vt 0.019501 0.888581
vt 0.020934 0.876842
vt 0.021112 0.885841
vt 0.021672 0.894822
vt 0.020473 0.900296
vt 0.022655 0.903764
vt 0.021501 0.907841
vt 0.024103 0.912642
vt 0.022872 0.915341
vt 0.026062 0.921430
vt 0.024619 0.922779
vt 0.032548 0.944291
vt 0.035681 0.946576
vt 0.036237 0.951041
vt 0.040374 0.954257
vt 0.040522 0.957447
vt 0.045908 0.961340
vt 0.045431 0.963399
vt 0.052319 0.967640
vt 0.050989 0.968783
vt 0.055849 0.970431
vt 0.057170 0.973467
vt 0.059573 0.972956
vt 0.063886 0.977351
vt 0.063474 0.975195
vt 0.067534 0.977130
vt 0.071041 0.980340
vt 0.071730 0.978744
vt 0.076034 0.980040
vt 0.078499 0.982409
vt 0.084867 0.981722
vt 0.086141 0.983609
vt 0.085874 0.986235
vt 0.085973 0.985259
vt 0.085731 0.987626
vt 0.085611 0.988786
vt 1.496214 1.199769
vt 1.496891 1.202188
vt 1.495536 1.200145
vt 1.495480 1.197086
vt 1.494793 1.197428
vt 1.494768 1.194100
vt 1.494071 1.194403
vt 1.494092 1.190828
vt 1.493386 1.191088
vt 1.493466 1.187331
vt 1.492752 1.187541
vt 1.492902 1.183682
vt 1.492179 1.183843
vt 1.492407 1.179957
vt 1.491679 1.180072
vt 1.491984 1.176224
vt 1.491251 1.176295
vt 1.491628 1.172518
vt 1.490891 1.172550
vt 1.491335 1.168875
vt 1.490596 1.168872
vt 1.363637 1.003333
vt 1.495790 1.202759
vt 1.494796 1.200424
vt 1.494046 1.197684
vt 1.493319 1.194633
vt 1.492628 1.191291
vt 1.491987 1.187711
vt 1.491410 1.183980
vt 1.490906 1.180181
vt 1.490475 1.176375
vt 1.490113 1.172602
vt 1.489815 1.168902
vt 1.364401 1.003544
vt 1.494577 1.203045
vt 1.493671 1.200116
vt 1.493222 1.198478
vt 1.492780 1.196727
vt 1.492347 1.194866
vt 1.491927 1.192898
vt 1.491523 1.190835
vt 1.491138 1.188693
vt 1.490776 1.186490
vt 1.490437 1.184244
vt 1.490124 1.181971
vt 1.489838 1.179690
vt 1.489343 1.175142
vt 1.488945 1.170662
vt 1.488634 1.166306
vt 1.489837 1.148747
vt 1.489867 1.151870
vt 1.489930 1.155082
vt 1.490030 1.158389
vt 0.031052 0.945021
vt 0.034809 0.951894
vt 0.039183 0.958432
vt 0.044204 0.964520
vt 0.049901 0.970038
vt 0.056247 0.974847
vt 0.063148 0.978837
vt 0.070496 0.981907
vt 0.078147 0.984030
vt 0.030165 0.945450
vt 0.033962 0.952397
vt 0.038388 0.959013
vt 0.043476 0.965181
vt 0.049255 0.970779
vt 0.055700 0.975662
vt 0.062709 0.979715
vt 0.070174 0.982834
vt 0.077939 0.984988
vt 0.028896 0.946060
vt 0.032751 0.953112
vt 0.037251 0.959838
vt 0.042433 0.966121
vt 0.048332 0.971834
vt 0.054916 0.976822
vt 0.062082 0.980966
vt 0.069713 0.984155
vt 0.077641 0.986355
vt 1.492006 1.168909
vt 1.492295 1.172508
vt 1.492646 1.176162
vt 1.493062 1.179839
vt 1.493549 1.183503
vt 1.494103 1.187088
vt 1.494717 1.190522
vt 1.495382 1.193736
vt 1.496082 1.196670
vt 0.077391 0.987494
vt 1.495687 0.869851
vt 1.495367 0.896855
vt 1.494439 0.869866
vt 1.494737 0.923826
vt 1.494107 0.950796
vt 1.495550 0.951173
vt 1.494920 0.978143
vt 0.014721 0.431058
vt 0.014721 0.356768
vt 0.017571 0.431091
vt 0.017571 0.505381
vt 0.017571 0.579671
vt 0.017571 0.653961
vt 0.014721 0.579638
vt 0.014721 0.653928
vt 1.493660 1.032084
vt 1.493030 1.059055
vt 1.492218 1.031708
vt 1.491588 1.058678
vt 1.496891 0.870070
vt 1.496809 0.897232
vt 1.496180 0.924202
vt 0.014721 0.282478
vt 0.014721 0.208188
vt 0.017571 0.282511
vt 0.017571 0.356801
vt 0.018219 0.133935
vt 0.020934 0.133942
vt 0.013826 0.133880
vt 0.015769 0.133913
vt 0.017571 0.208221
vt 0.017571 0.802541
vt 0.017571 0.728251
vt 0.014721 0.802508
vt 0.014721 0.728218
vt 1.492400 1.086025
vt 1.491770 1.112996
vt 1.490957 1.085649
vt 1.490328 1.112619
vt 1.493477 0.977767
vt 1.492847 1.004737
vt 1.494290 1.005114
vt 0.014721 0.505348
vt 1.484363 0.460025
vt 1.483330 0.458813
vt 1.484182 0.454055
vt 1.483094 0.451684
vt 1.483951 0.448205
vt 1.482786 0.444739
vt 1.483668 0.442489
vt 1.482402 0.438002
vt 1.483332 0.436923
vt 1.647959 0.601010
vt 1.649060 0.600029
vt 1.648448 0.606527
vt 1.647454 0.606441
vt 1.647010 0.612094
vt 1.647924 0.613343
vt 1.647700 0.616877
vt 1.648704 0.613452
vt 1.648480 0.616976
vt 1.649441 0.613634
vt 1.649217 0.617144
vt 1.650105 0.613882
vt 1.649884 0.617373
vt 0.091852 0.046866
vt 0.100058 0.043780
vt 0.100531 0.045132
vt 0.092377 0.048199
vt 0.100861 0.046073
vt 0.092743 0.049126
vt 0.101418 0.047654
vt 0.093361 0.050684
vt 0.091528 0.053306
vt 0.085429 0.054042
vt 0.078604 0.059213
vt 0.077646 0.057749
vt 0.070041 0.061829
vt 0.069214 0.060371
vt 0.059358 0.066487
vt 0.058804 0.065658
vt 0.049380 0.072631
vt 0.048487 0.071515
vt 0.039607 0.079491
vt 1.649257 0.638701
vt 1.649321 0.644079
vt 1.648651 0.644058
vt 1.648725 0.646816
vt 1.647985 0.646833
vt 1.648091 0.649637
vt 1.647310 0.649676
vt 1.647450 0.652511
vt 1.646374 0.651089
vt 1.646578 0.654649
vt 1.647627 0.655340
vt 1.646843 0.658186
vt 1.647841 0.658115
vt 1.648100 0.660914
vt 1.648618 0.658018
vt 1.648875 0.660793
vt 1.649351 0.657886
vt 1.649605 0.660627
vt 1.650011 0.657723
vt 1.650261 0.660420
vt 0.019539 0.109667
vt 0.021971 0.103931
vt 0.023249 0.104555
vt 0.020865 0.110181
vt 0.024143 0.104988
vt 0.021791 0.110536
vt 0.025649 0.105712
vt 0.023352 0.111130
vt 0.027217 0.106460
vt 0.024511 0.113028
vt 1.482549 0.458888
vt 1.481811 0.459026
vt 1.481143 0.459223
vt 1.481576 0.451930
vt 1.480909 0.452150
vt 1.481269 0.445016
vt 1.480604 0.445261
vt 1.480886 0.438311
vt 1.480223 0.438582
vt 1.650570 0.600396
vt 1.651230 0.600704
vt 1.649961 0.606858
vt 1.650624 0.607138
vt 0.185398 0.027893
vt 0.185466 0.029325
vt 0.168073 0.029157
vt 0.168211 0.030584
vt 0.150822 0.031316
vt 0.151034 0.032733
vt 0.133686 0.034414
vt 0.133978 0.035817
vt 0.116737 0.038533
vt 0.117114 0.039915
vt 0.185513 0.030322
vt 0.168308 0.031576
vt 0.151182 0.033719
vt 0.134182 0.036794
vt 0.117378 0.040877
vt 0.185593 0.031996
vt 0.188543 0.033608
vt 0.174355 0.034463
vt 0.168471 0.033245
vt 0.160218 0.035916
vt 0.151433 0.035377
vt 0.146158 0.037990
vt 0.134526 0.038435
vt 0.132206 0.040714
vt 0.117823 0.042493
vt 0.118412 0.044134
vt 0.104832 0.048310
vt 0.066191 0.066136
vt 0.060291 0.067878
vt 0.050003 0.073408
vt 0.040607 0.080510
vt 0.035479 0.083858
vt 1.649393 0.646806
vt 1.648829 0.649595
vt 1.648230 0.652452
vt 0.060241 0.070017
vt 0.054500 0.074202
vt 0.051054 0.074712
vt 0.049004 0.078706
vt 0.042484 0.082408
vt 0.043804 0.083547
vt 0.038519 0.086602
vt 0.038955 0.088739
vt 0.034808 0.091037
vt 0.034521 0.094294
vt 0.031393 0.095714
vt 0.030581 0.100204
vt 0.028316 0.100627
vt 0.021548 0.116665
vt 0.022530 0.119847
vt 0.020242 0.122342
vt 0.021333 0.126849
vt 0.019459 0.128118
vt 0.016812 0.127863
vt 0.017797 0.127960
vt 0.015403 0.127719
vt 1.651230 0.667868
vt 1.650917 0.670491
vt 1.650591 0.668203
vt 1.649874 0.668468
vt 1.650225 0.665797
vt 1.649504 0.666030
vt 1.649896 0.663262
vt 1.649170 0.663463
vt 1.649758 0.670900
vt 1.649108 0.668653
vt 1.648734 0.666194
vt 1.648398 0.663607
vt 1.648522 0.671072
vt 1.648016 0.668152
vt 1.647563 0.664994
vt 1.647171 0.661653
vt 1.646225 0.647536
vt 1.647204 0.646854
vt 1.647911 0.644051
vt 1.648587 0.638626
vt 1.649288 0.633453
vt 0.058013 0.064467
vt 0.068724 0.059504
vt 0.076894 0.056251
vt 1.646127 0.644018
vt 1.647129 0.644058
vt 1.647846 0.638575
vt 1.648618 0.633331
vt 1.649398 0.628350
vt 0.068023 0.058256
vt 0.076448 0.055360
vt 0.084746 0.052511
vt 1.646075 0.640548
vt 1.647064 0.638553
vt 1.647877 0.633247
vt 1.648729 0.628190
vt 1.649527 0.624606
vt 0.075810 0.054079
vt 0.084341 0.051600
vt 1.646063 0.637133
vt 1.647095 0.633202
vt 1.647989 0.628074
vt 1.648859 0.624420
vt 1.649690 0.620948
vt 0.083762 0.050291
vt 1.646087 0.633781
vt 1.646143 0.630493
vt 1.647207 0.628009
vt 1.646342 0.624109
vt 1.647338 0.624207
vt 1.647503 0.620498
vt 1.648284 0.620587
vt 1.646635 0.617979
vt 1.482313 0.451772
vt 1.482006 0.444839
vt 1.481622 0.438115
vt 1.649838 0.600168
vt 1.649227 0.606652
vt 1.649022 0.620739
vt 1.648119 0.624285
vt 0.041305 0.081219
vt 0.036535 0.084817
vt 0.031602 0.088491
vt 1.649497 0.649550
vt 1.648967 0.652381
vt 1.648406 0.655262
vt 0.037274 0.085483
vt 0.032717 0.089381
vt 0.028023 0.093392
vt 1.649633 0.652299
vt 1.649141 0.655160
vt 0.033495 0.090000
vt 0.029194 0.094205
vt 0.024786 0.098561
vt 1.649804 0.655039
vt 0.030013 0.094769
vt 0.026870 0.099787
vt 0.026012 0.099285
vt 0.019941 0.116210
vt 0.018601 0.122034
vt 0.018988 0.115937
vt 0.017628 0.121848
vt 0.017624 0.115541
vt 0.016236 0.121577
vt 1.650547 0.663012
vt 1.650871 0.665504
vt 1.417226 0.750429
vt 1.417725 0.747182
vt 1.418148 0.743600
vt 1.418327 0.741681
vt 1.418484 0.739679
vt 1.418615 0.737621
vt 1.418719 0.735520
vt 1.418797 0.733378
vt 1.418849 0.731197
vt 1.418876 0.728982
vt 1.418876 0.726745
vt 1.418805 0.722293
vt 1.418647 0.717895
vt 1.418411 0.713583
vt 1.418110 0.709386
vt 1.417752 0.705323
vt 1.417348 0.701415
vt 1.416904 0.697654
vt 1.416424 0.694022
vt 1.415914 0.690527
vt 1.415380 0.687178
vt 1.374609 0.441603
vt 1.374182 0.439273
vt 1.373722 0.437223
vt 1.490594 0.808505
vt 1.491156 0.806500
vt 1.491698 0.804215
vt 1.492214 0.801697
vt 1.492697 0.798989
vt 1.493149 0.796116
vt 1.493569 0.793104
vt 1.493959 0.789978
vt 1.494319 0.786761
vt 1.494650 0.783471
vt 1.494952 0.780130
vt 1.495228 0.776756
vt 1.495477 0.773369
vt 1.495906 0.766536
vt 1.496253 0.759631
vt 1.496522 0.752720
vt 1.496720 0.745874
vt 1.496852 0.739127
vt 1.496925 0.732422
vt 1.496941 0.725778
vt 1.496903 0.719226
vt 1.496813 0.712794
vt 1.492358 0.466518
vt 0.302785 0.670417
vt 0.302142 0.686173
vt 0.302785 0.701928
vt 0.304711 0.717579
vt 0.307906 0.733022
vt 0.312349 0.748152
vt 0.318011 0.762870
vt 0.324854 0.777077
vt 0.332832 0.790680
vt 0.341893 0.803587
vt 0.351976 0.815712
vt 0.363013 0.826976
vt 0.374932 0.837303
vt 0.387654 0.846623
vt 0.401093 0.854877
vt 0.415160 0.862007
vt 0.429761 0.867967
vt 0.444800 0.872718
vt 0.460176 0.876227
vt 0.475786 0.878471
vt 0.491528 0.879436
vt 0.507296 0.879114
vt 0.522986 0.877509
vt 0.538492 0.874630
vt 0.553712 0.870497
vt 0.568544 0.865137
vt 0.582890 0.858587
vt 0.596655 0.850889
vt 0.609746 0.842095
vt 0.622076 0.832263
vt 0.633564 0.821459
vt 0.644133 0.809755
vt 0.653713 0.797228
vt 0.662239 0.783963
vt 0.669656 0.770046
vt 0.675914 0.755572
vt 0.680971 0.740635
vt 0.684793 0.725336
vt 0.687356 0.709777
vt 0.688641 0.694060
vt 0.688641 0.678291
vt 0.687356 0.662575
vt 0.684793 0.647015
vt 0.680971 0.631716
vt 0.675914 0.616780
vt 0.669656 0.602305
vt 0.662239 0.588389
vt 0.653713 0.575123
vt 0.644133 0.562596
vt 0.658025 0.202364
vt 0.633564 0.550892
vt 0.652258 0.207289
vt 0.622076 0.540088
vt 0.645791 0.211251
vt 0.609746 0.530256
vt 0.638784 0.214153
vt 0.596655 0.521461
vt 0.631410 0.215923
vt 0.582890 0.513763
vt 0.568544 0.507212
vt 0.623849 0.216518
vt 0.553712 0.501853
vt 0.538492 0.497719
vt 0.522986 0.494840
vt 0.507296 0.493235
vt 0.491528 0.492913
vt 0.367095 0.216516
vt 0.475786 0.493877
vt 0.460176 0.496121
vt 0.444800 0.499630
vt 0.429761 0.504380
vt 0.415160 0.510340
vt 0.359534 0.215921
vt 0.401093 0.517470
vt 0.352159 0.214150
vt 0.387654 0.525723
vt 0.345152 0.211248
vt 0.374932 0.535044
vt 0.338686 0.207286
vt 0.363013 0.545370
vt 0.351976 0.556634
vt 0.332919 0.202361
vt 0.341893 0.568759
vt 0.332832 0.581666
vt 0.324854 0.595268
vt 0.318011 0.609476
vt 0.312349 0.624193
vt 0.307906 0.639324
vt 0.304711 0.654766
vt 0.319357 0.118099
vt 0.318762 0.125659
vt 0.318762 0.168190
vt 0.319357 0.175750
vt 0.321128 0.183123
vt 0.324030 0.190129
vt 0.327993 0.196595
vt 0.662951 0.196598
vt 0.666914 0.190132
vt 0.669816 0.183126
vt 0.671586 0.175753
vt 0.672181 0.168193
vt 0.672181 0.125662
vt 0.671586 0.118102
vt 0.669816 0.110728
vt 0.666914 0.103722
vt 0.662951 0.097256
vt 0.658025 0.091490
vt 0.652258 0.086565
vt 0.645791 0.082603
vt 0.638784 0.079701
vt 0.631410 0.077931
vt 0.623849 0.077336
vt 0.367095 0.077334
vt 0.359534 0.077928
vt 0.352159 0.079699
vt 0.345152 0.082601
vt 0.338686 0.086563
vt 0.332919 0.091487
vt 0.327993 0.097254
vt 0.324030 0.103719
vt 0.321128 0.110725
vt 1.568528 0.948279
vt 1.566384 0.948069
vt 1.567713 0.943479
vt 1.565640 0.943658
vt 1.564959 0.938908
vt 1.563641 0.944197
vt 1.562953 0.939399
vt 1.561850 0.945060
vt 1.561151 0.940188
vt 0.315130 0.671893
vt 0.314572 0.686084
vt 0.310931 0.686132
vt 0.311499 0.671655
vt 0.306691 0.686162
vt 0.307273 0.671353
vt 1.567185 0.952114
vt 1.569411 0.952637
vt 1.568039 0.955769
vt 1.565945 1.020626
vt 1.568639 1.017902
vt 1.567803 1.021867
vt 1.565228 1.024556
vt 1.567044 1.026299
vt 1.564577 1.028860
vt 1.566367 1.031166
vt 1.563998 1.033511
vt 1.565777 1.036432
vt 1.563494 1.038479
vt 1.565279 1.042058
vt 1.563067 1.043736
vt 1.564876 1.048003
vt 1.562721 1.049247
vt 1.564571 1.054221
vt 1.562457 1.054979
vt 1.564366 1.060668
vt 1.562277 1.060897
vt 1.564263 1.067295
vt 1.562183 1.066964
vt 1.562174 1.073144
vt 1.560138 1.073086
vt 1.560215 1.079401
vt 1.558367 1.079363
vt 1.558533 1.085814
vt 0.413346 0.847247
vt 0.426246 0.853193
vt 0.424852 0.856603
vt 0.438446 0.861618
vt 0.437135 0.865679
vt 0.451402 0.869702
vt 0.465940 0.872593
vt 0.480661 0.874335
vt 0.495472 0.874918
vt 0.510284 0.874336
vt 0.525004 0.872594
vt 0.539542 0.869703
vt 0.553809 0.865680
vt 0.567716 0.860550
vt 0.581177 0.854345
vt 0.594110 0.847104
vt 0.606435 0.838870
vt 0.591896 0.843460
vt 0.603944 0.835411
vt 0.589996 0.840308
vt 0.601806 0.832418
vt 1.650537 0.509608
vt 1.650201 0.515814
vt 1.648357 0.515412
vt 1.648688 0.509302
vt 1.646326 0.515157
vt 1.646654 0.509107
vt 1.644385 0.512688
vt 1.644702 0.506018
vt 1.564263 1.074054
vt 1.562251 1.079397
vt 1.560379 1.085752
vt 1.558786 1.092260
vt 0.439572 0.858109
vt 0.452392 0.865551
vt 1.564366 1.080894
vt 1.562413 1.085685
vt 1.560628 1.092099
vt 1.559124 1.098664
vt 0.453243 0.861964
vt 0.466604 0.868377
vt 1.564571 1.087765
vt 1.562660 1.091969
vt 1.560961 1.098403
vt 1.559545 1.104984
vt 0.467175 0.864735
vt 0.480994 0.870080
vt 1.564876 1.094615
vt 1.562989 1.098212
vt 1.561376 1.104626
vt 1.560047 1.111183
vt 0.481281 0.866404
vt 0.495473 0.870649
vt 1.565279 1.101395
vt 1.563400 1.104373
vt 1.561869 1.110729
vt 1.560625 1.117221
vt 0.495474 0.866962
vt 0.509952 0.870080
vt 1.565777 1.108053
vt 1.563889 1.110416
vt 1.562439 1.116675
vt 1.561277 1.123063
vt 0.509668 0.866404
vt 0.524342 0.868378
vt 1.566367 1.114542
vt 1.564453 1.116303
vt 1.563081 1.122426
vt 1.561999 1.128671
vt 0.523774 0.864735
vt 0.538554 0.865551
vt 1.567044 1.120811
vt 1.565088 1.121997
vt 1.563792 1.127947
vt 1.562786 1.134011
vt 0.537705 0.861964
vt 0.552500 0.861619
vt 1.567803 1.126817
vt 1.565792 1.127465
vt 1.564567 1.133205
vt 1.648022 0.538683
vt 1.646212 0.537928
vt 1.648686 0.533331
vt 0.551376 0.858109
vt 0.566094 0.856604
vt 1.568639 1.132512
vt 1.566559 1.132670
vt 1.644202 0.537451
vt 1.646865 0.532659
vt 1.649272 0.527713
vt 0.564703 0.853194
vt 0.579254 0.850539
vt 1.642138 0.537215
vt 1.644849 0.532234
vt 1.642840 0.531499
vt 1.645421 0.526756
vt 1.643451 0.525476
vt 1.645914 0.521052
vt 1.643968 0.519190
vt 1.646895 0.502939
vt 1.644914 0.499230
vt 1.647049 0.496692
vt 1.645020 0.492374
vt 1.647114 0.490403
vt 1.645020 0.485500
vt 1.647090 0.484112
vt 1.644914 0.478659
vt 1.646978 0.477858
vt 1.644702 0.471903
vt 1.646777 0.471679
vt 1.644385 0.465281
vt 1.646489 0.465612
vt 1.646116 0.459697
vt 1.648145 0.459400
vt 1.647685 0.453614
vt 1.649518 0.453047
vt 1.648969 0.447398
vt 0.671378 0.728312
vt 0.674150 0.714382
vt 0.677743 0.715000
vt 0.679447 0.700612
vt 0.683672 0.700975
vt 0.684253 0.686165
vt 0.683672 0.671356
vt 0.681929 0.656638
vt 0.679037 0.642102
vt 0.675014 0.627837
vt 0.669883 0.613933
vt 0.663677 0.600473
vt 0.656435 0.587542
vt 0.648199 0.575219
vt 0.639023 0.563579
vt 0.628961 0.552696
vt 0.618076 0.542636
vt 0.606435 0.533460
vt 0.594110 0.525226
vt 0.581177 0.517984
vt 0.591896 0.528810
vt 0.579253 0.521730
vt 0.589996 0.531865
vt 0.577602 0.524925
vt 1.571142 1.221150
vt 1.571497 1.227093
vt 1.569659 1.227522
vt 1.569309 1.221671
vt 1.567630 1.227781
vt 1.567283 1.221987
vt 1.565315 1.223797
vt 1.564872 1.217637
vt 1.643968 0.458842
vt 1.645661 0.453968
vt 1.647144 0.448052
vt 1.648341 0.442013
vt 0.675819 0.700279
vt 0.680015 0.686135
vt 1.643451 0.452634
vt 1.645125 0.448461
vt 1.646526 0.442750
vt 1.647637 0.436923
vt 0.676377 0.686087
vt 0.679447 0.671658
vt 1.642840 0.446703
vt 1.644512 0.443211
vt 1.645833 0.437739
vt 1.568489 1.306566
vt 1.566697 1.305767
vt 1.569192 1.301310
vt 0.675819 0.671896
vt 0.677743 0.657271
vt 1.642138 0.441092
vt 1.643827 0.438250
vt 1.564697 1.305254
vt 1.567390 1.300593
vt 1.569827 1.295776
vt 0.674150 0.657792
vt 0.674917 0.643061
vt 1.562223 1.307734
vt 1.563008 1.302299
vt 1.565383 1.300131
vt 1.568015 1.295144
vt 1.570390 1.289998
vt 0.671378 0.643863
vt 0.670983 0.629117
vt 1.563714 1.296523
vt 1.566002 1.294736
vt 1.568568 1.289456
vt 1.570876 1.284012
vt 0.667523 0.630194
vt 0.665968 0.615524
vt 1.564337 1.290448
vt 1.566550 1.289104
vt 1.569047 1.283562
vt 1.571283 1.277855
vt 0.662606 0.616869
vt 0.659901 0.602367
vt 1.564872 1.284118
vt 1.567024 1.283268
vt 1.569448 1.277500
vt 1.571608 1.271564
vt 0.656660 0.603971
vt 0.652821 0.589726
vt 1.565315 1.277582
vt 1.567421 1.277266
vt 1.569768 1.271306
vt 1.571850 1.265178
vt 0.649719 0.591580
vt 0.644771 0.577680
vt 1.565663 1.270887
vt 1.567738 1.271133
vt 1.570006 1.265019
vt 1.572007 1.258738
vt 0.641828 0.579771
vt 0.635800 0.566302
vt 1.567974 1.264908
vt 1.565914 1.264083
vt 1.568126 1.258629
vt 1.566065 1.257220
vt 1.568195 1.252335
vt 1.566115 1.250349
vt 1.568180 1.246065
vt 1.566065 1.243521
vt 1.568080 1.239857
vt 1.565914 1.236787
vt 1.567896 1.233750
vt 1.565663 1.230196
vt 1.566858 1.216403
vt 1.564337 1.211763
vt 1.566356 1.211065
vt 1.563714 1.206217
vt 1.565781 1.206005
vt 1.563008 1.201041
vt 1.565137 1.201255
vt 1.564427 1.196842
vt 1.566424 1.196276
vt 1.565514 0.825579
vt 1.567495 0.826209
vt 1.564684 0.829750
vt 1.562910 0.828819
vt 1.562125 0.833424
vt 0.495474 0.505210
vt 0.481281 0.505767
vt 0.480994 0.502187
vt 0.466604 0.503890
vt 0.465940 0.499734
vt 0.451402 0.502625
vt 0.437135 0.506648
vt 0.423229 0.511778
vt 0.409767 0.517983
vt 0.396834 0.525224
vt 0.384509 0.533458
vt 0.372868 0.542634
vt 0.361984 0.552694
vt 0.351922 0.563577
vt 0.342745 0.575216
vt 0.334510 0.587539
vt 0.327267 0.600470
vt 0.321061 0.613930
vt 0.315930 0.627834
vt 0.311907 0.642099
vt 0.309015 0.656635
vt 1.562223 1.196272
vt 1.569411 0.827135
vt 1.566674 0.830339
vt 1.563911 0.834285
vt 1.561402 0.838371
vt 0.467175 0.507437
vt 0.452392 0.506716
vt 1.568528 0.831737
vt 1.565908 0.834829
vt 1.563200 0.839155
vt 1.560746 0.843628
vt 0.453243 0.510207
vt 0.438446 0.510649
vt 1.567713 0.836761
vt 1.565204 0.839651
vt 1.562554 0.844331
vt 1.560161 0.849164
vt 0.439572 0.514062
vt 0.424852 0.515663
vt 1.566972 0.842170
vt 1.564564 0.844776
vt 1.561977 0.849781
vt 1.559649 0.854942
vt 0.426246 0.518978
vt 0.411692 0.521729
vt 1.566312 0.847923
vt 1.563993 0.850172
vt 1.561474 0.855470
vt 1.559216 0.860929
vt 0.413346 0.524924
vt 0.399050 0.528808
vt 1.565737 0.853979
vt 1.563495 0.855806
vt 1.561048 0.861365
vt 1.558863 0.867088
vt 0.400953 0.531863
vt 0.387002 0.536857
vt 1.565251 0.860291
vt 1.563073 0.861642
vt 1.560700 0.867428
vt 1.558592 0.873379
vt 0.389143 0.539753
vt 0.375622 0.545826
vt 1.564857 0.866815
vt 1.562728 0.867646
vt 1.560433 0.873623
vt 1.558405 0.879766
vt 0.377988 0.548546
vt 0.364982 0.555661
vt 1.564560 0.873501
vt 1.562464 0.873779
vt 1.560249 0.879910
vt 1.558303 0.886207
vt 0.367557 0.558186
vt 0.355146 0.566299
vt 1.564360 0.880299
vt 1.562282 0.880005
vt 1.560149 0.886252
vt 1.558287 0.892663
vt 0.357915 0.568615
vt 0.346175 0.577677
vt 1.562183 0.886284
vt 1.564260 0.887160
vt 1.562168 0.892578
vt 1.564260 0.894032
vt 1.562236 0.898849
vt 1.564360 0.900866
vt 1.562387 0.905057
vt 1.564560 0.907609
vt 1.562621 0.911164
vt 1.564857 0.914213
vt 1.562936 0.917133
vt 1.565250 0.920628
vt 1.563330 0.922927
vt 1.565737 0.926807
vt 1.563801 0.928510
vt 1.566312 0.932703
vt 1.564345 0.933848
vt 1.566972 0.938275
vt 0.480660 0.497992
vt 0.495473 0.501618
vt 0.509668 0.505768
vt 1.563752 0.824582
vt 1.568212 1.195357
vt 1.567141 1.200732
vt 0.495472 0.497410
vt 0.509952 0.502187
vt 0.523774 0.507437
vt 1.568940 1.199883
vt 1.567792 1.205530
vt 0.510284 0.497992
vt 0.524342 0.503890
vt 0.537705 0.510208
vt 1.569601 1.204756
vt 1.568372 1.210640
vt 0.525004 0.499735
vt 0.538554 0.506717
vt 0.551376 0.514063
vt 1.570190 1.209947
vt 1.568879 1.216032
vt 0.539542 0.502626
vt 0.552500 0.510650
vt 0.564703 0.518979
vt 1.570705 1.215423
vt 0.553809 0.506649
vt 0.566094 0.515664
vt 0.567716 0.511779
vt 0.681929 0.715693
vt 0.674917 0.729210
vt 0.667523 0.741981
vt 1.649986 0.458923
vt 1.648522 0.465374
vt 0.679037 0.730229
vt 0.670983 0.743154
vt 0.662606 0.755305
vt 1.650368 0.464992
vt 1.648813 0.471501
vt 0.675014 0.744493
vt 0.665968 0.756746
vt 0.656660 0.768203
vt 1.650663 0.471214
vt 1.649015 0.477742
vt 0.669883 0.758398
vt 0.659902 0.769903
vt 0.649719 0.780594
vt 1.650869 0.477553
vt 1.649129 0.484058
vt 0.663677 0.771858
vt 0.652821 0.782544
vt 0.641828 0.792403
vt 1.650985 0.483969
vt 1.649153 0.490412
vt 0.656435 0.784789
vt 0.644771 0.794590
vt 0.633034 0.803556
vt 1.651009 0.490422
vt 1.649087 0.496763
vt 0.648199 0.797112
vt 0.635800 0.805968
vt 0.623392 0.813985
vt 1.650942 0.496873
vt 1.648932 0.503073
vt 0.639023 0.808751
vt 0.625964 0.816607
vt 0.612961 0.823626
vt 1.650785 0.503281
vt 0.628961 0.819634
vt 0.615324 0.826441
vt 0.618076 0.829694
vt 0.423229 0.860549
vt 0.411692 0.850537
vt 0.400953 0.840307
vt 1.558288 1.072949
vt 1.560146 1.066845
vt 0.409767 0.854344
vt 0.399050 0.843458
vt 0.389143 0.832417
vt 1.558297 1.066610
vt 1.560242 1.060717
vt 0.396834 0.847102
vt 0.387002 0.835409
vt 0.377988 0.823624
vt 1.558394 1.060386
vt 1.560424 1.054740
vt 0.384509 0.838868
vt 0.375622 0.826439
vt 0.367557 0.813983
vt 1.558578 1.054316
vt 1.560690 1.048951
vt 0.372868 0.829692
vt 0.364982 0.816605
vt 0.357915 0.803554
vt 1.558849 1.048435
vt 1.561040 1.043385
vt 0.361984 0.819632
vt 0.355146 0.805966
vt 0.349121 0.792401
vt 1.559204 1.042782
vt 1.561471 1.038076
vt 0.351922 0.808748
vt 0.346175 0.794588
vt 0.341230 0.780592
vt 1.559642 1.037390
vt 1.561980 1.033058
vt 0.342745 0.797109
vt 0.338125 0.782542
vt 0.334289 0.768200
vt 1.560159 1.032294
vt 1.562565 1.028361
vt 0.334510 0.784786
vt 0.331044 0.769901
vt 0.328342 0.755303
vt 1.560753 1.027523
vt 1.563222 1.024015
vt 0.327267 0.771855
vt 0.324978 0.756743
vt 0.323426 0.741978
vt 1.561420 1.023108
vt 0.326084 0.741053
vt 0.322288 0.727594
vt 1.563946 1.020045
vt 1.566063 0.956429
vt 0.321061 0.758395
vt 0.319963 0.743151
vt 0.319570 0.728309
vt 0.319560 0.713880
vt 1.565201 0.952738
vt 0.315930 0.744491
vt 0.316029 0.729207
vt 0.316799 0.714380
vt 0.317916 0.699994
vt 1.564392 0.948652
vt 0.311907 0.730226
vt 0.313202 0.714997
vt 0.315130 0.700276
vt 1.562613 0.949585
vt 0.309015 0.715690
vt 0.311499 0.700609
vt 0.307273 0.700972
vt 1.647443 0.527127
vt 1.649779 0.521862
vt 0.577602 0.847248
vt 1.647941 0.521366
vt 1.570161 1.258678
vt 1.572077 1.252281
vt 0.633034 0.568618
vt 0.625964 0.555663
vt 1.570230 1.252321
vt 1.572061 1.245849
vt 0.623392 0.558188
vt 0.615324 0.545828
vt 1.570214 1.245989
vt 1.571959 1.239481
vt 0.612961 0.548548
vt 0.603944 0.536859
vt 1.570113 1.239719
vt 1.571770 1.233217
vt 0.601806 0.539755
vt 1.569928 1.233551
vt 1.560133 0.892609
vt 1.558357 0.899096
vt 0.349121 0.579768
vt 0.338125 0.589724
vt 1.560202 0.898942
vt 1.558513 0.905464
vt 0.341230 0.591577
vt 0.331044 0.602364
vt 1.560355 0.905212
vt 1.558753 0.911729
vt 0.334289 0.603969
vt 0.324978 0.615521
vt 1.560592 0.911380
vt 1.559076 0.917852
vt 0.328342 0.616866
vt 0.319963 0.629114
vt 1.560910 0.917409
vt 1.559480 0.923795
vt 0.323426 0.630191
vt 0.316029 0.643058
vt 1.561307 0.923260
vt 1.559963 0.929522
vt 0.319570 0.643860
vt 0.313202 0.657268
vt 1.561783 0.928899
vt 1.560521 0.934998
vt 0.316799 0.657789
vt 1.562332 0.934290
vt 1.572465 0.948295
vt 1.571650 0.943495
vt 1.570909 0.938291
vt 1.570249 0.932719
vt 1.569674 0.926823
vt 1.569187 0.920644
vt 1.568794 0.914229
vt 1.568497 0.907625
vt 1.568297 0.900882
vt 1.568197 0.894048
vt 1.568197 0.887176
vt 1.568297 0.880315
vt 1.568497 0.873517
vt 1.568794 0.866831
vt 1.569187 0.860308
vt 1.569674 0.853995
vt 1.570249 0.847939
vt 1.570909 0.842186
vt 1.571650 0.836777
vt 1.572465 0.831753
vt 1.573348 0.827151
vt 1.558287 1.196222
vt 1.559072 1.200990
vt 1.559778 1.206167
vt 1.560400 1.211712
vt 1.560936 1.217587
vt 1.561379 1.223746
vt 1.561727 1.230145
vt 1.561978 1.236737
vt 1.562129 1.243471
vt 1.562179 1.250299
vt 1.562129 1.257170
vt 1.561978 1.264033
vt 1.561727 1.270837
vt 1.561379 1.277532
vt 1.560936 1.284068
vt 1.560400 1.290397
vt 1.559778 1.296473
vt 1.559072 1.302249
vt 1.558287 1.307684
vt 1.638209 0.441082
vt 1.638910 0.446693
vt 1.639522 0.452624
vt 1.640038 0.458832
vt 1.640456 0.465271
vt 1.640772 0.471893
vt 1.640984 0.478650
vt 1.641091 0.485490
vt 1.641091 0.492364
vt 1.640984 0.499220
vt 1.640772 0.506008
vt 1.640456 0.512678
vt 1.640038 0.519180
vt 1.639522 0.525466
vt 1.638910 0.531489
vt 1.638209 0.537205
vt 1.572573 1.132385
vt 1.571737 1.126690
vt 1.570978 1.120685
vt 1.570301 1.114415
vt 1.569711 1.107926
vt 1.569213 1.101268
vt 1.568810 1.094488
vt 1.568505 1.087638
vt 1.568300 1.080767
vt 1.568197 1.073927
vt 1.568197 1.067168
vt 1.568300 1.060541
vt 1.568505 1.054094
vt 1.568810 1.047876
vt 1.569213 1.041932
vt 1.569711 1.036305
vt 1.570301 1.031039
vt 1.570978 1.026172
vt 1.571737 1.021740
vt 1.572573 1.017775
vt 1.573348 0.952653
vt 0.320960 0.168180
vt 0.320959 0.125648
vt 0.322568 0.168152
vt 0.322569 0.125621
vt 1.565478 0.761150
vt 1.561902 0.747354
vt 1.566473 0.760870
vt 1.562897 0.747074
vt 1.560185 0.461790
vt 1.559155 0.461841
vt 1.560167 0.458806
vt 1.559137 0.458818
vt 1.560236 0.455711
vt 1.559207 0.455681
vt 1.560391 0.452580
vt 1.559364 0.452509
vt 1.560628 0.449492
vt 1.559604 0.449379
vt 1.560941 0.446521
vt 1.559921 0.446368
vt 1.561322 0.443742
vt 1.560307 0.443552
vt 1.561761 0.441222
vt 1.560753 0.440998
vt 1.562249 0.439024
vt 1.561247 0.438770
vt 1.562773 0.437201
vt 1.561778 0.436923
vt 1.567065 0.762928
vt 1.566078 0.763236
vt 0.323117 0.175117
vt 0.321528 0.175396
vt 1.558306 0.462080
vt 1.558288 0.458947
vt 1.558360 0.455697
vt 1.558523 0.452411
vt 1.558772 0.449168
vt 1.559100 0.446049
vt 1.559500 0.443130
vt 0.331072 0.194321
vt 0.329771 0.195294
vt 0.327422 0.188364
vt 0.325988 0.189122
vt 0.324748 0.181910
vt 0.323218 0.182434
vt 0.367095 0.214309
vt 0.359878 0.213741
vt 0.352838 0.212051
vt 0.346150 0.209281
vt 0.339977 0.205499
vt 0.334472 0.200798
vt 1.561449 0.569844
vt 1.561067 0.551843
vt 1.562479 0.569792
vt 1.560685 0.533843
vt 1.560302 0.515843
vt 1.559453 0.516082
vt 1.559071 0.498081
vt 0.452680 0.214310
vt 0.495472 0.214310
vt 0.409887 0.214309
vt 1.558689 0.480081
vt 1.559537 0.479842
vt 1.560218 0.552082
vt 1.560601 0.570083
vt 0.581057 0.214311
vt 0.623849 0.214311
vt 0.538264 0.214310
vt 1.559836 0.534082
vt 1.559920 0.497842
vt 1.648031 0.838121
vt 1.649053 0.837962
vt 1.648327 0.840668
vt 1.649352 0.840543
vt 1.648544 0.843470
vt 1.649572 0.843383
vt 1.648676 0.846457
vt 1.649706 0.846410
vt 1.648720 0.849556
vt 1.649751 0.849550
vt 1.648676 0.852690
vt 1.649706 0.852726
vt 1.648544 0.855782
vt 1.649572 0.855859
vt 1.648327 0.858756
vt 1.649352 0.858873
vt 1.648031 0.861538
vt 1.649053 0.861693
vt 1.562773 0.575136
vt 1.561747 0.575259
vt 1.562584 0.572591
vt 1.561556 0.572680
vt 1.560711 0.573022
vt 0.631066 0.213743
vt 0.668377 0.168155
vt 0.669985 0.168183
vt 0.667829 0.175120
vt 0.669417 0.175399
vt 1.650189 0.840175
vt 1.650416 0.843117
vt 1.650555 0.846253
vt 1.650602 0.849507
vt 1.650555 0.852797
vt 1.650416 0.856044
vt 1.650189 0.859167
vt 1.649879 0.862089
vt 0.637609 0.210497
vt 0.638106 0.212053
vt 0.630815 0.212127
vt 0.667727 0.182437
vt 0.664956 0.189125
vt 0.661174 0.195296
vt 0.656472 0.200801
vt 0.650967 0.205501
vt 0.644794 0.209284
vt 1.648045 0.776299
vt 1.649562 0.760929
vt 1.649070 0.776429
vt 1.650586 0.761059
vt 0.668377 0.125624
vt 0.669985 0.125651
vt 1.648045 0.732949
vt 1.649049 0.732705
vt 1.648508 0.735038
vt 1.649518 0.734822
vt 1.648921 0.737466
vt 1.649937 0.737283
vt 1.649274 0.740174
vt 1.650295 0.740027
vt 1.649558 0.743095
vt 1.650583 0.742987
vt 1.649766 0.746158
vt 1.650794 0.746090
vt 1.649894 0.749285
vt 1.650923 0.749260
vt 1.649937 0.752402
vt 1.650967 0.752418
vt 1.649895 0.755430
vt 1.650924 0.755487
vt 1.649769 0.758296
vt 1.650796 0.758391
vt 0.667829 0.118659
vt 0.669417 0.118435
vt 0.623850 0.081103
vt 0.623849 0.079522
vt 0.630815 0.081651
vt 0.631066 0.080090
vt 0.637609 0.083282
vt 0.638106 0.081780
vt 1.650747 0.736844
vt 1.651117 0.739687
vt 1.651416 0.742754
vt 1.651634 0.745969
vt 1.651768 0.749254
vt 1.651814 0.752526
vt 1.651769 0.755706
vt 1.651637 0.758715
vt 0.644794 0.084550
vt 0.650967 0.088332
vt 0.656472 0.093033
vt 0.661174 0.098538
vt 0.664956 0.104709
vt 0.667727 0.111397
vt 1.559323 0.718857
vt 1.560441 0.705350
vt 1.560352 0.718955
vt 1.561560 0.691842
vt 1.562679 0.678334
vt 0.495473 0.081102
vt 0.452681 0.081101
vt 0.495472 0.079521
vt 0.538264 0.079521
vt 0.581057 0.079522
vt 0.581058 0.081102
vt 1.564917 0.651319
vt 1.566036 0.637811
vt 1.567065 0.637908
vt 0.409888 0.081101
vt 0.367096 0.081100
vt 0.409887 0.079520
vt 0.367095 0.079520
vt 0.452680 0.079521
vt 1.563798 0.664826
vt 0.538265 0.081102
vt 1.562333 0.744674
vt 1.561331 0.744922
vt 1.561812 0.741992
vt 1.560802 0.742203
vt 1.561345 0.739093
vt 1.560329 0.739266
vt 1.560945 0.736049
vt 1.559924 0.736181
vt 1.560622 0.732936
vt 1.559596 0.733026
vt 1.560382 0.729828
vt 1.559353 0.729877
vt 1.560233 0.726804
vt 1.559202 0.726812
vt 1.560178 0.723938
vt 1.559146 0.723907
vt 1.560218 0.721300
vt 1.559187 0.721234
vt 0.360130 0.081649
vt 0.359878 0.080088
vt 0.323117 0.118656
vt 0.321527 0.118432
vt 1.560551 0.745410
vt 1.560003 0.742594
vt 1.559513 0.739550
vt 1.559093 0.736354
vt 1.558753 0.733084
vt 1.558502 0.729822
vt 1.558345 0.726647
vt 1.558287 0.723637
vt 1.558329 0.720867
vt 0.323218 0.111394
vt 0.325988 0.104707
vt 0.329771 0.098535
vt 0.334472 0.093031
vt 0.339977 0.088330
vt 0.346150 0.084548
vt 0.352838 0.081778
vt 1.638209 0.837989
vt 1.638505 0.840537
vt 1.638721 0.843339
vt 1.638853 0.846326
vt 1.638898 0.849424
vt 1.638853 0.852558
vt 1.638721 0.855650
vt 1.638505 0.858624
vt 1.638209 0.861407
vt 1.572601 0.575625
vt 1.572412 0.573080
vt 1.572307 0.570281
vt 1.570013 0.462279
vt 1.569995 0.459295
vt 1.570064 0.456200
vt 1.570219 0.453070
vt 1.570456 0.449981
vt 1.570768 0.447011
vt 1.571149 0.444231
vt 1.571589 0.441711
vt 1.572077 0.439513
vt 1.572601 0.437690
vt 1.576863 0.761992
vt 1.576271 0.759933
vt 1.572695 0.746138
vt 1.638209 0.733266
vt 1.638672 0.735355
vt 1.639085 0.737783
vt 1.639438 0.740491
vt 1.639722 0.743412
vt 1.639930 0.746474
vt 1.640058 0.749602
vt 1.640101 0.752718
vt 1.640059 0.755747
vt 1.639933 0.758612
vt 1.639726 0.761245
vt 1.570150 0.718018
vt 1.576863 0.636972
vt 1.572131 0.743738
vt 1.571609 0.741055
vt 1.571143 0.738157
vt 1.570743 0.735113
vt 1.570419 0.731999
vt 1.570180 0.728892
vt 1.570031 0.725868
vt 1.569975 0.723001
vt 1.570015 0.720363
vt 1.638209 0.776615
vt 1.492181 0.458859
vt 1.491932 0.451501
vt 1.491613 0.444488
vt 1.491228 0.437863
vt 1.640156 0.600792
vt 1.639575 0.607026
vt 1.639090 0.613326
vt 1.638707 0.619647
vt 1.638555 0.622792
vt 1.638431 0.625917
vt 1.638333 0.629019
vt 1.638264 0.632094
vt 1.638222 0.635136
vt 1.638209 0.638141
vt 1.638224 0.641104
vt 1.638268 0.644031
vt 1.638343 0.646959
vt 1.638451 0.649885
vt 1.638594 0.652797
vt 1.638775 0.655684
vt 1.638994 0.658536
vt 1.639253 0.661322
vt 1.639552 0.664017
vt 1.639889 0.666607
vt 1.640262 0.669057
vt 1.640669 0.671359
vt 1.486611 0.870708
vt 1.480312 1.140413
vt 1.480247 1.144076
vt 1.480223 1.147865
vt 1.480244 1.151769
vt 1.480316 1.155775
vt 1.480443 1.159898
vt 1.480634 1.164141
vt 1.480894 1.168478
vt 1.481231 1.172880
vt 1.481650 1.177308
vt 1.482156 1.181725
vt 1.482444 1.183917
vt 1.482755 1.186086
vt 1.483086 1.188201
vt 1.483436 1.190257
vt 1.483804 1.192251
vt 1.484190 1.194180
vt 1.484594 1.196041
vt 1.485009 1.197806
vt 1.485865 1.201040
vt 1.486749 1.203887
vt 1.373747 1.001102
vt 1.268894 1.221177
vt 1.242298 1.365072
vt 1.265770 1.221423
vt 1.235991 1.362339
vt 1.229471 1.360159
vt 1.248348 1.368337
vt 1.271942 1.220446
vt 1.254094 1.372110
vt 1.274837 1.219246
vt 1.259495 1.376363
vt 1.277510 1.217609
vt 1.264511 1.381065
vt 1.269103 1.386180
vt 1.279893 1.215573
vt 1.427121 1.185881
vt 1.281929 1.213190
vt 1.283566 1.210518
vt 1.284766 1.207622
vt 1.285497 1.204574
vt 1.372785 1.139459
vt 1.285743 1.201450
vt 1.365042 1.138018
vt 1.357043 1.136980
vt 1.348837 1.136353
vt 1.340475 1.136142
vt 1.285743 1.182113
vt 1.285497 1.178989
vt 1.284766 1.175941
vt 1.283566 1.173046
vt 1.281929 1.170373
vt 1.279893 1.167990
vt 1.277510 1.165954
vt 1.274837 1.164317
vt 1.271942 1.163117
vt 1.268894 1.162386
vt 1.265770 1.162140
vt 1.149055 1.162140
vt 1.074350 1.136142
vt 1.145931 1.162386
vt 1.142883 1.163117
vt 1.139988 1.164317
vt 1.137315 1.165954
vt 1.134932 1.167990
vt 1.132897 1.170373
vt 1.131259 1.173046
vt 1.130060 1.175941
vt 1.129328 1.178989
vt 1.129082 1.182113
vt 1.129082 1.201450
vt 1.129328 1.204574
vt 1.046856 1.138510
vt 1.053675 1.137458
vt 1.060555 1.136720
vt 1.130060 1.207622
vt 0.987704 1.185881
vt 1.040124 1.139887
vt 1.131259 1.210518
vt 1.132897 1.213190
vt 1.134932 1.215573
vt 1.137315 1.217609
vt 1.147963 1.383573
vt 1.143595 1.388881
vt 1.139699 1.394545
vt 1.136305 1.400523
vt 1.152772 1.378660
vt 1.139988 1.219246
vt 1.157984 1.374179
vt 1.142883 1.220446
vt 1.163563 1.370162
vt 1.169467 1.366640
vt 1.145931 1.221177
vt 1.175651 1.363638
vt 1.149055 1.221423
vt 1.182071 1.361179
vt 1.188678 1.359281
vt 1.195424 1.357958
vt 1.202259 1.357220
vt 1.209132 1.357072
vt 1.215992 1.357515
vt 1.222788 1.358547
vt 1.287011 1.443815
vt 1.287307 1.436947
vt 1.427121 1.523635
vt 1.287011 1.430079
vt 1.286126 1.423262
vt 1.284658 1.416546
vt 1.282618 1.409981
vt 1.280022 1.403616
vt 1.276888 1.397498
vt 1.273239 1.391671
vt 1.133437 1.406771
vt 1.131117 1.413242
vt 0.987704 1.523635
vt 1.129361 1.419888
vt 1.128184 1.426661
vt 1.127593 1.433510
vt 1.127593 1.440384
vt 1.128184 1.447233
vt 1.129361 1.454006
vt 1.131117 1.460653
vt 1.133437 1.467124
vt 1.136305 1.473371
vt 1.024846 1.575558
vt 0.987800 1.528151
vt 0.988102 1.532673
vt 0.988630 1.537170
vt 0.989404 1.541611
vt 0.990454 1.545995
vt 0.991813 1.550300
vt 0.993510 1.554471
vt 0.995571 1.558455
vt 0.998024 1.562187
vt 1.000891 1.565603
vt 1.002488 1.567172
vt 1.004179 1.568623
vt 1.005956 1.569944
vt 1.007817 1.571133
vt 1.009761 1.572187
vt 1.011788 1.573103
vt 1.013887 1.573875
vt 1.016024 1.574496
vt 1.020390 1.575300
vt 1.139699 1.479349
vt 1.143595 1.485013
vt 1.147963 1.490322
vt 1.152772 1.495234
vt 1.157984 1.499716
vt 1.163563 1.503733
vt 1.169467 1.507255
vt 1.175651 1.510257
vt 1.182071 1.512716
vt 1.188678 1.514614
vt 1.195424 1.515937
vt 1.202259 1.516675
vt 1.209132 1.516823
vt 1.389979 1.575558
vt 1.215992 1.516379
vt 1.222788 1.515348
vt 1.229471 1.513736
vt 1.235991 1.511555
vt 1.242298 1.508822
vt 1.248348 1.505557
vt 1.254094 1.501784
vt 1.259495 1.497531
vt 1.264511 1.492830
vt 1.269103 1.487714
vt 1.273239 1.482223
vt 1.276888 1.476397
vt 1.280022 1.470279
vt 1.282618 1.463913
vt 1.284658 1.457348
vt 1.286126 1.450633
vt 1.380224 1.141297
vt 1.387309 1.143524
vt 1.393985 1.146131
vt 1.397141 1.147568
vt 1.400168 1.149091
vt 1.403061 1.150699
vt 1.405815 1.152390
vt 1.408426 1.154160
vt 1.410888 1.156010
vt 1.413197 1.157937
vt 1.415353 1.159945
vt 1.417382 1.162065
vt 1.419269 1.164304
vt 1.420997 1.166661
vt 1.422549 1.169136
vt 1.423907 1.171731
vt 1.425046 1.174427
vt 1.425947 1.177207
vt 1.426600 1.180063
vt 1.426991 1.182958
vt 1.427025 1.528151
vt 1.426723 1.532673
vt 1.426195 1.537170
vt 1.425421 1.541612
vt 1.424371 1.545996
vt 1.423012 1.550301
vt 1.421315 1.554473
vt 1.419254 1.558455
vt 1.416804 1.562183
vt 1.413945 1.565592
vt 1.412354 1.567157
vt 1.410658 1.568613
vt 1.408876 1.569940
vt 1.407012 1.571131
vt 1.405068 1.572185
vt 1.403045 1.573100
vt 1.400947 1.573873
vt 1.398806 1.574495
vt 1.394436 1.575300
vt 0.987877 1.182513
vt 0.988393 1.179206
vt 0.989246 1.175968
vt 0.990432 1.172805
vt 0.991922 1.169767
vt 0.993678 1.166883
vt 0.995675 1.164154
vt 0.997886 1.161580
vt 1.000283 1.159162
vt 1.002842 1.156898
vt 1.005539 1.154785
vt 1.008352 1.152819
vt 1.011259 1.150997
vt 1.014237 1.149315
vt 1.020405 1.146320
vt 1.026832 1.143765
vt 1.033432 1.141629
vt 1.067459 1.136285
s 0
usemtl Steel_-_Satin.002
f 2549/3082/3885 2560/3083/3886 2548/3084/3887
f 2548/3084/3887 2560/3083/3886 2561/3085/3886
f 2548/3084/3887 2561/3085/3886 2562/3086/3886
f 2562/3086/3888 2561/3085/3888 2569/3087/3889
f 2562/3086/3888 2569/3087/3890 2570/3088/3890
f 2570/3089/3891 2569/3090/3891 2577/3091/3892
f 2570/3089/3891 2577/3091/3892 2578/3092/3892
f 2578/3092/3893 2577/3091/3893 2554/3093/3894
f 2578/3092/3893 2554/3093/3894 2579/3094/3893
f 2579/3094/3893 2554/3093/3894 2580/3095/3893
f 2579/3094/3892 2580/3095/3892 2572/3096/3891
f 2572/3096/3891 2580/3095/3892 2573/3097/3891
f 2572/3098/3890 2573/3099/3890 2565/3100/3888
f 2565/3100/3888 2573/3099/3890 2566/3101/3888
f 2565/3100/3886 2566/3101/3886 2558/3102/3895
f 2558/3102/3895 2566/3101/3886 2557/3103/3896
f 2557/3103/3896 2566/3101/3888 2573/3099/3890
f 2557/3104/3897 2573/3097/3891 2556/3105/3898
f 2556/3105/3899 2573/3097/3891 2580/3095/3892
f 2556/3105/3900 2580/3095/3892 2555/3106/3901
f 2555/3106/3902 2580/3095/3893 2554/3093/3894
f 2549/3082/3895 2550/3107/3896 2560/3083/3886
f 2560/3083/3888 2550/3107/3896 2567/3108/3890
f 2560/3083/3903 2567/3108/3890 2568/3109/3890
f 2568/3110/3891 2567/3111/3891 2575/3112/3892
f 2568/3110/3891 2575/3112/3892 2576/3113/3892
f 2576/3113/3893 2575/3112/3893 2554/3093/3894
f 2576/3113/3893 2554/3093/3894 2577/3091/3893
f 2550/3114/3897 2551/3115/3898 2567/3111/3891
f 2567/3111/3891 2551/3115/3899 2574/3116/3892
f 2567/3111/3891 2574/3116/3892 2575/3112/3892
f 2575/3112/3893 2574/3116/3893 2552/3117/3901
f 2575/3112/3893 2552/3117/3901 2554/3093/3904
f 2554/3093/3904 2552/3117/3902 2553/3118/3904
f 2551/3115/3900 2552/3117/3901 2574/3116/3892
f 2559/3119/3887 2548/3084/3887 2558/3102/3885
f 2558/3102/3885 2548/3084/3887 2565/3100/3886
f 2569/3087/3890 2561/3085/3888 2568/3109/3890
f 2568/3109/3890 2561/3085/3888 2560/3083/3888
f 2562/3086/3886 2563/3120/3886 2548/3084/3887
f 2548/3084/3887 2563/3120/3886 2564/3121/3886
f 2548/3084/3887 2564/3121/3886 2565/3100/3886
f 2565/3100/3888 2564/3121/3888 2572/3098/3890
f 2562/3086/3888 2570/3088/3890 2563/3120/3888
f 2563/3120/3888 2570/3088/3890 2571/3122/3890
f 2563/3120/3888 2571/3122/3890 2564/3121/3888
f 2564/3121/3888 2571/3122/3890 2572/3098/3890
f 2577/3091/3892 2569/3090/3891 2576/3113/3892
f 2576/3113/3892 2569/3090/3891 2568/3110/3891
f 2579/3094/3892 2572/3096/3891 2571/3123/3891
f 2579/3094/3892 2571/3123/3891 2578/3092/3892
f 2578/3092/3892 2571/3123/3891 2570/3089/3891
f 2628/3124/3905 2581/3125/3906 2637/3126/3907
f 2637/3126/3907 2581/3125/3906 2582/3127/3908
f 2637/3126/3909 2582/3127/3910 2636/3128/3911
f 2636/3128/3912 2582/3127/3910 2583/3129/3913
f 2636/3128/3912 2583/3129/3913 2635/3130/3914
f 2635/3131/3915 2583/3132/3916 2634/3133/3917
f 2635/3131/3918 2634/3133/3919 2642/3134/3920
f 2642/3134/3921 2634/3133/3919 2641/3135/3922
f 2642/3134/3923 2641/3135/3924 2649/3136/3925
f 2649/3136/3925 2641/3135/3924 2648/3137/3926
f 2649/3136/3925 2648/3137/3927 2656/3138/3928
f 2656/3138/3929 2648/3137/3927 2655/3139/3930
f 2656/3138/3931 2655/3139/3930 2663/3140/3932
f 2663/3140/3932 2655/3139/3930 2662/3141/3933
f 2663/3140/3932 2662/3141/3934 2670/3142/3935
f 2670/3142/3935 2662/3141/3936 2669/3143/3937
f 2670/3144/3935 2669/3145/3937 2681/3146/3938
f 2681/3146/3938 2669/3145/3937 2682/3147/3939
f 2681/3146/3938 2682/3147/3940 2677/3148/3941
f 2677/3148/3941 2682/3147/3939 2676/3149/3942
f 2677/3148/3943 2676/3149/3944 2689/3150/3945
f 2689/3150/3945 2676/3149/3942 2688/3151/3946
f 2689/3150/3947 2688/3151/3948 2696/3152/3949
f 2696/3152/3949 2688/3151/3948 2695/3153/3950
f 2696/3152/3949 2695/3153/3950 2703/3154/3951
f 2703/3154/3951 2695/3153/3950 2702/3155/3952
f 2703/3154/3951 2702/3155/3953 2710/3156/3954
f 2710/3156/3954 2702/3155/3953 2709/3157/3955
f 2710/3156/3954 2709/3157/3955 2717/3158/3956
f 2717/3158/3957 2709/3157/3955 2716/3159/3958
f 2717/3158/3957 2716/3159/3958 2724/3160/3959
f 2724/3160/3959 2716/3159/3958 2723/3161/3960
f 2724/3160/3959 2723/3161/3961 2731/3162/3962
f 2731/3162/3962 2723/3161/3961 2730/3163/3963
f 2731/3162/3962 2730/3163/3963 2738/3164/3964
f 2738/3164/3964 2730/3163/3965 2737/3165/3966
f 2738/3164/3964 2737/3165/3966 2745/3166/3967
f 2745/3166/3967 2737/3165/3966 2744/3167/3968
f 2745/3166/3969 2744/3167/3970 2752/3168/3971
f 2752/3168/3971 2744/3167/3970 2751/3169/3972
f 2752/3168/3971 2751/3169/3973 2759/3170/3974
f 2759/3170/3974 2751/3169/3973 2758/3171/3975
f 2759/3170/3974 2758/3171/3976 2766/3172/3977
f 2766/3172/3978 2758/3171/3976 2765/3173/3979
f 2766/3172/3978 2765/3173/3979 2773/3174/3980
f 2773/3174/3981 2765/3173/3979 2772/3175/3982
f 2773/3174/3980 2772/3175/3982 2780/3176/3983
f 2780/3176/3983 2772/3175/3982 2779/3177/3984
f 2780/3176/3983 2779/3177/3984 2556/3105/3985
f 2556/3105/3985 2779/3177/3984 2557/3104/3986
f 2557/3103/3986 2779/3178/3987 2778/3179/3988
f 2557/3103/3986 2778/3179/3988 2558/3102/3989
f 2558/3102/3990 2778/3179/3988 2777/3180/3991
f 2558/3102/3989 2777/3180/3991 2776/3181/3992
f 2776/3181/3992 2777/3180/3991 2769/3182/3993
f 2776/3181/3994 2769/3182/3993 2606/3183/3887
f 2606/3183/3887 2769/3182/3995 2605/3184/3887
f 2605/3184/3887 2769/3182/3993 2762/3185/3996
f 2605/3184/3887 2762/3185/3996 2604/3186/3887
f 2604/3186/3887 2762/3185/3996 2755/3187/3997
f 2604/3186/3887 2755/3187/3997 2603/3188/3887
f 2603/3188/3887 2755/3187/3997 2748/3189/3998
f 2603/3188/3887 2748/3189/3999 2602/3190/3887
f 2602/3190/3887 2748/3189/3999 2741/3191/4000
f 2602/3190/3887 2741/3191/4000 2601/3192/3887
f 2601/3192/3887 2741/3191/4001 2734/3193/4002
f 2601/3192/3887 2734/3193/4002 2600/3194/3887
f 2600/3194/3887 2734/3193/4002 2727/3195/4003
f 2600/3194/3887 2727/3195/4003 2599/3196/3887
f 2599/3196/3887 2727/3195/4003 2720/3197/4004
f 2599/3196/3887 2720/3197/4005 2598/3198/3887
f 2598/3198/3887 2720/3197/4004 2713/3199/4006
f 2598/3198/3887 2713/3199/4006 2597/3200/3887
f 2597/3200/3887 2713/3199/4007 2706/3201/4008
f 2597/3200/3887 2706/3201/4008 2596/3202/3887
f 2596/3202/3887 2706/3201/4008 2699/3203/4009
f 2596/3202/3887 2699/3203/4010 2595/3204/3887
f 2595/3204/3887 2699/3203/4011 2692/3205/4012
f 2595/3204/3887 2692/3205/4012 2594/3206/3887
f 2594/3206/3887 2692/3205/4013 2685/3207/4014
f 2594/3206/3887 2685/3207/4014 2593/3208/3887
f 2593/3208/3887 2685/3207/4015 2673/3209/4016
f 2593/3208/3887 2673/3209/4016 2592/3210/3887
f 2592/3210/3887 2673/3209/4017 2629/3211/4018
f 2592/3210/3887 2629/3211/4019 2591/3212/3887
f 2591/3212/3887 2629/3211/4019 2666/3213/4020
f 2591/3212/3887 2666/3213/4020 2659/3214/4021
f 2659/3214/4022 2666/3213/4023 2667/3215/4024
f 2659/3214/4022 2667/3215/4024 2660/3216/4025
f 2660/3216/4025 2667/3215/4024 2668/3217/4026
f 2660/3216/4025 2668/3217/4026 2661/3218/4027
f 2661/3218/4028 2668/3217/4029 2669/3143/4030
f 2661/3218/4028 2669/3143/4031 2662/3141/3934
f 2583/3132/4032 2584/3219/4033 2634/3133/3919
f 2634/3133/3919 2584/3219/4034 2633/3220/4035
f 2634/3133/3919 2633/3220/4036 2641/3135/3922
f 2641/3135/3922 2633/3220/4036 2640/3221/4037
f 2641/3135/3922 2640/3221/4038 2648/3137/4039
f 2648/3137/3927 2640/3221/4038 2647/3222/4040
f 2648/3137/3927 2647/3222/4041 2655/3139/4042
f 2655/3139/4043 2647/3222/4044 2654/3223/4045
f 2655/3139/4043 2654/3223/4045 2662/3141/3934
f 2662/3141/3934 2654/3223/4046 2661/3218/4027
f 2584/3219/4047 2585/3224/4048 2633/3220/4049
f 2633/3220/4050 2585/3224/4051 2632/3225/4052
f 2633/3220/4050 2632/3225/4053 2640/3221/4054
f 2640/3221/4055 2632/3225/4052 2639/3226/4056
f 2640/3221/4057 2639/3226/4056 2647/3222/4041
f 2647/3222/4040 2639/3226/4056 2646/3227/4058
f 2647/3222/4041 2646/3227/4058 2654/3223/4045
f 2654/3223/4045 2646/3227/4058 2653/3228/4059
f 2654/3223/4045 2653/3228/4060 2661/3218/4027
f 2661/3218/4027 2653/3228/4060 2660/3216/4025
f 2632/3225/4052 2585/3224/4051 2631/3229/4061
f 2631/3229/4062 2585/3224/4051 2586/3230/3887
f 2631/3229/4061 2586/3230/3887 2587/3231/3887
f 2631/3229/4062 2587/3231/3887 2638/3232/4063
f 2638/3232/4063 2587/3231/3887 2588/3233/3887
f 2638/3232/4063 2588/3233/3887 2645/3234/4064
f 2645/3234/4064 2588/3233/3887 2589/3235/3887
f 2645/3234/4064 2589/3235/3887 2652/3236/4065
f 2652/3236/4065 2589/3235/3887 2590/3237/3887
f 2652/3236/4065 2590/3237/3887 2659/3214/4021
f 2659/3214/4066 2590/3237/3887 2591/3212/3887
f 2606/3183/3887 2607/3238/3887 2776/3181/4067
f 2776/3181/3992 2607/3238/3887 2559/3119/3887
f 2776/3181/3992 2559/3119/3887 2558/3102/4068
f 2780/3176/4069 2556/3105/3985 2781/3239/4070
f 2781/3239/4070 2556/3105/3985 2555/3106/4071
f 2781/3239/4070 2555/3106/4072 2782/3240/4073
f 2782/3240/4073 2555/3106/4072 2554/3093/3894
f 2782/3240/4073 2554/3093/3904 2608/3241/4074
f 2608/3241/4074 2609/3242/4075 2782/3240/4073
f 2782/3240/4076 2609/3242/4075 2775/3243/4077
f 2782/3240/4078 2775/3243/4079 2774/3244/4080
f 2774/3244/4080 2775/3243/4079 2767/3245/4081
f 2774/3244/4082 2767/3245/4083 2766/3172/3978
f 2766/3172/3978 2767/3245/4083 2759/3170/4084
f 2609/3242/4085 2610/3246/4086 2775/3243/4077
f 2775/3243/4077 2610/3246/4086 2768/3247/4087
f 2775/3243/4079 2768/3247/4088 2767/3245/4081
f 2767/3245/4081 2768/3247/4088 2760/3248/4089
f 2767/3245/4083 2760/3248/4089 2759/3170/3974
f 2759/3170/3974 2760/3248/4090 2752/3168/4091
f 2610/3246/4086 2611/3249/4092 2768/3247/4087
f 2768/3247/4087 2611/3249/4092 2761/3250/4093
f 2768/3247/4088 2761/3250/4094 2760/3248/4090
f 2760/3248/4090 2761/3250/4094 2753/3251/4095
f 2760/3248/4090 2753/3251/4096 2752/3168/4091
f 2752/3168/4091 2753/3251/4096 2745/3166/3967
f 2611/3249/4097 2612/3252/4098 2761/3250/4093
f 2761/3250/4093 2612/3252/4098 2754/3253/4099
f 2761/3250/4094 2754/3253/4099 2753/3251/4095
f 2753/3251/4096 2754/3253/4099 2746/3254/4100
f 2753/3251/4096 2746/3254/4101 2745/3166/3967
f 2745/3166/3967 2746/3254/4101 2738/3164/3964
f 2612/3252/4098 2613/3255/4102 2754/3253/4103
f 2754/3253/4099 2613/3255/4102 2747/3256/4104
f 2754/3253/4099 2747/3256/4105 2746/3254/4100
f 2746/3254/4100 2747/3256/4104 2739/3257/4106
f 2746/3254/4101 2739/3257/4106 2738/3164/3964
f 2738/3164/3964 2739/3257/4107 2731/3162/3962
f 2613/3255/4108 2614/3258/4109 2747/3256/4104
f 2747/3256/4104 2614/3258/4109 2740/3259/4110
f 2747/3256/4104 2740/3259/4111 2739/3257/4106
f 2739/3257/4107 2740/3259/4110 2732/3260/4112
f 2739/3257/4113 2732/3260/4112 2731/3162/4114
f 2731/3162/3962 2732/3260/4115 2724/3160/4116
f 2614/3258/4109 2615/3261/4117 2740/3259/4110
f 2740/3259/4118 2615/3261/4117 2733/3262/4119
f 2740/3259/4111 2733/3262/4120 2732/3260/4112
f 2732/3260/4112 2733/3262/4120 2725/3263/4121
f 2732/3260/4112 2725/3263/4122 2724/3160/4123
f 2724/3160/3959 2725/3263/4122 2717/3158/4124
f 2615/3261/4117 2616/3264/4125 2733/3262/4119
f 2733/3262/4119 2616/3264/4125 2726/3265/4126
f 2733/3262/4120 2726/3265/4126 2725/3263/4121
f 2725/3263/4121 2726/3265/4126 2718/3266/4127
f 2725/3263/4122 2718/3266/4128 2717/3158/4124
f 2717/3158/3956 2718/3266/4128 2710/3156/4129
f 2616/3264/4125 2617/3267/4130 2726/3265/4131
f 2726/3265/4131 2617/3267/4130 2719/3268/4132
f 2726/3265/4131 2719/3268/4132 2718/3266/4127
f 2718/3266/4127 2719/3268/4133 2711/3269/4134
f 2718/3266/4128 2711/3269/4135 2710/3156/4129
f 2710/3156/4129 2711/3269/4136 2703/3154/4137
f 2617/3267/4130 2618/3270/4138 2719/3268/4132
f 2719/3268/4132 2618/3270/4139 2712/3271/4140
f 2719/3268/4133 2712/3271/4141 2711/3269/4142
f 2711/3269/4134 2712/3271/4141 2704/3272/4143
f 2711/3269/4136 2704/3272/4144 2703/3154/4137
f 2703/3154/4137 2704/3272/4144 2696/3152/4145
f 2618/3270/4139 2619/3273/4146 2712/3271/4147
f 2712/3271/4140 2619/3273/4146 2705/3274/4148
f 2712/3271/4141 2705/3274/4149 2704/3272/4150
f 2704/3272/4151 2705/3274/4152 2697/3275/4153
f 2704/3272/4144 2697/3275/4154 2696/3152/4145
f 2696/3152/4145 2697/3275/4155 2689/3150/3947
f 2619/3273/4146 2620/3276/4156 2705/3274/4148
f 2705/3274/4148 2620/3276/4156 2698/3277/4157
f 2705/3274/4152 2698/3277/4157 2697/3275/4153
f 2697/3275/4153 2698/3277/4158 2690/3278/4159
f 2697/3275/4153 2690/3278/4160 2689/3150/3947
f 2689/3150/3947 2690/3278/4160 2677/3148/4161
f 2620/3276/4156 2621/3279/4162 2698/3277/4163
f 2698/3277/4163 2621/3279/4162 2691/3280/4164
f 2698/3277/4165 2691/3280/4164 2690/3278/4159
f 2690/3278/4159 2691/3280/4166 2678/3281/4167
f 2690/3278/4160 2678/3281/4168 2677/3148/4161
f 2677/3148/4161 2678/3281/4167 2681/3146/4169
f 2621/3279/4162 2622/3282/4170 2691/3280/4164
f 2691/3280/4164 2622/3282/4171 2679/3283/4172
f 2691/3280/4166 2679/3283/4172 2678/3281/4167
f 2678/3281/4167 2679/3283/4173 2680/3284/4174
f 2678/3281/4168 2680/3284/4175 2681/3146/3938
f 2681/3146/4169 2680/3284/4176 2670/3144/3935
f 2622/3282/4171 2623/3285/4177 2679/3283/4172
f 2679/3283/4172 2623/3285/4177 2630/3286/4178
f 2679/3283/4173 2630/3286/4178 2680/3284/4176
f 2680/3284/4174 2630/3286/4178 2671/3287/4179
f 2680/3284/4176 2671/3287/4180 2670/3144/3935
f 2670/3144/3935 2671/3287/4181 2663/3288/4182
f 2623/3285/4183 2624/3289/4184 2630/3286/4178
f 2630/3286/4178 2624/3289/4184 2672/3290/4185
f 2630/3286/4178 2672/3290/4186 2671/3287/4179
f 2671/3287/4179 2672/3290/4186 2664/3291/4187
f 2671/3287/4181 2664/3291/4188 2663/3288/4182
f 2663/3288/4182 2664/3291/4188 2656/3292/3928
f 2672/3290/4186 2624/3289/4189 2665/3293/4190
f 2665/3293/4191 2624/3289/4184 2625/3294/4192
f 2665/3293/4193 2625/3294/4194 2658/3295/4195
f 2658/3295/4195 2625/3294/4192 2626/3296/4196
f 2658/3295/4195 2626/3296/4196 2651/3297/4197
f 2651/3297/4198 2626/3296/4196 2627/3298/4199
f 2651/3297/4198 2627/3298/4199 2644/3299/4200
f 2644/3300/4201 2627/3301/4199 2628/3124/4202
f 2644/3300/4200 2628/3124/3905 2637/3126/3907
f 2639/3226/4056 2632/3225/4052 2631/3229/4061
f 2644/3300/4200 2637/3126/4203 2636/3128/4204
f 2636/3128/3912 2635/3130/3918 2643/3302/4205
f 2643/3302/4205 2635/3130/3918 2642/3303/3923
f 2643/3304/4205 2642/3305/3923 2650/3306/4206
f 2650/3306/4207 2642/3305/3923 2649/3307/4208
f 2650/3306/4206 2649/3307/4208 2657/3308/4209
f 2657/3308/4209 2649/3307/4208 2656/3292/3928
f 2657/3308/4210 2656/3292/3928 2664/3291/4188
f 2646/3227/4211 2639/3226/4056 2638/3232/4212
f 2638/3232/4063 2639/3226/4056 2631/3229/4061
f 2651/3297/4197 2644/3299/4200 2643/3304/4213
f 2643/3302/4205 2644/3300/4200 2636/3128/4204
f 2651/3297/4214 2643/3304/4213 2650/3306/4206
f 2653/3228/4060 2646/3227/4211 2645/3234/4064
f 2645/3234/4064 2646/3227/4211 2638/3232/4063
f 2658/3295/4195 2651/3297/4197 2650/3306/4206
f 2658/3295/4215 2650/3306/4206 2657/3308/4216
f 2660/3216/4025 2653/3228/4060 2652/3236/4217
f 2652/3236/4217 2653/3228/4060 2645/3234/4064
f 2659/3214/4066 2660/3216/4025 2652/3236/4217
f 2665/3293/4191 2658/3295/4195 2657/3308/4218
f 2665/3293/4191 2657/3308/4218 2664/3291/4219
f 2672/3290/4186 2665/3293/4191 2664/3291/4188
f 2667/3215/4024 2666/3213/4023 2684/3309/4220
f 2684/3309/4220 2666/3213/4023 2629/3211/4019
f 2684/3309/4220 2629/3211/4019 2674/3310/4221
f 2674/3310/4221 2629/3211/4019 2673/3209/4017
f 2674/3310/4221 2673/3209/4017 2686/3311/4222
f 2686/3311/4223 2673/3209/4017 2685/3207/4014
f 2686/3311/4224 2685/3207/4014 2693/3312/4225
f 2693/3312/4225 2685/3207/4014 2692/3205/4226
f 2693/3312/4227 2692/3205/4226 2700/3313/4228
f 2700/3313/4228 2692/3205/4226 2699/3203/4010
f 2700/3313/4229 2699/3203/4010 2707/3314/4230
f 2707/3314/4230 2699/3203/4010 2706/3201/4231
f 2707/3314/4232 2706/3201/4231 2714/3315/4233
f 2714/3315/4233 2706/3201/4231 2713/3199/4006
f 2714/3315/4233 2713/3199/4006 2721/3316/4234
f 2721/3316/4234 2713/3199/4006 2720/3197/4235
f 2721/3316/4234 2720/3197/4235 2728/3317/4236
f 2728/3317/4237 2720/3197/4235 2727/3195/4238
f 2728/3317/4237 2727/3195/4239 2735/3318/4240
f 2735/3318/4240 2727/3195/4239 2734/3193/4002
f 2735/3318/4241 2734/3193/4242 2742/3319/4243
f 2742/3319/4243 2734/3193/4242 2741/3191/4001
f 2742/3319/4243 2741/3191/4001 2749/3320/4244
f 2749/3320/4245 2741/3191/4246 2748/3189/3999
f 2749/3320/4245 2748/3189/3999 2756/3321/4247
f 2756/3321/4247 2748/3189/3999 2755/3187/3997
f 2756/3321/4247 2755/3187/3997 2763/3322/4248
f 2763/3322/4248 2755/3187/3997 2762/3185/4249
f 2763/3322/4248 2762/3185/4250 2770/3323/4251
f 2770/3323/4251 2762/3185/4250 2769/3182/4252
f 2770/3323/4253 2769/3182/3993 2777/3180/3991
f 2682/3324/4254 2669/3143/3937 2668/3217/4029
f 2668/3217/4026 2667/3215/4024 2683/3325/4255
f 2683/3325/4255 2667/3215/4024 2684/3309/4256
f 2683/3325/4255 2684/3309/4257 2675/3326/4258
f 2675/3326/4258 2684/3309/4259 2674/3310/4260
f 2675/3326/4258 2674/3310/4221 2687/3327/4261
f 2687/3327/4261 2674/3310/4260 2686/3311/4224
f 2687/3327/4261 2686/3311/4224 2694/3328/4262
f 2694/3328/4262 2686/3311/4224 2693/3312/4225
f 2694/3328/4262 2693/3312/4225 2701/3329/4263
f 2701/3329/4263 2693/3312/4225 2700/3313/4228
f 2701/3329/4263 2700/3313/4228 2708/3330/4264
f 2708/3330/4265 2700/3313/4228 2707/3314/4230
f 2708/3330/4266 2707/3314/4230 2715/3331/4267
f 2715/3331/4268 2707/3314/4269 2714/3315/4233
f 2715/3331/4267 2714/3315/4233 2722/3332/4270
f 2722/3332/4271 2714/3315/4233 2721/3316/4272
f 2722/3332/4271 2721/3316/4272 2729/3333/4273
f 2729/3333/4273 2721/3316/4272 2728/3317/4236
f 2729/3333/4273 2728/3317/4236 2736/3334/4274
f 2736/3334/4274 2728/3317/4236 2735/3318/4240
f 2736/3334/4274 2735/3318/4240 2743/3335/4275
f 2743/3335/4275 2735/3318/4276 2742/3319/4277
f 2743/3335/4275 2742/3319/4278 2750/3336/4279
f 2750/3336/4279 2742/3319/4277 2749/3320/4280
f 2750/3336/4279 2749/3320/4244 2757/3337/4281
f 2757/3337/4281 2749/3320/4244 2756/3321/4282
f 2757/3337/4281 2756/3321/4247 2764/3338/4283
f 2764/3338/4283 2756/3321/4247 2763/3322/4248
f 2764/3338/4284 2763/3322/4248 2771/3339/4285
f 2771/3339/4286 2763/3322/4248 2770/3323/4251
f 2771/3339/4285 2770/3323/4251 2778/3179/3988
f 2778/3179/3988 2770/3323/4251 2777/3180/4287
f 2675/3326/4258 2676/3340/3942 2683/3325/4288
f 2683/3325/4255 2676/3340/3942 2682/3324/4254
f 2683/3325/4289 2682/3324/4254 2668/3217/4290
f 2676/3340/4291 2675/3326/4258 2688/3341/4292
f 2688/3341/4292 2675/3326/4258 2687/3327/4261
f 2688/3341/4292 2687/3327/4261 2695/3342/3950
f 2695/3342/3950 2687/3327/4261 2694/3328/4293
f 2695/3342/3950 2694/3328/4294 2702/3343/3953
f 2702/3343/3953 2694/3328/4262 2701/3329/4295
f 2702/3343/3953 2701/3329/4296 2709/3344/4297
f 2709/3344/3955 2701/3329/4296 2708/3330/4265
f 2709/3344/4297 2708/3330/4265 2716/3345/4298
f 2716/3345/4298 2708/3330/4265 2715/3331/4268
f 2716/3345/4298 2715/3331/4268 2723/3346/3961
f 2723/3346/4299 2715/3331/4268 2722/3332/4300
f 2723/3346/4299 2722/3332/4300 2730/3347/3965
f 2730/3347/3965 2722/3332/4300 2729/3333/4301
f 2730/3347/3965 2729/3333/4301 2737/3348/4302
f 2737/3348/4302 2729/3333/4273 2736/3334/4274
f 2737/3348/4302 2736/3334/4274 2744/3349/4303
f 2744/3349/4303 2736/3334/4274 2743/3335/4275
f 2744/3349/3968 2743/3335/4304 2751/3350/4305
f 2751/3350/4305 2743/3335/4306 2750/3336/4307
f 2751/3350/4305 2750/3336/4308 2758/3351/3975
f 2758/3351/3976 2750/3336/4307 2757/3337/4281
f 2758/3351/4309 2757/3337/4310 2765/3352/4311
f 2765/3352/3979 2757/3337/4281 2764/3338/4283
f 2765/3352/3979 2764/3338/4283 2772/3353/3982
f 2772/3353/3982 2764/3338/4283 2771/3339/4286
f 2772/3353/3982 2771/3339/4285 2779/3178/3987
f 2779/3178/3987 2771/3339/4285 2778/3179/3988
f 2774/3244/4080 2766/3172/3978 2773/3174/3981
f 2780/3176/3983 2781/3239/4070 2773/3174/3981
f 2773/3174/4312 2781/3239/4070 2774/3244/4082
f 2781/3239/4313 2782/3240/4076 2774/3244/4080
f 2784/3354/4314 2789/3355/4315 2783/3356/3906
f 2783/3356/3906 2789/3355/4316 2790/3357/4315
f 2783/3356/3906 2790/3357/4316 2791/3358/4316
f 2791/3358/4315 2790/3357/4315 2800/3359/4317
f 2791/3358/4315 2800/3359/4317 2801/3360/4317
f 2801/3361/4318 2800/3362/4317 2810/3363/4319
f 2801/3361/4318 2810/3363/4319 2811/3364/4319
f 2811/3364/4320 2810/3363/4320 2586/3230/3887
f 2811/3364/4319 2586/3230/4321 2812/3365/4319
f 2812/3365/4319 2586/3230/4321 2813/3366/4319
f 2812/3365/4319 2813/3366/4319 2803/3367/4318
f 2803/3367/4317 2813/3366/4319 2804/3368/4317
f 2803/3369/4317 2804/3370/4317 2794/3371/4315
f 2794/3371/4315 2804/3370/4317 2795/3372/4315
f 2794/3371/4316 2795/3372/4316 2783/3356/3906
f 2783/3356/3906 2795/3372/4316 2582/3127/4322
f 2783/3356/3906 2582/3127/4322 2581/3125/3906
f 2784/3354/4323 2785/3373/4324 2789/3355/4315
f 2789/3355/4315 2785/3373/4325 2798/3374/4317
f 2789/3355/4315 2798/3374/4317 2799/3375/4317
f 2799/3376/4318 2798/3377/4318 2808/3378/4319
f 2799/3376/4326 2808/3378/4319 2809/3379/4319
f 2809/3379/4319 2808/3378/4319 2787/3380/4327
f 2809/3379/4320 2787/3380/4328 2586/3230/3887
f 2586/3230/3887 2787/3380/4329 2788/3381/3887
f 2785/3382/4325 2786/3383/4330 2798/3377/4317
f 2798/3377/4318 2786/3383/4331 2807/3384/4319
f 2798/3377/4318 2807/3384/4319 2808/3378/4319
f 2808/3378/4319 2807/3384/4319 2787/3380/4332
f 2786/3383/4331 2787/3380/4333 2807/3384/4319
f 2585/3224/4329 2815/3385/4334 2586/3230/3887
f 2586/3230/3887 2815/3385/4320 2814/3386/4320
f 2586/3230/3887 2814/3386/4320 2813/3366/4320
f 2813/3366/4319 2814/3386/4319 2804/3368/4318
f 2585/3224/4332 2584/3219/4331 2815/3385/4319
f 2815/3385/4319 2584/3219/4331 2806/3387/4318
f 2815/3385/4319 2806/3387/4318 2805/3388/4317
f 2805/3389/4317 2806/3390/4317 2796/3391/4315
f 2805/3389/4317 2796/3391/4315 2795/3372/4315
f 2795/3372/4315 2796/3391/4315 2582/3127/4335
f 2584/3219/4330 2583/3132/4325 2806/3387/4317
f 2806/3390/4317 2583/3129/4325 2797/3392/4315
f 2806/3390/4317 2797/3392/4315 2796/3391/4315
f 2796/3391/4315 2797/3392/4315 2582/3127/4335
f 2583/3129/4324 2582/3127/4323 2797/3392/4315
f 2800/3359/4317 2790/3357/4315 2799/3375/4317
f 2799/3375/4317 2790/3357/4315 2789/3355/4315
f 2791/3358/4316 2792/3393/4316 2783/3356/3906
f 2783/3356/3906 2792/3393/4316 2793/3394/4316
f 2783/3356/4336 2793/3394/4316 2794/3371/4315
f 2794/3371/4315 2793/3394/4315 2803/3369/4317
f 2791/3358/4315 2801/3360/4317 2792/3393/4315
f 2792/3393/4315 2801/3360/4317 2802/3395/4317
f 2792/3393/4315 2802/3395/4317 2793/3394/4315
f 2793/3394/4315 2802/3395/4317 2803/3369/4317
f 2805/3389/4317 2795/3372/4315 2804/3370/4317
f 2810/3363/4319 2800/3362/4318 2809/3379/4319
f 2809/3379/4319 2800/3362/4318 2799/3376/4318
f 2812/3365/4319 2803/3367/4318 2802/3396/4317
f 2812/3365/4319 2802/3396/4326 2811/3364/4319
f 2811/3364/4319 2802/3396/4318 2801/3361/4318
f 2815/3385/4319 2805/3388/4318 2814/3386/4319
f 2814/3386/4319 2805/3388/4318 2804/3368/4318
f 2586/3230/3887 2810/3363/4320 2809/3379/4320
f 2859/3397/4337 2816/3398/4338 2868/3399/4339
f 2868/3399/4340 2816/3398/4338 2817/3400/4341
f 2868/3399/4340 2817/3400/4342 2867/3401/4343
f 2867/3401/4343 2817/3400/4344 2818/3402/4345
f 2867/3401/4343 2818/3402/4345 2866/3403/4346
f 2866/3404/4346 2818/3405/4345 2865/3406/4347
f 2866/3403/4346 2865/3407/4347 2873/3408/4348
f 2873/3408/4349 2865/3407/4347 2872/3409/4350
f 2873/3408/4351 2872/3409/4352 2880/3410/4353
f 2880/3410/4353 2872/3409/4352 2879/3411/4354
f 2880/3410/4355 2879/3411/4354 2887/3412/4356
f 2887/3412/4356 2879/3411/4354 2886/3413/4357
f 2887/3412/4356 2886/3413/4357 2894/3414/4358
f 2894/3414/4358 2886/3413/4357 2893/3415/4359
f 2894/3414/4358 2893/3415/4360 2901/3416/4361
f 2901/3416/4361 2893/3415/4362 2900/3417/4363
f 2901/3416/4364 2900/3417/4363 2908/3418/4365
f 2908/3418/4365 2900/3417/4363 2907/3419/4366
f 2908/3418/4367 2907/3419/4366 2915/3420/4368
f 2915/3420/4368 2907/3419/4366 2914/3421/4369
f 2915/3420/4368 2914/3421/4370 2922/3422/4371
f 2922/3422/4371 2914/3421/4372 2921/3423/4373
f 2922/3422/4371 2921/3423/4373 2929/3424/4374
f 2929/3424/4375 2921/3423/4373 2928/3425/4376
f 2929/3424/4377 2928/3425/4376 2936/3426/4378
f 2936/3426/4378 2928/3425/4376 2935/3427/4379
f 2936/3426/4378 2935/3427/4380 2943/3428/4381
f 2943/3428/4382 2935/3427/4380 2942/3429/4383
f 2943/3428/4382 2942/3429/4384 2950/3430/4385
f 2950/3430/4386 2942/3429/4387 2949/3431/4388
f 2950/3430/4385 2949/3431/4388 2957/3432/4389
f 2957/3432/4389 2949/3431/4388 2956/3433/4390
f 2957/3432/4389 2956/3433/4390 2964/3434/4391
f 2964/3434/4391 2956/3433/4390 2963/3435/4392
f 2964/3434/4391 2963/3435/4392 2971/3436/4393
f 2971/3436/4393 2963/3435/4392 2970/3437/4394
f 2971/3436/4395 2970/3437/4394 2978/3438/4396
f 2978/3438/4396 2970/3437/4394 2977/3439/4397
f 2978/3440/4396 2977/3441/4397 2982/3442/4398
f 2982/3442/4398 2977/3441/4399 2983/3443/4400
f 2982/3442/4398 2983/3443/4400 2785/3382/4032
f 2785/3382/4032 2983/3443/4400 2786/3383/4401
f 2786/3383/4402 2983/3443/4400 2984/3444/4403
f 2786/3383/4402 2984/3444/4403 2787/3380/4048
f 2787/3380/4051 2984/3444/4403 2985/3445/4404
f 2787/3380/4051 2985/3445/4404 2860/3446/4405
f 2860/3446/4405 2985/3445/4404 2974/3447/4406
f 2860/3446/4405 2974/3447/4407 2838/3448/3887
f 2838/3448/3887 2974/3447/4406 2967/3449/4408
f 2838/3448/3887 2967/3449/4408 2837/3450/3887
f 2837/3450/3887 2967/3449/4408 2960/3451/4409
f 2837/3450/3887 2960/3451/4409 2836/3452/3887
f 2836/3452/3887 2960/3451/4409 2953/3453/4410
f 2836/3452/3887 2953/3453/4410 2835/3454/3887
f 2835/3454/3887 2953/3453/4410 2946/3455/4411
f 2835/3454/3887 2946/3455/4412 2834/3456/3887
f 2834/3456/3887 2946/3455/4411 2939/3457/4413
f 2834/3456/3887 2939/3457/4414 2833/3458/3887
f 2833/3458/3887 2939/3457/4414 2932/3459/4415
f 2833/3458/3887 2932/3459/4415 2832/3460/3887
f 2832/3460/3887 2932/3459/4415 2925/3461/4416
f 2832/3460/3887 2925/3461/4417 2831/3462/3887
f 2831/3462/3887 2925/3461/4417 2918/3463/4418
f 2831/3462/3887 2918/3463/4418 2830/3464/3887
f 2830/3464/3887 2918/3463/4418 2911/3465/4419
f 2830/3464/3887 2911/3465/4419 2829/3466/3887
f 2829/3466/3887 2911/3465/4419 2904/3467/4420
f 2829/3466/3887 2904/3467/4420 2828/3468/3887
f 2828/3468/3887 2904/3467/4420 2897/3469/4421
f 2828/3468/3887 2897/3469/4421 2827/3470/3887
f 2827/3470/3887 2897/3469/4422 2890/3471/4423
f 2827/3470/3887 2890/3471/4423 2826/3472/3887
f 2826/3472/3887 2890/3471/4423 2883/3473/4424
f 2826/3472/3887 2883/3473/4424 2825/3474/3887
f 2825/3474/3887 2883/3473/4424 2876/3475/4425
f 2825/3474/3887 2876/3475/4426 2824/3476/3887
f 2824/3476/3887 2876/3475/4425 2869/3477/4427
f 2824/3476/3887 2869/3477/4427 2823/3478/3887
f 2823/3478/3887 2869/3477/4427 2822/3479/3887
f 2822/3479/3887 2869/3477/4427 2862/3480/4428
f 2822/3479/4429 2862/3480/4430 2821/3481/4429
f 2821/3481/3887 2862/3480/4428 2820/3482/4431
f 2820/3482/4431 2862/3480/4428 2863/3483/4432
f 2820/3482/4433 2863/3483/4434 2864/3484/4435
f 2864/3484/4435 2863/3483/4436 2871/3485/4437
f 2864/3484/4435 2871/3485/4438 2872/3486/4439
f 2872/3486/4352 2871/3485/4438 2879/3487/4440
f 2818/3405/4345 2819/3488/4441 2865/3406/4347
f 2865/3406/4442 2819/3488/4441 2864/3484/4435
f 2865/3406/4442 2864/3484/4435 2872/3486/4439
f 2819/3488/4443 2820/3482/4433 2864/3484/4435
f 2838/3448/3887 2839/3489/3887 2860/3446/4405
f 2860/3446/4405 2839/3489/3887 2788/3381/3887
f 2860/3446/4405 2788/3381/4321 2787/3380/4051
f 2982/3490/4444 2785/3373/3913 2981/3491/4445
f 2981/3491/4445 2785/3373/3913 2784/3354/3910
f 2981/3491/4445 2784/3354/4446 2861/3492/4447
f 2861/3492/4448 2784/3354/3908 2783/3356/3906
f 2861/3492/4448 2783/3356/3906 2840/3493/4449
f 2840/3493/4449 2841/3494/4450 2861/3492/4448
f 2861/3492/4448 2841/3494/4450 2980/3495/4451
f 2861/3492/4452 2980/3495/4451 2979/3496/4453
f 2979/3496/4453 2980/3495/4451 2972/3497/4454
f 2979/3496/4453 2972/3497/4455 2971/3436/4393
f 2971/3436/4393 2972/3497/4454 2964/3434/4456
f 2980/3495/4457 2841/3494/4450 2973/3498/4458
f 2973/3498/4458 2841/3494/4459 2842/3499/4460
f 2973/3498/4458 2842/3499/4460 2966/3500/4461
f 2966/3500/4461 2842/3499/4460 2843/3501/4462
f 2966/3500/4461 2843/3501/4462 2959/3502/4463
f 2959/3502/4463 2843/3501/4464 2844/3503/4465
f 2959/3502/4466 2844/3503/4465 2952/3504/4467
f 2952/3504/4467 2844/3503/4465 2845/3505/4468
f 2952/3504/4467 2845/3505/4468 2945/3506/4469
f 2945/3506/4469 2845/3505/4468 2846/3507/4470
f 2945/3506/4469 2846/3507/4471 2938/3508/4472
f 2938/3508/4473 2846/3507/4470 2847/3509/4474
f 2938/3508/4472 2847/3509/4474 2931/3510/4475
f 2931/3510/4475 2847/3509/4474 2848/3511/4476
f 2931/3510/4475 2848/3511/4476 2924/3512/4477
f 2924/3512/4478 2848/3511/4476 2849/3513/4479
f 2924/3512/4480 2849/3513/4479 2917/3514/4481
f 2917/3514/4481 2849/3513/4479 2850/3515/4482
f 2917/3514/4483 2850/3515/4482 2851/3516/4484
f 2917/3514/4481 2851/3516/4484 2910/3517/4485
f 2910/3517/4485 2851/3516/4484 2852/3518/4486
f 2910/3517/4487 2852/3518/4488 2903/3519/4489
f 2903/3519/4489 2852/3518/4488 2853/3520/4490
f 2903/3519/4489 2853/3520/4490 2896/3521/4491
f 2896/3521/4491 2853/3520/4490 2854/3522/4492
f 2896/3521/4491 2854/3522/4492 2889/3523/4493
f 2889/3523/4493 2854/3522/4494 2855/3524/4495
f 2889/3523/4493 2855/3524/4496 2882/3525/4497
f 2882/3525/4498 2855/3524/4496 2856/3526/4499
f 2882/3525/4497 2856/3526/4500 2875/3527/4501
f 2875/3527/4501 2856/3526/4502 2857/3528/4503
f 2875/3527/4504 2857/3528/4505 2858/3529/4506
f 2875/3527/4504 2858/3529/4506 2868/3399/4340
f 2868/3399/4340 2858/3529/4506 2859/3397/4337
f 2863/3483/4432 2862/3480/4428 2870/3530/4507
f 2870/3530/4507 2862/3480/4428 2869/3477/4508
f 2870/3530/4509 2869/3477/4427 2877/3531/4510
f 2877/3531/4510 2869/3477/4427 2876/3475/4511
f 2877/3531/4510 2876/3475/4511 2884/3532/4512
f 2884/3532/4512 2876/3475/4511 2883/3473/4513
f 2884/3532/4512 2883/3473/4513 2891/3533/4514
f 2891/3533/4514 2883/3473/4513 2890/3471/4515
f 2891/3533/4514 2890/3471/4515 2898/3534/4516
f 2898/3534/4517 2890/3471/4515 2897/3469/4518
f 2898/3534/4516 2897/3469/4518 2905/3535/4519
f 2905/3535/4519 2897/3469/4518 2904/3467/4420
f 2905/3535/4520 2904/3467/4420 2912/3536/4521
f 2912/3536/4522 2904/3467/4420 2911/3465/4523
f 2912/3536/4521 2911/3465/4524 2919/3537/4525
f 2919/3537/4525 2911/3465/4526 2918/3463/4418
f 2919/3537/4525 2918/3463/4418 2926/3538/4527
f 2926/3538/4527 2918/3463/4418 2925/3461/4416
f 2926/3538/4527 2925/3461/4416 2933/3539/4528
f 2933/3539/4529 2925/3461/4416 2932/3459/4530
f 2933/3539/4529 2932/3459/4531 2940/3540/4532
f 2940/3540/4532 2932/3459/4530 2939/3457/4533
f 2940/3540/4534 2939/3457/4533 2947/3541/4535
f 2947/3541/4536 2939/3457/4533 2946/3455/4537
f 2947/3541/4536 2946/3455/4537 2954/3542/4538
f 2954/3542/4539 2946/3455/4537 2953/3453/4540
f 2954/3542/4538 2953/3453/4540 2961/3543/4541
f 2961/3543/4542 2953/3453/4410 2960/3451/4543
f 2961/3543/4541 2960/3451/4543 2968/3544/4544
f 2968/3544/4544 2960/3451/4543 2967/3449/4545
f 2968/3544/4544 2967/3449/4408 2975/3545/4546
f 2975/3545/4547 2967/3449/4408 2974/3447/4406
f 2975/3545/4546 2974/3447/4406 2985/3445/4404
f 2875/3527/4501 2868/3399/4340 2867/3401/4343
f 2867/3401/4343 2866/3403/4346 2874/3546/4548
f 2874/3546/4548 2866/3403/4346 2873/3408/4349
f 2874/3546/4548 2873/3408/4549 2881/3547/4550
f 2881/3547/4550 2873/3408/4551 2880/3410/4355
f 2881/3547/4550 2880/3410/4552 2888/3548/4553
f 2888/3548/4553 2880/3410/4355 2887/3412/4554
f 2888/3548/4553 2887/3412/4555 2895/3549/4556
f 2895/3549/4556 2887/3412/4557 2894/3414/4358
f 2895/3549/4556 2894/3414/4358 2902/3550/4558
f 2902/3550/4558 2894/3414/4358 2901/3416/4559
f 2902/3550/4558 2901/3416/4560 2909/3551/4561
f 2909/3551/4562 2901/3416/4559 2908/3418/4365
f 2909/3551/4561 2908/3418/4365 2916/3552/4563
f 2916/3552/4564 2908/3418/4365 2915/3420/4368
f 2916/3552/4565 2915/3420/4368 2923/3553/4566
f 2923/3553/4566 2915/3420/4567 2922/3422/4371
f 2923/3553/4568 2922/3422/4371 2930/3554/4569
f 2930/3554/4569 2922/3422/4371 2929/3424/4570
f 2930/3554/4571 2929/3424/4570 2937/3555/4572
f 2937/3555/4573 2929/3424/4570 2936/3426/4574
f 2937/3555/4572 2936/3426/4378 2944/3556/4575
f 2944/3556/4575 2936/3426/4378 2943/3428/4382
f 2944/3556/4575 2943/3428/4382 2951/3557/4576
f 2951/3557/4576 2943/3428/4382 2950/3430/4385
f 2951/3557/4576 2950/3430/4385 2958/3558/4577
f 2958/3558/4577 2950/3430/4385 2957/3432/4578
f 2958/3558/4577 2957/3432/4578 2965/3559/4579
f 2965/3559/4580 2957/3432/4578 2964/3434/4581
f 2965/3559/4582 2964/3434/4456 2972/3497/4455
f 2863/3483/4583 2870/3530/4509 2871/3485/4437
f 2871/3485/4437 2870/3530/4509 2878/3560/4584
f 2871/3485/4438 2878/3560/4585 2879/3487/4440
f 2879/3487/4440 2878/3560/4585 2886/3561/4586
f 2878/3560/4584 2870/3530/4509 2877/3531/4510
f 2882/3525/4587 2875/3527/4588 2874/3546/4548
f 2874/3546/4548 2875/3527/4501 2867/3401/4343
f 2882/3525/4587 2874/3546/4548 2881/3547/4550
f 2878/3560/4585 2877/3531/4589 2885/3562/4590
f 2885/3562/4590 2877/3531/4589 2884/3532/4512
f 2885/3562/4590 2884/3532/4512 2892/3563/4591
f 2892/3563/4592 2884/3532/4512 2891/3533/4514
f 2892/3563/4591 2891/3533/4593 2899/3564/4594
f 2899/3564/4594 2891/3533/4593 2898/3534/4516
f 2899/3564/4595 2898/3534/4596 2906/3565/4597
f 2906/3565/4597 2898/3534/4598 2905/3535/4520
f 2906/3565/4597 2905/3535/4599 2913/3566/4600
f 2913/3566/4601 2905/3535/4599 2912/3536/4521
f 2913/3566/4600 2912/3536/4602 2920/3567/4603
f 2920/3567/4603 2912/3536/4602 2919/3537/4525
f 2920/3567/4603 2919/3537/4525 2927/3568/4604
f 2927/3568/4605 2919/3537/4525 2926/3538/4606
f 2927/3568/4604 2926/3538/4606 2934/3569/4607
f 2934/3569/4607 2926/3538/4606 2933/3539/4608
f 2934/3569/4607 2933/3539/4608 2941/3570/4609
f 2941/3570/4610 2933/3539/4608 2940/3540/4532
f 2941/3570/4609 2940/3540/4532 2948/3571/4611
f 2948/3571/4611 2940/3540/4532 2947/3541/4612
f 2948/3571/4611 2947/3541/4612 2955/3572/4613
f 2955/3572/4614 2947/3541/4612 2954/3542/4538
f 2955/3572/4614 2954/3542/4615 2962/3573/4616
f 2962/3573/4616 2954/3542/4615 2961/3543/4541
f 2962/3573/4616 2961/3543/4541 2969/3574/4617
f 2969/3574/4617 2961/3543/4541 2968/3544/4544
f 2969/3574/4617 2968/3544/4544 2976/3575/4618
f 2976/3575/4618 2968/3544/4544 2975/3545/4546
f 2976/3575/4618 2975/3545/4546 2984/3444/4403
f 2984/3444/4403 2975/3545/4546 2985/3445/4404
f 2889/3523/4619 2882/3525/4497 2881/3547/4550
f 2889/3523/4493 2881/3547/4550 2888/3548/4620
f 2893/3576/4362 2886/3561/4357 2885/3562/4621
f 2885/3562/4621 2886/3561/4586 2878/3560/4585
f 2893/3576/4622 2885/3562/4621 2892/3563/4623
f 2896/3521/4491 2889/3523/4493 2888/3548/4620
f 2896/3521/4491 2888/3548/4620 2895/3549/4624
f 2900/3577/4363 2893/3576/4362 2892/3563/4623
f 2900/3577/4363 2892/3563/4623 2899/3564/4625
f 2903/3519/4489 2896/3521/4491 2895/3549/4624
f 2903/3519/4489 2895/3549/4624 2902/3550/4558
f 2907/3578/4366 2900/3577/4363 2899/3564/4625
f 2907/3578/4366 2899/3564/4625 2906/3565/4597
f 2910/3517/4487 2903/3519/4489 2902/3550/4558
f 2910/3517/4487 2902/3550/4558 2909/3551/4626
f 2914/3579/4627 2907/3578/4628 2906/3565/4597
f 2914/3579/4370 2906/3565/4597 2913/3566/4600
f 2917/3514/4483 2910/3517/4487 2909/3551/4626
f 2917/3514/4483 2909/3551/4626 2916/3552/4564
f 2921/3580/4373 2914/3579/4370 2913/3566/4629
f 2921/3580/4373 2913/3566/4600 2920/3567/4630
f 2924/3512/4631 2917/3514/4483 2916/3552/4564
f 2924/3512/4631 2916/3552/4564 2923/3553/4566
f 2928/3581/4376 2921/3580/4632 2920/3567/4633
f 2928/3581/4376 2920/3567/4633 2927/3568/4605
f 2931/3510/4634 2924/3512/4635 2923/3553/4566
f 2931/3510/4634 2923/3553/4566 2930/3554/4569
f 2935/3582/4636 2928/3581/4376 2927/3568/4605
f 2935/3582/4636 2927/3568/4605 2934/3569/4637
f 2938/3508/4638 2931/3510/4634 2930/3554/4639
f 2938/3508/4638 2930/3554/4640 2937/3555/4641
f 2942/3583/4384 2935/3582/4636 2934/3569/4637
f 2942/3583/4384 2934/3569/4637 2941/3570/4609
f 2945/3506/4642 2938/3508/4638 2937/3555/4572
f 2945/3506/4643 2937/3555/4572 2944/3556/4575
f 2949/3584/4644 2942/3583/4384 2941/3570/4645
f 2949/3584/4644 2941/3570/4646 2948/3571/4647
f 2952/3504/4648 2945/3506/4642 2944/3556/4575
f 2952/3504/4648 2944/3556/4575 2951/3557/4576
f 2956/3585/4649 2949/3584/4388 2948/3571/4650
f 2956/3585/4649 2948/3571/4650 2955/3572/4613
f 2959/3502/4466 2952/3504/4648 2951/3557/4576
f 2959/3502/4466 2951/3557/4576 2958/3558/4577
f 2963/3586/4392 2956/3585/4649 2955/3572/4613
f 2963/3586/4392 2955/3572/4613 2962/3573/4616
f 2966/3500/4651 2959/3502/4652 2958/3558/4577
f 2966/3500/4651 2958/3558/4577 2965/3559/4580
f 2970/3587/4394 2963/3586/4653 2962/3573/4616
f 2970/3587/4394 2962/3573/4616 2969/3574/4654
f 2973/3498/4655 2966/3500/4656 2965/3559/4580
f 2973/3498/4655 2965/3559/4580 2972/3497/4657
f 2977/3441/4658 2970/3587/4394 2969/3574/4654
f 2977/3441/4658 2969/3574/4654 2976/3575/4659
f 2979/3496/4453 2971/3436/4393 2978/3438/4396
f 2980/3495/4660 2973/3498/4655 2972/3497/4657
f 2983/3443/4400 2977/3441/4658 2976/3575/4659
f 2983/3443/4400 2976/3575/4659 2984/3444/4403
f 2982/3490/4444 2981/3491/4445 2978/3438/4396
f 2978/3438/4396 2981/3491/4445 2979/3496/4453
f 2981/3491/4445 2861/3492/4452 2979/3496/4453
f 2987/3588/4661 2992/3589/4662 2986/3590/4338
f 2986/3590/4338 2992/3589/4662 2993/3591/4662
f 2986/3590/4338 2993/3591/4662 2994/3592/4662
f 2994/3592/4662 2993/3591/4662 3004/3593/4663
f 2994/3592/4664 3004/3593/4663 3005/3594/4663
f 3005/3595/4665 3004/3596/4665 3015/3597/4666
f 3005/3595/4665 3015/3597/4666 3016/3598/4666
f 3016/3598/4667 3015/3597/4667 2821/3481/4429
f 3016/3598/4667 2821/3481/4429 3017/3599/4667
f 3017/3599/4667 2821/3481/4429 3018/3600/4667
f 3017/3599/4666 3018/3600/4666 3007/3601/4665
f 3007/3601/4665 3018/3600/4666 3008/3602/4665
f 3007/3603/4663 3008/3604/4663 2997/3605/4664
f 2997/3605/4662 3008/3604/4663 2998/3606/4662
f 2997/3605/4662 2998/3606/4662 2986/3590/4338
f 2986/3590/4338 2998/3606/4662 2999/3607/4662
f 2986/3590/4338 2999/3607/4662 2817/3400/4661
f 2817/3400/4668 2999/3607/4662 3000/3608/4662
f 2817/3400/4668 3000/3608/4662 3001/3609/4662
f 3001/3609/4662 3000/3608/4662 3011/3610/4663
f 3001/3609/4664 3011/3610/4663 2818/3402/4669
f 2818/3405/4669 3011/3611/4665 2819/3488/4670
f 2819/3488/4670 3011/3611/4665 3021/3612/4666
f 2819/3488/4671 3021/3612/4666 2820/3482/4672
f 2820/3482/4673 3021/3612/4667 2821/3481/4429
f 2821/3481/3887 3021/3612/4667 3020/3613/4667
f 2821/3481/4429 3020/3613/4667 3019/3614/4667
f 3019/3614/4666 3020/3613/4666 3009/3615/4665
f 3019/3614/4666 3009/3615/4665 3008/3602/4665
f 3008/3604/4663 3009/3616/4663 2998/3606/4664
f 2987/3588/4668 2988/3617/4674 2992/3589/4662
f 2992/3589/4664 2988/3617/4669 3002/3618/4663
f 2992/3589/4664 3002/3618/4663 3003/3619/4663
f 3003/3620/4665 3002/3621/4665 3013/3622/4666
f 3003/3620/4665 3013/3622/4666 3014/3623/4666
f 3014/3623/4667 3013/3622/4667 2990/3624/4673
f 3014/3623/4667 2990/3624/4672 2821/3481/4429
f 2821/3481/3887 2990/3624/4673 2991/3625/3887
f 2988/3626/4669 2989/3627/4670 3002/3621/4665
f 3002/3621/4665 2989/3627/4670 3012/3628/4666
f 3002/3621/4665 3012/3628/4666 3013/3622/4666
f 3013/3622/4667 3012/3628/4667 2990/3624/4672
f 2989/3627/4671 2990/3624/4672 3012/3628/4666
f 2818/3402/4674 2817/3400/4668 3001/3609/4662
f 2817/3400/4661 2816/3398/4338 2986/3590/4338
f 3004/3593/4663 2993/3591/4664 3003/3619/4663
f 3003/3619/4663 2993/3591/4662 2992/3589/4662
f 2994/3592/4662 2995/3629/4662 2986/3590/4338
f 2986/3590/4338 2995/3629/4662 2996/3630/4662
f 2986/3590/4338 2996/3630/4662 2997/3605/4662
f 2997/3605/4662 2996/3630/4662 3007/3603/4663
f 2994/3592/4662 3005/3594/4675 2995/3629/4662
f 2995/3629/4664 3005/3594/4663 3006/3631/4663
f 2995/3629/4662 3006/3631/4663 2996/3630/4662
f 2996/3630/4664 3006/3631/4663 3007/3603/4663
f 2998/3606/4662 3009/3616/4663 2999/3607/4662
f 2999/3607/4664 3009/3616/4663 3010/3632/4663
f 2999/3607/4662 3010/3632/4663 3000/3608/4662
f 3000/3608/4664 3010/3632/4663 3011/3610/4663
f 3015/3597/4666 3004/3596/4665 3014/3623/4666
f 3014/3623/4666 3004/3596/4665 3003/3620/4665
f 3017/3599/4666 3007/3601/4665 3006/3633/4665
f 3017/3599/4666 3006/3633/4665 3016/3598/4666
f 3016/3598/4666 3006/3633/4665 3005/3595/4665
f 3019/3614/4666 3008/3602/4665 3018/3600/4666
f 3021/3612/4666 3011/3611/4665 3010/3634/4665
f 3021/3612/4666 3010/3634/4665 3020/3613/4666
f 3020/3613/4666 3010/3634/4665 3009/3615/4665
f 2821/3481/3887 3015/3597/4667 3014/3623/4667
f 2821/3481/3887 3019/3614/4667 3018/3600/4667
f 3022/3635/4676 3023/3636/4677 3065/3637/4678
f 3065/3637/4678 3023/3636/4679 3075/3638/4680
f 3065/3637/4678 3075/3638/4680 3064/3639/4681
f 3064/3639/4681 3075/3638/4682 3082/3640/4683
f 3064/3639/4684 3082/3640/4685 3063/3641/4686
f 3063/3641/4686 3082/3640/4687 3089/3642/4688
f 3063/3641/4686 3089/3642/4688 3062/3643/4689
f 3062/3643/4689 3089/3642/4688 3096/3644/4690
f 3062/3643/4689 3096/3644/4690 3061/3645/4691
f 3061/3645/4692 3096/3644/4693 3068/3646/4694
f 3061/3645/4695 3068/3646/4696 3060/3647/4697
f 3060/3647/4697 3068/3646/4696 3109/3648/4698
f 3060/3647/4697 3109/3648/4698 3108/3649/4699
f 3108/3649/4700 3109/3648/4701 3110/3650/4702
f 3108/3649/4703 3110/3650/4702 3107/3651/4704
f 3107/3651/4704 3110/3650/4702 3111/3652/4705
f 3107/3651/4706 3111/3652/4705 3106/3653/4707
f 3106/3653/4707 3111/3652/4705 3112/3654/4708
f 3106/3653/4707 3112/3654/4708 3105/3655/4709
f 3105/3656/4709 3112/3657/4710 3113/3658/4711
f 3105/3656/4709 3113/3658/4711 3104/3659/4712
f 3104/3659/4713 3113/3658/4714 3114/3660/4715
f 3104/3659/4712 3114/3660/4715 3103/3661/4716
f 3103/3661/4717 3114/3660/4715 3115/3662/4718
f 3103/3661/4717 3115/3662/4718 3102/3663/4719
f 3102/3663/4720 3115/3662/4721 3033/3664/3887
f 3102/3663/4720 3033/3664/3887 3034/3665/3887
f 3075/3638/4722 3023/3636/4723 3074/3666/4724
f 3074/3666/4725 3023/3636/4726 3024/3667/4727
f 3074/3666/4725 3024/3667/4727 3073/3668/4728
f 3073/3668/4728 3024/3667/4729 3072/3669/4730
f 3073/3668/4728 3072/3669/4730 3080/3670/4731
f 3080/3670/4732 3072/3669/4730 3079/3671/4733
f 3080/3670/4731 3079/3671/4733 3087/3672/4734
f 3087/3672/4735 3079/3671/4733 3086/3673/4736
f 3087/3672/4735 3086/3673/4737 3094/3674/4738
f 3094/3674/4738 3086/3673/4736 3093/3675/4739
f 3094/3674/4738 3093/3675/4739 3100/3676/4740
f 3100/3676/4740 3093/3675/4739 3099/3677/4741
f 3100/3676/4740 3099/3677/4742 3111/3652/4743
f 3111/3652/4705 3099/3677/4742 3112/3654/4708
f 3024/3678/4729 3025/3679/4744 3072/3680/4745
f 3072/3680/4745 3025/3679/4746 3071/3681/4747
f 3072/3680/4745 3071/3681/4748 3079/3682/4733
f 3079/3682/4733 3071/3681/4748 3078/3683/4749
f 3079/3682/4733 3078/3683/4750 3086/3684/4751
f 3086/3684/4751 3078/3683/4749 3085/3685/4752
f 3086/3684/4751 3085/3685/4752 3093/3686/4753
f 3093/3686/4753 3085/3685/4752 3092/3687/4754
f 3093/3686/4739 3092/3687/4754 3099/3688/4742
f 3099/3688/4742 3092/3687/4754 3098/3689/4755
f 3099/3688/4742 3098/3689/4755 3112/3657/4710
f 3112/3657/4710 3098/3689/4755 3113/3658/4711
f 3025/3679/4756 3026/3690/4757 3071/3681/4748
f 3071/3681/4748 3026/3690/4758 3070/3691/4759
f 3071/3681/4748 3070/3691/4760 3078/3683/4750
f 3078/3683/4750 3070/3691/4759 3077/3692/4761
f 3078/3683/4750 3077/3692/4761 3085/3685/4762
f 3085/3685/4752 3077/3692/4761 3084/3693/4763
f 3085/3685/4752 3084/3693/4763 3092/3687/4754
f 3092/3687/4754 3084/3693/4763 3091/3694/4764
f 3092/3687/4754 3091/3694/4764 3098/3689/4755
f 3098/3689/4755 3091/3694/4764 3097/3695/4765
f 3098/3689/4755 3097/3695/4765 3113/3658/4766
f 3113/3658/4766 3097/3695/4765 3114/3660/4715
f 3070/3691/4760 3026/3690/4758 3069/3696/4767
f 3069/3696/4767 3026/3690/4758 3027/3697/4768
f 3069/3696/4767 3027/3697/3887 3028/3698/3887
f 3028/3698/3887 3029/3699/3887 3069/3696/4767
f 3069/3696/4767 3029/3699/3887 3076/3700/4769
f 3069/3696/4767 3076/3700/4769 3077/3692/4770
f 3077/3692/4771 3076/3700/4772 3084/3693/4773
f 3029/3699/3887 3030/3701/3887 3076/3700/4769
f 3076/3700/4769 3030/3701/3887 3083/3702/4774
f 3076/3700/4769 3083/3702/4774 3084/3693/4763
f 3084/3693/4763 3083/3702/4774 3091/3694/4764
f 3030/3701/3887 3031/3703/3887 3083/3702/4774
f 3083/3702/4774 3031/3703/3887 3090/3704/4775
f 3083/3702/4776 3090/3704/4775 3091/3694/4764
f 3091/3694/4764 3090/3704/4777 3097/3695/4765
f 3031/3703/3887 3032/3705/3887 3090/3704/4775
f 3090/3704/4775 3032/3705/3887 3067/3706/4778
f 3090/3704/4777 3067/3706/4778 3097/3695/4765
f 3097/3695/4765 3067/3706/4778 3114/3660/4715
f 3032/3705/3887 3033/3664/3887 3067/3706/4778
f 3067/3706/4779 3033/3664/3887 3115/3662/4718
f 3067/3706/4778 3115/3662/4780 3114/3660/4715
f 3102/3663/4719 3034/3665/3887 3116/3707/4781
f 3116/3707/4781 3034/3665/3887 3035/3708/3887
f 3116/3707/4781 3035/3708/3887 3123/3709/4782
f 3123/3709/4782 3035/3708/3887 3036/3710/3887
f 3123/3709/4783 3036/3710/3887 3130/3711/4784
f 3130/3711/4784 3036/3710/3887 3037/3712/3887
f 3130/3711/4784 3037/3712/3887 3066/3713/4785
f 3066/3713/4785 3037/3712/3887 3038/3714/3887
f 3066/3713/4785 3038/3714/3887 3156/3715/4786
f 3156/3715/4786 3038/3714/3887 3039/3716/4429
f 3156/3715/4786 3039/3716/3887 3143/3717/4787
f 3143/3717/4787 3039/3716/3887 3040/3718/3887
f 3143/3717/4787 3040/3718/3887 3157/3719/4788
f 3157/3719/4789 3040/3718/4429 3041/3720/3887
f 3157/3719/4789 3041/3720/4429 3042/3721/4429
f 3157/3719/4788 3042/3721/3887 3164/3722/4790
f 3164/3722/4790 3042/3721/3887 3043/3723/3887
f 3164/3722/4790 3043/3723/3887 3044/3724/3887
f 3164/3722/4790 3044/3724/3887 3171/3725/4791
f 3171/3725/4791 3044/3724/3887 3045/3726/3887
f 3171/3725/4791 3045/3726/3887 3178/3727/4792
f 3178/3727/4792 3045/3726/3887 2991/3625/3887
f 3178/3727/4792 2991/3625/4429 2990/3624/4431
f 2989/3627/4441 3180/3728/4793 2990/3624/4433
f 2990/3624/4433 3180/3728/4793 3179/3729/4794
f 2990/3624/4433 3179/3729/4795 3178/3727/4792
f 3178/3727/4792 3179/3729/4795 3171/3725/4796
f 3180/3728/4793 2989/3627/4441 3181/3730/4797
f 3181/3730/4797 2989/3627/4441 2988/3626/4345
f 3181/3730/4798 2988/3626/4345 3182/3731/4799
f 3182/3732/4800 2988/3733/4345 3183/3734/4801
f 3182/3732/4800 3183/3734/4802 3175/3735/4803
f 3175/3735/4804 3183/3734/4801 3176/3736/4805
f 3175/3735/4804 3176/3736/4805 3168/3737/4806
f 3168/3737/4806 3176/3736/4805 3169/3738/4807
f 3168/3737/4806 3169/3738/4808 3161/3739/4809
f 3161/3739/4809 3169/3738/4807 3162/3740/4810
f 3161/3739/4809 3162/3740/4810 3147/3741/4811
f 3147/3741/4811 3162/3740/4810 3148/3742/4812
f 3147/3741/4813 3148/3742/4814 3152/3743/4815
f 3152/3743/4815 3148/3742/4812 3151/3744/4816
f 3152/3743/4815 3151/3744/4816 3140/3745/4817
f 3140/3745/4817 3151/3744/4816 3141/3746/4818
f 3140/3745/4819 3141/3746/4818 3134/3747/4820
f 3134/3747/4820 3141/3746/4821 3135/3748/4822
f 3134/3747/4820 3135/3748/4823 3127/3749/4824
f 3127/3749/4824 3135/3748/4825 3128/3750/4826
f 3127/3749/4824 3128/3750/4827 3120/3751/4828
f 3120/3751/4829 3128/3750/4827 3121/3752/4830
f 3120/3751/4829 3121/3752/4831 3106/3653/4707
f 3106/3653/4707 3121/3752/4831 3107/3651/4832
f 2988/3617/4345 2987/3588/4344 3183/3753/4801
f 3183/3734/4833 2987/3754/4342 3184/3755/4834
f 3183/3734/4835 3184/3755/4836 3176/3736/4805
f 3176/3736/4805 3184/3755/4834 3177/3756/4837
f 3176/3736/4805 3177/3756/4838 3169/3738/4839
f 3169/3738/4839 3177/3756/4838 3170/3757/4840
f 3169/3738/4841 3170/3757/4840 3162/3740/4842
f 3162/3740/4842 3170/3757/4840 3163/3758/4843
f 3162/3740/4842 3163/3758/4843 3148/3742/4812
f 3148/3742/4814 3163/3758/4844 3149/3759/4845
f 3148/3742/4814 3149/3759/4845 3151/3744/4816
f 3151/3744/4816 3149/3759/4845 3150/3760/4846
f 3151/3744/4847 3150/3760/4846 3141/3746/4848
f 3141/3746/4818 3150/3760/4849 3142/3761/4850
f 3141/3746/4848 3142/3761/4850 3135/3748/4823
f 3135/3748/4823 3142/3761/4850 3136/3762/4851
f 3135/3748/4823 3136/3762/4851 3128/3750/4826
f 3128/3750/4852 3136/3762/4851 3129/3763/4853
f 3128/3750/4826 3129/3763/4853 3121/3752/4854
f 3121/3752/4854 3129/3763/4853 3122/3764/4855
f 3121/3752/4856 3122/3764/4857 3107/3651/4704
f 3107/3651/4704 3122/3764/4857 3108/3649/4699
f 2987/3588/4341 2986/3590/4338 3184/3765/4834
f 3184/3755/4834 2986/3766/4338 3046/3767/4858
f 3184/3755/4834 3046/3767/4859 3047/3768/4860
f 3184/3755/4836 3047/3768/4861 3177/3756/4838
f 3177/3756/4862 3047/3768/4861 3048/3769/4863
f 3177/3756/4838 3048/3769/4863 3170/3757/4864
f 3170/3757/4865 3048/3769/4863 3049/3770/4866
f 3170/3757/4840 3049/3770/4866 3050/3771/4867
f 3170/3757/4864 3050/3771/4867 3163/3758/4843
f 3163/3758/4843 3050/3771/4867 3051/3772/4868
f 3163/3758/4843 3051/3772/4868 3052/3773/4869
f 3163/3758/4844 3052/3773/4869 3149/3759/4845
f 3149/3759/4870 3052/3773/4869 3053/3774/4871
f 3149/3759/4870 3053/3774/4871 3150/3760/4846
f 3150/3760/4846 3053/3774/4871 3054/3775/4872
f 3150/3760/4846 3054/3775/4873 3055/3776/4874
f 3150/3760/4846 3055/3776/4874 3142/3761/4850
f 3142/3761/4875 3055/3776/4876 3056/3777/4877
f 3142/3761/4875 3056/3777/4877 3136/3762/4878
f 3136/3762/4879 3056/3777/4877 3057/3778/4880
f 3136/3762/4878 3057/3778/4881 3129/3763/4853
f 3129/3763/4853 3057/3778/4880 3058/3779/4882
f 3129/3763/4853 3058/3779/4882 3122/3764/4883
f 3122/3764/4883 3058/3779/4884 3059/3780/4885
f 3122/3764/4883 3059/3780/4885 3108/3649/4699
f 3108/3649/4699 3059/3780/4885 3060/3647/4697
f 3077/3692/4770 3070/3691/4760 3069/3696/4767
f 3082/3640/4886 3075/3638/4722 3074/3666/4724
f 3074/3666/4725 3073/3668/4728 3081/3781/4887
f 3081/3781/4888 3073/3668/4728 3080/3670/4889
f 3081/3781/4887 3080/3670/4889 3088/3782/4890
f 3088/3782/4890 3080/3670/4889 3087/3672/4891
f 3088/3782/4892 3087/3672/4891 3095/3783/4893
f 3095/3783/4893 3087/3672/4891 3094/3674/4738
f 3095/3783/4894 3094/3674/4738 3101/3784/4895
f 3101/3784/4896 3094/3674/4738 3100/3676/4740
f 3101/3784/4896 3100/3676/4740 3110/3650/4702
f 3110/3650/4702 3100/3676/4897 3111/3652/4705
f 3089/3642/4688 3082/3640/4687 3081/3781/4887
f 3081/3781/4887 3082/3640/4886 3074/3666/4725
f 3089/3642/4688 3081/3781/4887 3088/3782/4898
f 3096/3644/4899 3089/3642/4688 3088/3782/4890
f 3096/3644/4690 3088/3782/4890 3095/3783/4900
f 3068/3646/4901 3096/3644/4690 3095/3783/4900
f 3068/3646/4694 3095/3783/4900 3101/3784/4902
f 3109/3648/4903 3068/3646/4694 3101/3784/4895
f 3109/3648/4903 3101/3784/4895 3110/3650/4702
f 3103/3661/4717 3102/3663/4719 3117/3785/4904
f 3117/3785/4905 3102/3663/4719 3116/3707/4781
f 3117/3785/4904 3116/3707/4781 3124/3786/4906
f 3124/3786/4907 3116/3707/4908 3123/3709/4783
f 3124/3786/4907 3123/3709/4783 3131/3787/4909
f 3131/3787/4909 3123/3709/4783 3130/3711/4910
f 3131/3787/4909 3130/3711/4910 3137/3788/4911
f 3137/3788/4911 3130/3711/4910 3066/3713/4912
f 3137/3788/4913 3066/3713/4912 3155/3789/4914
f 3155/3789/4914 3066/3713/4912 3156/3715/4786
f 3155/3789/4915 3156/3715/4916 3144/3790/4917
f 3144/3790/4917 3156/3715/4786 3143/3717/4787
f 3144/3790/4917 3143/3717/4918 3158/3791/4919
f 3158/3791/4919 3143/3717/4787 3157/3719/4789
f 3158/3791/4920 3157/3719/4789 3165/3792/4921
f 3165/3792/4921 3157/3719/4789 3164/3722/4922
f 3165/3792/4921 3164/3722/4790 3172/3793/4923
f 3172/3793/4923 3164/3722/4790 3171/3725/4791
f 3172/3793/4923 3171/3725/4796 3179/3729/4795
f 3104/3659/4713 3103/3661/4716 3118/3794/4924
f 3118/3794/4925 3103/3661/4716 3117/3785/4926
f 3118/3794/4924 3117/3785/4926 3125/3795/4927
f 3125/3795/4928 3117/3785/4904 3124/3786/4929
f 3125/3795/4928 3124/3786/4929 3132/3796/4930
f 3132/3796/4931 3124/3786/4932 3131/3787/4933
f 3132/3796/4930 3131/3787/4933 3138/3797/4934
f 3138/3797/4934 3131/3787/4933 3137/3788/4911
f 3138/3797/4934 3137/3788/4911 3154/3798/4935
f 3154/3798/4935 3137/3788/4911 3155/3789/4936
f 3154/3798/4935 3155/3789/4936 3145/3799/4937
f 3145/3799/4938 3155/3789/4936 3144/3790/4917
f 3145/3799/4939 3144/3790/4917 3159/3800/4940
f 3159/3800/4940 3144/3790/4941 3158/3791/4919
f 3159/3800/4940 3158/3791/4919 3166/3801/4942
f 3166/3801/4942 3158/3791/4919 3165/3792/4921
f 3166/3801/4942 3165/3792/4943 3173/3802/4944
f 3173/3802/4944 3165/3792/4921 3172/3793/4923
f 3173/3802/4944 3172/3793/4923 3180/3728/4945
f 3180/3728/4945 3172/3793/4923 3179/3729/4794
f 3120/3751/4829 3106/3653/4946 3105/3655/4709
f 3105/3656/4709 3104/3659/4712 3119/3803/4947
f 3119/3803/4948 3104/3659/4712 3118/3794/4925
f 3119/3803/4949 3118/3794/4925 3126/3804/4950
f 3126/3804/4951 3118/3794/4925 3125/3795/4927
f 3126/3804/4951 3125/3795/4927 3133/3805/4952
f 3133/3805/4952 3125/3795/4953 3132/3796/4954
f 3133/3805/4952 3132/3796/4930 3139/3806/4955
f 3139/3806/4955 3132/3796/4930 3138/3797/4956
f 3139/3806/4955 3138/3797/4956 3153/3807/4957
f 3153/3807/4958 3138/3797/4956 3154/3798/4959
f 3153/3807/4957 3154/3798/4935 3146/3808/4960
f 3146/3808/4961 3154/3798/4935 3145/3799/4938
f 3146/3808/4960 3145/3799/4938 3160/3809/4962
f 3160/3809/4962 3145/3799/4938 3159/3800/4963
f 3160/3809/4964 3159/3800/4940 3167/3810/4965
f 3167/3810/4966 3159/3800/4940 3166/3801/4967
f 3167/3810/4965 3166/3801/4967 3174/3811/4968
f 3174/3811/4969 3166/3801/4967 3173/3802/4944
f 3174/3811/4968 3173/3802/4970 3181/3730/4798
f 3181/3730/4971 3173/3802/4970 3180/3728/4945
f 3127/3749/4972 3120/3751/4829 3119/3812/4947
f 3119/3812/4947 3120/3751/4829 3105/3655/4709
f 3127/3749/4972 3119/3812/4947 3126/3813/4973
f 3134/3747/4974 3127/3749/4972 3126/3813/4951
f 3134/3747/4975 3126/3813/4973 3133/3814/4976
f 3140/3745/4977 3134/3747/4974 3133/3814/4952
f 3140/3745/4819 3133/3814/4976 3139/3815/4955
f 3152/3743/4815 3140/3745/4819 3139/3815/4955
f 3152/3743/4978 3139/3815/4955 3153/3816/4957
f 3152/3743/4815 3153/3816/4957 3147/3741/4979
f 3147/3741/4979 3153/3816/4957 3146/3817/4980
f 3147/3741/4979 3146/3817/4960 3161/3739/4809
f 3161/3739/4809 3146/3817/4960 3160/3818/4962
f 3161/3739/4809 3160/3818/4962 3168/3737/4806
f 3168/3737/4806 3160/3818/4962 3167/3819/4966
f 3168/3737/4806 3167/3819/4965 3175/3735/4804
f 3175/3735/4804 3167/3819/4965 3174/3820/4969
f 3175/3821/4804 3174/3811/4968 3182/3731/4799
f 3182/3731/4799 3174/3811/4969 3181/3730/4798
f 3186/3822/4981 3191/3823/4982 3185/3824/4676
f 3185/3824/4676 3191/3823/4983 3192/3825/4982
f 3185/3824/4676 3192/3825/4983 3193/3826/4983
f 3193/3826/4982 3192/3825/4982 3202/3827/4984
f 3193/3826/4982 3202/3827/4984 3203/3828/4984
f 3203/3829/4985 3202/3830/4985 3212/3831/4986
f 3203/3829/4985 3212/3831/4986 3213/3832/4986
f 3213/3832/4987 3212/3831/4987 3027/3697/3887
f 3213/3832/4986 3027/3697/4768 3214/3833/4986
f 3214/3833/4987 3027/3697/3887 3215/3834/4987
f 3214/3833/4986 3215/3834/4986 3205/3835/4984
f 3205/3835/4985 3215/3834/4988 3206/3836/4985
f 3205/3837/4984 3206/3838/4984 3196/3839/4982
f 3196/3839/4982 3206/3838/4984 3197/3840/4982
f 3196/3839/4983 3197/3840/4983 3185/3824/4676
f 3185/3824/4676 3197/3840/4982 3023/3636/4989
f 3185/3824/4990 3023/3636/4991 3022/3635/4990
f 3186/3822/4992 3187/3841/4993 3191/3823/4982
f 3191/3823/4982 3187/3841/4994 3200/3842/4984
f 3191/3823/4982 3200/3842/4984 3201/3843/4984
f 3201/3844/4985 3200/3845/4985 3210/3846/4986
f 3201/3844/4985 3210/3846/4986 3211/3847/4986
f 3211/3847/4986 3210/3846/4986 3189/3848/4995
f 3211/3847/4986 3189/3848/4996 3027/3697/4768
f 3027/3697/3887 3189/3848/4996 3190/3849/3887
f 3187/3850/4994 3188/3851/4997 3200/3845/4984
f 3200/3845/4985 3188/3851/4998 3209/3852/4986
f 3200/3845/4985 3209/3852/4986 3210/3846/4986
f 3210/3846/4986 3209/3852/4986 3189/3848/4999
f 3188/3851/4998 3189/3848/4999 3209/3852/4986
f 3026/3690/4996 3217/3853/4987 3027/3697/3887
f 3027/3697/3887 3217/3853/4987 3216/3854/4987
f 3027/3697/3887 3216/3854/4987 3215/3834/4987
f 3215/3834/4986 3216/3854/4986 3206/3836/4985
f 3026/3690/4995 3025/3679/4998 3217/3853/4986
f 3217/3853/4986 3025/3679/4998 3208/3855/4985
f 3217/3853/4986 3208/3855/4985 3207/3856/4985
f 3207/3857/4984 3208/3858/4984 3198/3859/4982
f 3207/3857/4984 3198/3859/4982 3197/3840/4982
f 3197/3840/4982 3198/3859/4982 3023/3636/4989
f 3025/3679/4997 3024/3678/4994 3208/3855/4984
f 3208/3858/4984 3024/3667/4994 3199/3860/4982
f 3208/3858/4984 3199/3860/4982 3198/3859/4982
f 3198/3859/4982 3199/3860/4982 3023/3636/4989
f 3024/3667/4993 3023/3636/4992 3199/3860/4982
f 3202/3827/4984 3192/3825/4982 3201/3843/4984
f 3201/3843/4984 3192/3825/4982 3191/3823/5000
f 3193/3826/4982 3194/3861/4982 3185/3824/4990
f 3185/3824/4990 3194/3861/4982 3195/3862/4982
f 3185/3824/4990 3195/3862/4983 3196/3839/4982
f 3196/3839/4982 3195/3862/4982 3205/3837/4984
f 3193/3826/4982 3203/3828/4984 3194/3861/4982
f 3194/3861/4982 3203/3828/4984 3204/3863/4984
f 3194/3861/4982 3204/3863/4984 3195/3862/4982
f 3195/3862/4982 3204/3863/4984 3205/3837/4984
f 3207/3857/4984 3197/3840/4982 3206/3838/4984
f 3212/3831/4986 3202/3830/4985 3211/3847/4986
f 3211/3847/4986 3202/3830/4985 3201/3844/4985
f 3214/3833/4986 3205/3835/4985 3204/3864/4985
f 3214/3833/4986 3204/3864/4985 3213/3832/4986
f 3213/3832/4986 3204/3864/4985 3203/3829/4985
f 3217/3853/4986 3207/3856/5001 3216/3854/4986
f 3216/3854/4986 3207/3856/4985 3206/3836/4985
f 3027/3697/4768 3212/3831/4986 3211/3847/4986
f 2553/3118/3904 2552/3117/4072 3259/3865/5002
f 3259/3865/5002 2552/3117/4072 3272/3866/5003
f 3259/3865/5002 3272/3866/5003 3258/3867/5004
f 3258/3867/5004 3272/3866/5003 3279/3868/5005
f 3258/3867/5004 3279/3868/5005 3257/3869/5006
f 3257/3869/5006 3279/3868/5005 3286/3870/5007
f 3257/3869/5006 3286/3870/5007 3256/3871/5008
f 3256/3871/5008 3286/3870/5007 3293/3872/5009
f 3256/3871/5008 3293/3872/5009 3255/3873/5010
f 3255/3874/5010 3293/3875/5009 3300/3876/5011
f 3255/3874/5010 3300/3876/5011 3254/3877/5012
f 3254/3877/5012 3300/3876/5011 3253/3878/5013
f 3253/3878/5013 3300/3876/5011 3306/3879/5014
f 3253/3878/5013 3306/3879/5014 3265/3880/5015
f 3265/3880/5015 3306/3879/5016 3305/3881/5017
f 3265/3880/5018 3305/3881/5019 3314/3882/5020
f 3314/3882/5020 3305/3881/5017 3304/3883/5021
f 3314/3882/5020 3304/3883/5022 3315/3884/5023
f 3315/3884/5024 3304/3883/5025 3303/3885/5026
f 3315/3884/5024 3303/3885/5027 3316/3886/5028
f 3316/3887/5029 3303/3888/5030 3302/3889/5031
f 3316/3887/5032 3302/3889/5033 3317/3890/5034
f 3317/3890/5035 3302/3889/5036 3301/3891/5037
f 3317/3890/5035 3301/3891/5038 3318/3892/5039
f 3318/3892/5040 3301/3891/5041 3264/3893/5042
f 3318/3892/5039 3264/3893/5042 3319/3894/5043
f 3319/3894/5044 3264/3893/5045 3225/3895/3887
f 3319/3894/5044 3225/3895/3887 3307/3896/5046
f 3307/3896/5046 3225/3895/3887 3226/3897/3887
f 3307/3896/5046 3226/3897/3887 3320/3898/5047
f 3320/3898/5048 3226/3897/3887 3262/3899/5049
f 3320/3898/5050 3262/3899/5049 3338/3900/5051
f 3338/3900/5051 3262/3899/5049 3328/3901/5052
f 3338/3900/5053 3328/3901/5052 3329/3902/5054
f 3329/3902/5054 3328/3901/5055 3341/3903/5056
f 3329/3902/5054 3341/3903/5056 3342/3904/5057
f 3342/3904/5057 3341/3903/5056 3349/3905/5058
f 3342/3906/5057 3349/3907/5058 3350/3908/5059
f 3350/3908/5060 3349/3907/5058 3361/3909/5061
f 3350/3908/5060 3361/3909/5062 3360/3910/5063
f 3360/3910/5063 3361/3909/5062 3358/3911/5064
f 3360/3910/5065 3358/3911/5066 3359/3912/5067
f 3359/3912/5067 3358/3911/5064 3371/3913/5068
f 3359/3912/5067 3371/3913/5069 3244/3914/5070
f 3244/3914/5070 3371/3913/5069 3243/3915/5071
f 3243/3915/5071 3371/3913/5069 3378/3916/5072
f 3243/3915/5071 3378/3916/5072 3242/3917/5073
f 3242/3917/5073 3378/3916/5072 3386/3918/5074
f 3242/3917/5073 3386/3918/5075 3385/3919/5076
f 3385/3919/5076 3386/3918/5075 3387/3920/5077
f 3385/3919/5076 3387/3920/5078 3384/3921/5079
f 3384/3921/5080 3387/3920/5081 3388/3922/5082
f 3384/3921/5080 3388/3922/5083 3383/3923/5084
f 3383/3923/5085 3388/3922/5082 3389/3924/5086
f 3383/3923/5087 3389/3924/5086 3382/3925/5088
f 3382/3926/5089 3389/3927/5090 3390/3928/5091
f 3382/3926/5092 3390/3928/5093 3381/3929/5094
f 3381/3929/5094 3390/3928/5095 3391/3930/5096
f 3381/3929/5094 3391/3930/5096 3380/3931/5097
f 3380/3931/5098 3391/3930/5096 3392/3932/5099
f 3380/3931/5100 3392/3932/5099 3379/3933/5101
f 3379/3933/5102 3392/3932/5103 3235/3934/3887
f 3379/3933/5102 3235/3934/3887 3236/3935/3887
f 3272/3866/5003 2552/3117/4071 3271/3936/5104
f 3271/3936/5105 2552/3117/4071 2551/3115/3985
f 3271/3936/5105 2551/3115/3985 3270/3937/5106
f 3270/3937/5107 2551/3115/3985 3269/3938/5108
f 3270/3937/5109 3269/3938/5110 3277/3939/5111
f 3277/3939/5112 3269/3938/5110 3276/3940/5113
f 3277/3939/5111 3276/3940/5113 3284/3941/5114
f 3284/3941/5115 3276/3940/5113 3283/3942/5116
f 3284/3941/5115 3283/3942/5116 3291/3943/5117
f 3291/3943/5118 3283/3942/5116 3290/3944/5119
f 3291/3945/5120 3290/3946/5119 3298/3947/5121
f 3298/3947/5121 3290/3946/5119 3297/3948/5122
f 3298/3947/5121 3297/3948/5122 3304/3883/5022
f 3304/3883/5021 3297/3948/5122 3303/3885/5026
f 2551/3115/3985 2550/3114/3986 3269/3938/5108
f 3269/3949/5108 2550/3107/3986 3268/3950/5123
f 3269/3949/5110 3268/3950/5123 3276/3951/5124
f 3276/3951/5124 3268/3950/5123 3275/3952/5125
f 3276/3951/5126 3275/3952/5127 3283/3953/5116
f 3283/3953/5128 3275/3952/5125 3282/3954/5129
f 3283/3953/5128 3282/3954/5129 3290/3955/5130
f 3290/3955/5131 3282/3954/5129 3289/3956/5132
f 3290/3955/5131 3289/3956/5132 3297/3957/5133
f 3297/3957/5133 3289/3956/5132 3296/3958/5134
f 3297/3957/5133 3296/3958/5134 3303/3888/5135
f 3303/3888/5026 3296/3958/5134 3302/3889/5033
f 2550/3107/3986 2549/3082/3989 3268/3950/5123
f 3268/3950/5136 2549/3082/3990 3267/3959/5137
f 3268/3950/5136 3267/3959/5137 3275/3952/5127
f 3275/3952/5127 3267/3959/5137 3274/3960/5138
f 3275/3952/5127 3274/3960/5139 3282/3954/5129
f 3282/3954/5140 3274/3960/5139 3281/3961/5141
f 3282/3954/5142 3281/3961/5141 3289/3956/5132
f 3289/3956/5132 3281/3961/5143 3288/3962/5144
f 3289/3956/5132 3288/3962/5144 3296/3958/5134
f 3296/3958/5134 3288/3962/5144 3295/3963/5145
f 3296/3958/5134 3295/3963/5146 3302/3889/5033
f 3302/3889/5036 3295/3963/5145 3301/3891/5038
f 3267/3959/5137 2549/3082/3989 3266/3964/5147
f 3266/3964/5147 2549/3082/4068 2548/3084/3887
f 3266/3964/5147 2548/3084/3887 3218/3965/3887
f 3218/3965/3887 3219/3966/3887 3266/3964/5147
f 3266/3964/5147 3219/3966/3887 3273/3967/5148
f 3266/3964/5147 3273/3967/5149 3274/3960/5139
f 3274/3960/5139 3273/3967/5150 3281/3961/5141
f 3219/3966/3887 3220/3968/3887 3273/3967/5148
f 3273/3967/5148 3220/3968/3887 3280/3969/5151
f 3273/3967/5149 3280/3969/5151 3281/3961/5141
f 3281/3961/5141 3280/3969/5151 3288/3962/5152
f 3220/3968/3887 3221/3970/3887 3280/3969/5151
f 3280/3969/5151 3221/3970/3887 3287/3971/5153
f 3280/3969/5154 3287/3971/5155 3288/3962/5152
f 3288/3962/5144 3287/3971/5156 3295/3963/5145
f 3221/3970/3887 3222/3972/3887 3287/3971/5155
f 3287/3971/5155 3222/3972/3887 3294/3973/5157
f 3287/3971/5156 3294/3973/5158 3295/3963/5145
f 3295/3963/5145 3294/3973/5158 3301/3891/5038
f 3222/3972/3887 3223/3974/3887 3294/3973/5157
f 3294/3973/5157 3223/3974/3887 3224/3975/3887
f 3294/3973/5157 3224/3975/3887 3264/3893/5045
f 3264/3893/5045 3224/3975/3887 3225/3895/3887
f 3226/3897/3887 3227/3976/3887 3262/3899/5049
f 3262/3899/5049 3227/3976/3887 3327/3977/5159
f 3262/3899/5049 3327/3977/5160 3328/3901/5161
f 3328/3901/5161 3327/3977/5160 3340/3978/5162
f 3328/3901/5052 3340/3978/5163 3341/3903/5056
f 3341/3903/5056 3340/3978/5164 3348/3979/5165
f 3341/3903/5056 3348/3979/5166 3349/3905/5058
f 3349/3905/5058 3348/3979/5165 3362/3980/5167
f 3349/3907/5058 3362/3981/5168 3361/3909/5061
f 3361/3909/5061 3362/3981/5167 3357/3982/5169
f 3361/3909/5062 3357/3982/5170 3358/3911/5171
f 3358/3911/5064 3357/3982/5170 3370/3983/5172
f 3358/3911/5173 3370/3983/5172 3371/3913/5068
f 3371/3913/5068 3370/3983/5172 3378/3916/5072
f 3227/3976/3887 3228/3984/3887 3327/3977/5159
f 3327/3977/5159 3228/3984/3887 3229/3985/3887
f 3327/3977/5159 3229/3985/3887 3339/3986/5174
f 3339/3986/5174 3229/3985/3887 3230/3987/3887
f 3339/3986/5175 3230/3987/3887 3346/3988/5176
f 3346/3988/5176 3230/3987/3887 3231/3989/3887
f 3346/3988/5176 3231/3989/3887 3260/3990/5177
f 3260/3990/5177 3231/3989/3887 3232/3991/3887
f 3260/3990/5177 3232/3991/3887 3353/3992/5178
f 3353/3992/5179 3232/3991/3887 3233/3993/3887
f 3353/3992/5178 3233/3993/3887 3365/3994/5180
f 3365/3994/5181 3233/3993/3887 3234/3995/3887
f 3365/3994/5181 3234/3995/3887 3372/3996/5182
f 3372/3996/5183 3234/3995/3887 3235/3934/3887
f 3372/3996/5182 3235/3934/3887 3392/3932/5099
f 3379/3933/5102 3236/3935/3887 3393/3997/5184
f 3393/3997/5185 3236/3935/3887 3237/3998/3887
f 3393/3997/5185 3237/3998/3887 3400/3999/5186
f 3400/3999/5186 3237/3998/3887 3238/4000/3887
f 3400/3999/5186 3238/4000/3887 3407/4001/5187
f 3407/4001/5187 3238/4000/3887 3190/3849/3887
f 3407/4001/5188 3190/3849/4768 3189/3848/4758
f 3188/3851/4756 3409/4002/5189 3189/3848/4757
f 3189/3848/4758 3409/4002/5189 3408/4003/5190
f 3189/3848/4758 3408/4003/5190 3407/4001/5188
f 3407/4001/5187 3408/4003/5190 3400/3999/5191
f 3409/4002/5192 3188/3851/4746 3410/4004/5193
f 3410/4004/5194 3188/3851/5195 3187/3850/5196
f 3410/4005/5194 3187/4006/4729 3411/4007/5197
f 3411/4007/5198 3187/4006/4727 3412/4008/5199
f 3411/4007/5198 3412/4008/5199 3404/4009/5200
f 3404/4009/5200 3412/4008/5201 3405/4010/5202
f 3404/4009/5203 3405/4010/5202 3397/4011/5204
f 3397/4011/5204 3405/4010/5202 3398/4012/5205
f 3397/4011/5204 3398/4012/5205 3383/3923/5084
f 3383/3923/5084 3398/4012/5205 3384/3921/5080
f 3187/4006/4727 3186/4013/4726 3412/4008/5199
f 3412/4008/5199 3186/4013/4726 3413/4014/5206
f 3412/4008/5207 3413/4014/5208 3405/4010/5202
f 3405/4010/5209 3413/4014/5210 3406/4015/5211
f 3405/4010/5212 3406/4015/5213 3398/4012/5214
f 3398/4012/5215 3406/4015/5213 3399/4016/5216
f 3398/4012/5215 3399/4016/5216 3384/3921/5079
f 3384/3921/5079 3399/4016/5216 3385/3919/5076
f 3186/4013/4677 3185/4017/4676 3413/4014/5208
f 3413/4014/5208 3185/4017/4676 3239/4018/5217
f 3413/4014/5208 3239/4018/5218 3406/4015/5219
f 3406/4015/5219 3239/4018/5217 3240/4019/5220
f 3406/4015/5219 3240/4019/5220 3399/4016/5216
f 3399/4016/5216 3240/4019/5221 3241/4020/5222
f 3399/4016/5223 3241/4020/5224 3385/3919/5076
f 3385/3919/5225 3241/4020/5222 3242/3917/5226
f 3244/3914/5070 3245/4021/5227 3359/3912/5067
f 3359/3912/5067 3245/4021/5227 3261/4022/5228
f 3359/3912/5067 3261/4022/5229 3360/3910/5065
f 3360/3910/5230 3261/4022/5229 3351/4023/5231
f 3360/3910/5063 3351/4023/5232 3350/3908/5060
f 3350/3908/5060 3351/4023/5233 3343/4024/5234
f 3350/3908/5059 3343/4024/5235 3342/3906/5057
f 3342/3906/5057 3343/4024/5235 3330/4025/5236
f 3342/3904/5057 3330/4026/5237 3329/3902/5054
f 3329/3902/5054 3330/4026/5237 3337/4027/5238
f 3329/3902/5054 3337/4027/5238 3338/3900/5053
f 3338/3900/5051 3337/4027/5238 3321/4028/5239
f 3338/3900/5051 3321/4028/5239 3320/3898/5050
f 3320/3898/5050 3321/4028/5239 3307/3896/5240
f 3245/4021/5227 3246/4029/5241 3261/4022/5229
f 3261/4022/5229 3246/4029/5241 3352/4030/5242
f 3261/4022/5229 3352/4030/5243 3351/4023/5231
f 3351/4023/5231 3352/4030/5243 3344/4031/5244
f 3351/4023/5233 3344/4031/5245 3343/4024/5235
f 3343/4024/5235 3344/4031/5245 3331/4032/5246
f 3343/4024/5247 3331/4032/5246 3330/4025/5236
f 3330/4025/5236 3331/4032/5246 3336/4033/5248
f 3330/4026/5237 3336/4034/5249 3337/4027/5250
f 3337/4027/5250 3336/4034/5249 3322/4035/5251
f 3337/4027/5238 3322/4035/5252 3321/4028/5253
f 3321/4028/5239 3322/4035/5254 3308/4036/5255
f 3321/4028/5239 3308/4036/5256 3307/3896/5257
f 3307/3896/5257 3308/4036/5256 3319/3894/5044
f 3246/4029/5241 3247/4037/5258 3352/4030/5243
f 3352/4030/5243 3247/4037/5259 3345/4038/5260
f 3352/4030/5261 3345/4038/5262 3344/4031/5245
f 3344/4031/5244 3345/4038/5262 3332/4039/5263
f 3344/4031/5244 3332/4039/5263 3331/4032/5264
f 3331/4032/5246 3332/4039/5263 3335/4040/5265
f 3331/4032/5246 3335/4040/5265 3336/4033/5266
f 3336/4033/5267 3335/4040/5268 3323/4041/5269
f 3336/4034/5249 3323/4042/5269 3322/4035/5254
f 3322/4035/5251 3323/4042/5270 3309/4043/5271
f 3322/4035/5254 3309/4043/5272 3308/4036/5273
f 3308/4036/5255 3309/4043/5271 3318/3892/5274
f 3308/4036/5256 3318/3892/5039 3319/3894/5044
f 3247/4037/5258 3248/4044/5275 3345/4038/5262
f 3345/4038/5262 3248/4044/5275 3333/4045/5276
f 3345/4038/5262 3333/4045/5277 3332/4039/5263
f 3332/4039/5263 3333/4045/5278 3334/4046/5279
f 3332/4039/5263 3334/4046/5279 3335/4040/5265
f 3335/4040/5265 3334/4046/5279 3324/4047/5280
f 3335/4040/5281 3324/4047/5282 3323/4041/5269
f 3323/4041/5269 3324/4047/5283 3310/4048/5284
f 3323/4042/5270 3310/4049/5284 3309/4043/5271
f 3309/4043/5271 3310/4049/5284 3317/3890/5034
f 3309/4043/5272 3317/3890/5035 3318/3892/5274
f 3248/4044/5275 3249/4050/5285 3333/4045/5276
f 3333/4045/5276 3249/4050/5286 3250/4051/5287
f 3333/4045/5288 3250/4051/5287 3263/4052/5289
f 3263/4052/5289 3250/4051/5287 3251/4053/5290
f 3263/4052/5289 3251/4053/5290 3326/4054/5291
f 3326/4054/5291 3251/4053/5290 3313/4055/5292
f 3326/4054/5291 3313/4055/5293 3312/4056/5294
f 3312/4056/5294 3313/4055/5293 3314/3882/5020
f 3312/4056/5294 3314/3882/5295 3315/3884/5023
f 3251/4053/5290 3252/4057/5296 3313/4055/5292
f 3313/4055/5292 3252/4057/5296 3265/3880/5015
f 3313/4055/5293 3265/3880/5015 3314/3882/5020
f 3252/4057/5296 3253/3878/5297 3265/3880/5015
f 3274/3960/5139 3267/3959/5137 3266/3964/5298
f 3279/3868/5299 3272/3866/5003 3271/3936/5104
f 3271/3936/5105 3270/3937/5300 3278/4058/5301
f 3278/4058/5302 3270/3937/5300 3277/3939/5112
f 3278/4058/5303 3277/3939/5112 3285/4059/5304
f 3285/4059/5304 3277/3939/5112 3284/3941/5305
f 3285/4059/5304 3284/3941/5305 3292/4060/5306
f 3292/4060/5306 3284/3941/5115 3291/3943/5118
f 3292/4061/5306 3291/3945/5118 3299/4062/5307
f 3299/4062/5307 3291/3945/5120 3298/3947/5308
f 3299/4062/5309 3298/3947/5310 3305/3881/5017
f 3305/3881/5017 3298/3947/5310 3304/3883/5021
f 3286/3870/5311 3279/3868/5299 3278/4058/5312
f 3278/4058/5312 3279/3868/5299 3271/3936/5104
f 3286/3870/5311 3278/4058/5312 3285/4059/5304
f 3293/3872/5313 3286/3870/5311 3285/4059/5304
f 3293/3872/5313 3285/4059/5304 3292/4060/5314
f 3300/3876/5315 3293/3875/5313 3292/4061/5306
f 3300/3876/5011 3292/4061/5306 3299/4062/5307
f 3264/3893/5042 3301/3891/5041 3294/3973/5158
f 3306/3879/5014 3300/3876/5316 3299/4062/5307
f 3306/3879/5016 3299/4062/5307 3305/3881/5017
f 3316/3887/5032 3317/3890/5034 3310/4049/5317
f 3315/3884/5024 3316/3886/5032 3311/4063/5318
f 3311/4063/5318 3316/3886/5032 3310/4048/5284
f 3311/4063/5318 3310/4048/5319 3324/4047/5283
f 3315/3884/5023 3311/4063/5318 3312/4056/5294
f 3312/4056/5294 3311/4063/5318 3325/4064/5320
f 3312/4056/5294 3325/4064/5321 3326/4054/5291
f 3326/4054/5291 3325/4064/5321 3263/4052/5322
f 3325/4064/5320 3311/4063/5318 3324/4047/5280
f 3263/4052/5289 3325/4064/5321 3334/4046/5279
f 3334/4046/5279 3325/4064/5321 3324/4047/5280
f 3263/4052/5289 3334/4046/5279 3333/4045/5323
f 3327/3977/5160 3339/3986/5324 3340/3978/5162
f 3340/3978/5162 3339/3986/5175 3347/4065/5325
f 3340/3978/5163 3347/4065/5326 3348/3979/5165
f 3348/3979/5165 3347/4065/5326 3363/4066/5327
f 3348/3979/5166 3363/4066/5328 3362/3980/5329
f 3362/3980/5329 3363/4066/5328 3356/4067/5330
f 3362/3981/5167 3356/4068/5331 3357/3982/5170
f 3357/3982/5169 3356/4068/5331 3369/4069/5332
f 3357/3982/5170 3369/4069/5333 3370/3983/5172
f 3370/3983/5172 3369/4069/5333 3377/4070/5334
f 3370/3983/5172 3377/4070/5335 3378/3916/5336
f 3378/3916/5072 3377/4070/5337 3386/3918/5074
f 3339/3986/5324 3346/3988/5338 3347/4065/5339
f 3347/4065/5339 3346/3988/5176 3364/4071/5340
f 3347/4065/5326 3364/4071/5341 3363/4066/5327
f 3363/4066/5327 3364/4071/5341 3355/4072/5342
f 3363/4066/5328 3355/4072/5343 3356/4067/5330
f 3356/4067/5330 3355/4072/5344 3368/4073/5345
f 3356/4068/5331 3368/4074/5346 3369/4069/5332
f 3369/4069/5332 3368/4074/5345 3376/4075/5347
f 3369/4069/5333 3376/4075/5348 3377/4070/5334
f 3377/4070/5334 3376/4075/5348 3387/3920/5081
f 3377/4070/5349 3387/3920/5078 3386/3918/5074
f 3353/3992/5178 3354/4076/5350 3260/3990/5351
f 3260/3990/5351 3354/4076/5350 3364/4071/5352
f 3260/3990/5353 3364/4071/5340 3346/3988/5354
f 3364/4071/5341 3354/4076/5350 3355/4072/5342
f 3355/4072/5342 3354/4076/5355 3367/4077/5356
f 3355/4072/5342 3367/4077/5357 3368/4073/5345
f 3368/4073/5345 3367/4077/5357 3375/4078/5358
f 3368/4074/5345 3375/4079/5359 3376/4075/5360
f 3376/4075/5347 3375/4079/5359 3388/3922/5361
f 3376/4075/5348 3388/3922/5083 3387/3920/5081
f 3354/4076/5350 3353/3992/5178 3366/4080/5362
f 3366/4080/5362 3353/3992/5178 3365/3994/5180
f 3366/4080/5362 3365/3994/5180 3373/4081/5363
f 3373/4081/5364 3365/3994/5180 3372/3996/5183
f 3373/4081/5364 3372/3996/5183 3391/3930/5096
f 3391/3930/5096 3372/3996/5183 3392/3932/5099
f 3354/4076/5355 3366/4080/5365 3367/4077/5356
f 3367/4077/5356 3366/4080/5365 3374/4082/5366
f 3367/4077/5367 3374/4082/5368 3375/4078/5358
f 3375/4078/5358 3374/4082/5368 3389/3927/5090
f 3375/4079/5359 3389/3924/5086 3388/3922/5083
f 3374/4082/5366 3366/4080/5365 3373/4081/5363
f 3391/3930/5096 3390/3928/5369 3373/4081/5364
f 3373/4081/5363 3390/3928/5369 3374/4082/5368
f 3390/3928/5369 3389/3927/5370 3374/4082/5368
f 3380/3931/5098 3379/3933/5101 3394/4083/5371
f 3394/4083/5372 3379/3933/5102 3393/3997/5373
f 3394/4083/5371 3393/3997/5373 3401/4084/5374
f 3401/4084/5374 3393/3997/5373 3400/3999/5191
f 3401/4084/5374 3400/3999/5191 3408/4003/5190
f 3381/3929/5094 3380/3931/5097 3395/4085/5375
f 3395/4085/5375 3380/3931/5097 3394/4083/5372
f 3395/4085/5375 3394/4083/5372 3402/4086/5376
f 3402/4086/5376 3394/4083/5372 3401/4084/5377
f 3402/4086/5376 3401/4084/5378 3409/4002/5379
f 3409/4002/5192 3401/4084/5377 3408/4003/5190
f 3397/4011/5380 3383/3923/5085 3382/3925/5088
f 3382/3926/5088 3381/3929/5094 3396/4087/5381
f 3396/4087/5381 3381/3929/5094 3395/4085/5375
f 3396/4087/5381 3395/4085/5375 3403/4088/5382
f 3403/4088/5382 3395/4085/5375 3402/4086/5383
f 3403/4088/5382 3402/4086/5383 3410/4004/5193
f 3410/4004/5193 3402/4086/5383 3409/4002/5192
f 3404/4009/5200 3397/4011/5204 3396/4089/5381
f 3396/4089/5381 3397/4011/5380 3382/3925/5088
f 3404/4009/5200 3396/4089/5381 3403/4090/5382
f 3411/4007/5384 3404/4009/5200 3403/4090/5382
f 3411/4007/5384 3403/4090/5382 3410/4005/5194
f 3434/4091/4338 2816/3398/4338 3433/4092/5385
f 3433/4092/5386 2816/3398/4338 2859/3397/5387
f 3433/4092/5386 2859/3397/5387 2858/3529/5388
f 3433/4092/5386 2858/3529/5388 3432/4093/5389
f 3432/4093/5390 2858/3529/5388 2857/3528/5391
f 3432/4093/5389 2857/3528/5392 3431/4094/5393
f 3431/4094/5393 2857/3528/5392 2856/3526/5394
f 3431/4094/5393 2856/3526/5394 3430/4095/5395
f 3430/4095/5395 2856/3526/5394 2855/3524/5396
f 3430/4095/5395 2855/3524/5397 3429/4096/5398
f 3429/4096/5398 2855/3524/5396 2854/3522/5399
f 3429/4096/5398 2854/3522/5399 3428/4097/5400
f 3428/4097/5400 2854/3522/5399 2853/3520/5401
f 3428/4097/5400 2853/3520/5401 3427/4098/5402
f 3427/4098/5402 2853/3520/5401 2852/3518/5403
f 3427/4098/5402 2852/3518/5403 3426/4099/5404
f 3426/4099/5404 2852/3518/5403 2851/3516/5405
f 3426/4099/5404 2851/3516/5405 3425/4100/5406
f 3425/4100/5406 2851/3516/5405 2850/3515/5407
f 3425/4100/5406 2850/3515/5408 3424/4101/5409
f 3424/4101/5409 2850/3515/5407 2849/3513/5410
f 3424/4101/5409 2849/3513/5410 3423/4102/5411
f 3423/4102/5411 2849/3513/5410 2848/3511/5412
f 3423/4102/5411 2848/3511/5413 3422/4103/5414
f 3422/4103/5414 2848/3511/5413 2847/3509/5415
f 3422/4103/5416 2847/3509/5417 3421/4104/5418
f 3421/4104/5419 2847/3509/5415 2846/3507/5420
f 3421/4104/5418 2846/3507/5420 3420/4105/5421
f 3420/4105/5421 2846/3507/5422 2845/3505/5423
f 3420/4105/5421 2845/3505/5423 3419/4106/5424
f 3419/4106/5424 2845/3505/5423 2844/3503/5425
f 3419/4106/5424 2844/3503/5426 3418/4107/5427
f 3418/4107/5427 2844/3503/5426 2843/3501/5428
f 3418/4107/5427 2843/3501/5428 3417/4108/5429
f 3417/4108/5429 2843/3501/5428 2842/3499/5430
f 3417/4108/5431 2842/3499/5430 3416/4109/5432
f 3416/4109/5432 2842/3499/5430 2841/3494/5433
f 3416/4109/5432 2841/3494/5433 3415/4110/5434
f 3415/4110/5434 2841/3494/5433 2840/3493/5435
f 3415/4110/5434 2840/3493/5436 3414/4111/3906
f 3414/4111/3906 2840/3493/5436 2783/3356/3906
f 2783/3356/3906 2581/3125/3906 3414/4111/3906
f 3414/4111/3906 2581/3125/3906 3435/4112/3906
f 3435/4112/3906 2581/3125/3906 3458/4113/5437
f 3458/4113/5437 2581/3125/3906 2628/3124/5438
f 3458/4113/5437 2628/3124/5438 3457/4114/5439
f 3457/4114/5439 2628/3124/5440 2627/3301/5441
f 3457/4115/5439 2627/3298/5442 3456/4116/5443
f 3456/4116/5443 2627/3298/5442 2626/3296/5444
f 3456/4116/5443 2626/3296/5444 3455/4117/5445
f 3455/4117/5446 2626/3296/5444 2625/3294/5447
f 3455/4117/5446 2625/3294/5448 3454/4118/5449
f 3454/4118/5450 2625/3294/5448 2624/3289/5451
f 3454/4118/5449 2624/3289/5451 3453/4119/5452
f 3453/4119/5452 2624/3289/5451 2623/3285/5453
f 3453/4119/5452 2623/3285/5453 3452/4120/5454
f 3452/4120/5454 2623/3285/5453 2622/3282/5455
f 3452/4120/5454 2622/3282/5455 3451/4121/5456
f 3451/4121/5457 2622/3282/5458 2621/3279/5459
f 3451/4121/5460 2621/3279/5459 3450/4122/5461
f 3450/4122/5462 2621/3279/5459 2620/3276/5463
f 3450/4122/5464 2620/3276/5465 3449/4123/5466
f 3449/4123/5466 2620/3276/5465 2619/3273/5467
f 3449/4123/5466 2619/3273/5467 3448/4124/5468
f 3448/4124/5469 2619/3273/5467 2618/3270/5470
f 3448/4124/5469 2618/3270/5470 3447/4125/5471
f 3447/4125/5471 2618/3270/5470 2617/3267/4130
f 3447/4125/5471 2617/3267/4130 3446/4126/5472
f 3446/4126/5472 2617/3267/4130 3445/4127/5473
f 3445/4127/5473 2617/3267/4130 2616/3264/5474
f 3445/4127/5473 2616/3264/5474 3444/4128/5475
f 3444/4128/5475 2616/3264/5474 2615/3261/5476
f 3444/4128/5475 2615/3261/5477 3443/4129/5478
f 3443/4129/5478 2615/3261/5476 2614/3258/5479
f 3443/4129/5478 2614/3258/5480 3442/4130/5481
f 3442/4130/5481 2614/3258/5479 2613/3255/5482
f 3442/4130/5481 2613/3255/5482 3441/4131/5483
f 3441/4131/5484 2613/3255/5482 2612/3252/5485
f 3441/4131/5486 2612/3252/5485 3440/4132/5487
f 3440/4132/5487 2612/3252/5485 2611/3249/5488
f 3440/4132/5487 2611/3249/5488 3439/4133/5489
f 3439/4133/5489 2611/3249/5488 2610/3246/5490
f 3439/4133/5489 2610/3246/5490 3438/4134/5491
f 3438/4134/5491 2610/3246/5490 2609/3242/5492
f 3438/4134/5491 2609/3242/5492 3437/4135/5493
f 3437/4135/5493 2609/3242/5492 2608/3241/5494
f 3437/4135/5493 2608/3241/5494 3436/4136/3904
f 3436/4136/3904 2608/3241/5494 2554/3093/3904
f 2554/3093/3904 2553/3118/3904 3436/4136/3904
f 3436/4136/3904 2553/3118/3904 3459/4137/3904
f 3536/4138/3887 3460/4139/3887 3027/3697/3887
f 3027/3697/3887 3460/4139/3887 3461/4140/3887
f 3027/3697/3887 3461/4140/3887 3462/4141/3887
f 3462/4141/3887 3463/4142/3887 3027/3697/3887
f 3027/3697/3887 3463/4142/3887 3464/4143/3887
f 3027/3697/3887 3464/4143/3887 3465/4144/3887
f 3465/4144/3887 3466/4145/3887 3027/3697/3887
f 3027/3697/3887 3466/4145/3887 2991/3625/3887
f 3027/3697/3887 2991/3625/3887 3028/3698/3887
f 3028/3698/3887 2991/3625/3887 3029/3699/3887
f 3029/3699/3887 2991/3625/3887 3030/3701/3887
f 3030/3701/3887 2991/3625/3887 3031/3703/3887
f 3031/3703/3887 2991/3625/3887 3032/3705/3887
f 3032/3705/3887 2991/3625/3887 3033/3664/3887
f 3033/3664/3887 2991/3625/3887 3034/3665/3887
f 3034/3665/3887 2991/3625/3887 3035/3708/3887
f 3035/3708/3887 2991/3625/3887 3036/3710/3887
f 3036/3710/3887 2991/3625/3887 3037/3712/3887
f 3037/3712/3887 2991/3625/3887 3038/3714/3887
f 3038/3714/3887 2991/3625/3887 3039/3716/3887
f 3039/3716/3887 2991/3625/3887 3040/3718/3887
f 3040/3718/3887 2991/3625/3887 3041/3720/3887
f 3041/3720/3887 2991/3625/3887 3042/3721/3887
f 3042/3721/3887 2991/3625/3887 3043/3723/3887
f 3043/3723/4429 2991/3625/4429 3044/3724/4429
f 3044/3724/3887 2991/3625/3887 3045/3726/3887
f 3466/4145/3887 3467/4146/3887 2991/3625/3887
f 2991/3625/3887 3467/4146/3887 3468/4147/3887
f 2991/3625/3887 3468/4147/3887 3469/4148/3887
f 3469/4148/3887 3470/4149/3887 2991/3625/3887
f 2991/3625/3887 3470/4149/3887 3471/4150/3887
f 2991/3625/3887 3471/4150/3887 3472/4151/3887
f 3472/4151/3887 3473/4152/3887 2991/3625/3887
f 2991/3625/3887 3473/4152/3887 3474/4153/3887
f 2991/3625/3887 3474/4153/3887 3475/4154/3887
f 3475/4154/3887 3476/4155/3887 2991/3625/3887
f 2991/3625/3887 3476/4155/3887 3477/4156/3887
f 2991/3625/3887 3477/4156/3887 3478/4157/3887
f 3478/4157/3887 3479/4158/3887 2991/3625/3887
f 2991/3625/3887 3479/4158/3887 2821/3481/3887
f 2821/3481/3887 3479/4158/3887 3480/4159/3887
f 2821/3481/3887 3480/4159/3887 3481/4160/3887
f 3481/4160/3887 3482/4161/3887 2821/3481/3887
f 2821/3481/3887 3482/4161/3887 3483/4162/3887
f 2821/3481/3887 3483/4162/3887 3484/4163/3887
f 3484/4163/3887 3485/4164/3887 2821/3481/3887
f 2821/3481/3887 3485/4164/3887 3486/4165/3887
f 2821/3481/3887 3486/4165/3887 3487/4166/3887
f 3487/4166/3887 3488/4167/3887 2821/3481/3887
f 2821/3481/3887 3488/4167/3887 3489/4168/3887
f 2821/3481/3887 3489/4168/3887 3490/4169/3887
f 3490/4169/3887 3491/4170/3887 2821/3481/3887
f 2821/3481/3887 3491/4170/3887 3492/4171/3887
f 2821/3481/3887 3492/4171/3887 3493/4172/3887
f 2821/3481/3887 3493/4172/3887 2788/3381/3887
f 2788/3381/3887 3493/4172/3887 3494/4173/3887
f 2788/3381/3887 3494/4173/3887 3495/4174/3887
f 3495/4174/3887 3496/4175/3887 2788/3381/3887
f 2788/3381/3887 3496/4175/3887 3497/4176/3887
f 2788/3381/3887 3497/4176/3887 3498/4177/3887
f 3498/4177/3887 3499/4178/3887 2788/3381/3887
f 2788/3381/3887 3499/4178/3887 3500/4179/3887
f 2788/3381/3887 3500/4179/3887 3501/4180/3887
f 3501/4180/3887 3502/4181/3887 2788/3381/3887
f 2788/3381/3887 3502/4181/3887 2586/3230/3887
f 2586/3230/3887 3502/4181/3887 3503/4182/3887
f 2586/3230/3887 3503/4182/3887 3504/4183/3887
f 3504/4183/3887 3505/4184/3887 2586/3230/3887
f 2586/3230/3887 3505/4184/3887 3506/4185/3887
f 2586/3230/3887 3506/4185/3887 3507/4186/3887
f 2586/3230/3887 3507/4186/3887 3554/4187/3887
f 3554/4187/3887 3507/4186/3887 3508/4188/3887
f 3554/4187/3887 3508/4188/3887 3553/4189/3887
f 3553/4189/3887 3508/4188/3887 3509/4190/3887
f 3553/4189/3887 3509/4190/3887 3552/4191/3887
f 3552/4191/3887 3509/4190/3887 3510/4192/3887
f 3552/4191/3887 3510/4192/3887 3551/4193/3887
f 3551/4193/3887 3510/4192/3887 3511/4194/3887
f 3551/4193/3887 3511/4194/3887 3550/4195/3887
f 3550/4195/3887 3511/4194/3887 3512/4196/3887
f 3550/4195/3887 3512/4196/3887 3513/4197/3887
f 3550/4195/3887 3513/4197/3887 3549/4198/3887
f 3549/4198/3887 3513/4197/3887 3514/4199/3887
f 3549/4198/3887 3514/4199/3887 3515/4200/3887
f 3515/4200/3887 3516/4201/3887 3549/4198/3887
f 3549/4198/3887 3516/4201/3887 3517/4202/3887
f 3549/4198/3887 3517/4202/3887 3518/4203/3887
f 3549/4198/3887 3518/4203/3887 3548/4204/3887
f 3548/4204/3887 3518/4203/3887 3519/4205/3887
f 3548/4204/3887 3519/4205/3887 3520/4206/3887
f 3520/4206/3887 3521/4207/3887 3548/4204/3887
f 3548/4204/3887 3521/4207/3887 3522/4208/3887
f 3548/4204/3887 3522/4208/3887 3523/4209/3887
f 3548/4204/3887 3523/4209/3887 3547/4210/3887
f 3547/4210/3887 3523/4209/3887 3524/4211/3887
f 3547/4210/3887 3524/4211/3887 3546/4212/3887
f 3546/4212/3887 3524/4211/3887 3525/4213/3887
f 3546/4212/3887 3525/4213/3887 3545/4214/3887
f 3545/4214/3887 3525/4213/3887 3526/4215/3887
f 3545/4214/3887 3526/4215/3887 3544/4216/3887
f 3544/4216/3887 3526/4215/3887 3527/4217/3887
f 3544/4216/3887 3527/4217/3887 3528/4218/3887
f 3544/4216/3887 3528/4218/3887 3543/4219/3887
f 3543/4219/3887 3528/4218/3887 3529/4220/3887
f 3543/4219/3887 3529/4220/3887 3190/3849/3887
f 3190/3849/3887 3529/4220/3887 3530/4221/3887
f 3190/3849/3887 3530/4221/3887 3531/4222/3887
f 3531/4222/3887 3532/4223/3887 3190/3849/3887
f 3190/3849/3887 3532/4223/3887 3533/4224/3887
f 3190/3849/3887 3533/4224/3887 3027/3697/3887
f 3027/3697/3887 3533/4224/3887 3534/4225/3887
f 3027/3697/3887 3534/4225/3887 3535/4226/3887
f 3535/4226/3887 3536/4138/3887 3027/3697/3887
f 3580/4227/3887 3537/4228/3887 2548/3084/3887
f 2548/3084/3887 3537/4228/3887 3538/4229/3887
f 2548/3084/3887 3538/4229/3887 3218/3965/3887
f 3218/3965/3887 3538/4229/3887 3219/3966/3887
f 3219/3966/3887 3538/4229/3887 3220/3968/3887
f 3220/3968/3887 3538/4229/3887 3221/3970/3887
f 3221/3970/3887 3538/4229/3887 3539/4230/3887
f 3221/3970/3887 3539/4230/3887 3222/3972/3887
f 3222/3972/3887 3539/4230/3887 3190/3849/3887
f 3222/3972/3887 3190/3849/3887 3223/3974/3887
f 3223/3974/3887 3190/3849/3887 3224/3975/3887
f 3224/3975/3887 3190/3849/3887 3225/3895/3887
f 3225/3895/3887 3190/3849/3887 3226/3897/3887
f 3226/3897/3887 3190/3849/3887 3227/3976/3887
f 3227/3976/3887 3190/3849/3887 3228/3984/3887
f 3228/3984/3887 3190/3849/3887 3229/3985/3887
f 3229/3985/3887 3190/3849/3887 3230/3987/3887
f 3230/3987/3887 3190/3849/3887 3231/3989/3887
f 3231/3989/3887 3190/3849/3887 3232/3991/3887
f 3232/3991/3887 3190/3849/3887 3233/3993/3887
f 3233/3993/3887 3190/3849/3887 3234/3995/3887
f 3234/3995/3887 3190/3849/3887 3235/3934/3887
f 3235/3934/3887 3190/3849/3887 3236/3935/3887
f 3236/3935/3887 3190/3849/3887 3238/4000/3887
f 3236/3935/3887 3238/4000/3887 3237/3998/3887
f 3539/4230/3887 3540/4231/3887 3190/3849/3887
f 3190/3849/3887 3540/4231/3887 3541/4232/3887
f 3190/3849/3887 3541/4232/3887 3542/4233/3887
f 3542/4233/3887 3543/4219/3887 3190/3849/3887
f 3554/4187/3887 3555/4234/3887 2586/3230/3887
f 2586/3230/3887 3555/4234/3887 3556/4235/3887
f 2586/3230/3887 3556/4235/3887 3557/4236/3887
f 3557/4236/3887 3558/4237/3887 2586/3230/3887
f 2586/3230/3887 3558/4237/3887 2603/3188/3887
f 2586/3230/3887 2603/3188/3887 2602/3190/3887
f 2603/3188/3887 3558/4237/3887 2604/3186/3887
f 2604/3186/3887 3558/4237/3887 3559/4238/3887
f 2604/3186/3887 3559/4238/3887 2605/3184/3887
f 2605/3184/3887 3559/4238/3887 2606/3183/3887
f 2606/3183/3887 3559/4238/3887 2607/3238/3887
f 2607/3238/3887 3559/4238/3887 2559/3119/3887
f 2559/3119/3887 3559/4238/3887 3560/4239/3887
f 2559/3119/3887 3560/4239/3887 3561/4240/3887
f 3561/4240/3887 3562/4241/3887 2559/3119/3887
f 2559/3119/3887 3562/4241/3887 3563/4242/3887
f 2559/3119/3887 3563/4242/3887 3564/4243/3887
f 3564/4243/3887 3565/4244/3887 2559/3119/3887
f 2559/3119/3887 3565/4244/3887 3566/4245/3887
f 2559/3119/3887 3566/4245/3887 3567/4246/3887
f 3567/4246/3887 3568/4247/3887 2559/3119/3887
f 2559/3119/3887 3568/4247/3887 3569/4248/3887
f 2559/3119/3887 3569/4248/3887 3570/4249/3887
f 3570/4249/3887 3571/4250/3887 2559/3119/3887
f 2559/3119/3887 3571/4250/3887 2548/3084/3887
f 2548/3084/3887 3571/4250/3887 3572/4251/3887
f 2548/3084/3887 3572/4251/3887 3573/4252/3887
f 3573/4252/3887 3574/4253/3887 2548/3084/3887
f 2548/3084/3887 3574/4253/3887 3575/4254/3887
f 2548/3084/3887 3575/4254/3887 3576/4255/3887
f 3576/4255/3887 3577/4256/3887 2548/3084/3887
f 2548/3084/3887 3577/4256/3887 3578/4257/3887
f 2548/3084/3887 3578/4257/3887 3579/4258/3887
f 3579/4258/3887 3580/4227/3887 2548/3084/3887
f 2602/3190/3887 2601/3192/3887 2586/3230/3887
f 2586/3230/3887 2601/3192/3887 2600/3194/3887
f 2586/3230/3887 2600/3194/3887 2599/3196/3887
f 2599/3196/3887 2598/3198/3887 2586/3230/3887
f 2586/3230/3887 2598/3198/3887 2597/3200/3887
f 2586/3230/3887 2597/3200/3887 2596/3202/3887
f 2596/3202/3887 2595/3204/3887 2586/3230/3887
f 2586/3230/3887 2595/3204/3887 2594/3206/3887
f 2586/3230/3887 2594/3206/3887 2593/3208/3887
f 2593/3208/3887 2592/3210/3887 2586/3230/3887
f 2586/3230/3887 2592/3210/3887 2591/3212/3887
f 2586/3230/3887 2591/3212/3887 2590/3237/3887
f 2590/3237/3887 2589/3235/3887 2586/3230/3887
f 2586/3230/3887 2589/3235/3887 2588/3233/3887
f 2586/3230/3887 2588/3233/3887 2587/3231/3887
f 2788/3381/3887 2839/3489/3887 2821/3481/3887
f 2821/3481/3887 2839/3489/3887 2838/3448/3887
f 2821/3481/3887 2838/3448/3887 2837/3450/3887
f 2837/3450/3887 2836/3452/3887 2821/3481/3887
f 2821/3481/3887 2836/3452/3887 2835/3454/3887
f 2821/3481/3887 2835/3454/3887 2834/3456/3887
f 2834/3456/3887 2833/3458/3887 2821/3481/3887
f 2821/3481/3887 2833/3458/3887 2832/3460/3887
f 2821/3481/3887 2832/3460/3887 2831/3462/3887
f 2831/3462/3887 2830/3464/3887 2821/3481/3887
f 2821/3481/3887 2830/3464/3887 2829/3466/3887
f 2821/3481/3887 2829/3466/3887 2828/3468/3887
f 2828/3468/3887 2827/3470/3887 2821/3481/3887
f 2821/3481/3887 2827/3470/3887 2826/3472/3887
f 2821/3481/3887 2826/3472/3887 2825/3474/3887
f 2825/3474/3887 2824/3476/3887 2821/3481/3887
f 2821/3481/4429 2824/3476/4429 2823/3478/4429
f 2821/3481/3887 2823/3478/3887 2822/3479/3887
f 3582/4259/5495 3667/4260/5496 3581/4261/3906
f 3581/4261/3906 3667/4260/5496 3676/4262/5497
f 3581/4261/4336 3676/4262/5497 4049/4263/5498
f 4049/4263/5499 3676/4262/5500 3675/4264/5501
f 4049/4263/5499 3675/4264/5501 4050/4265/5502
f 4050/4265/5503 3675/4264/5504 3674/4266/4317
f 4050/4265/5503 3674/4266/4317 4051/4267/5505
f 4051/4268/5506 3674/4269/4317 3673/4270/5507
f 4051/4268/5506 3673/4270/5507 4052/4271/5508
f 4052/4271/5509 3673/4270/5510 3672/4272/5511
f 4052/4271/5509 3672/4272/5511 4053/4273/5512
f 4053/4273/5512 3672/4272/5511 3460/4139/3887
f 4053/4273/5512 3460/4139/3887 3536/4138/3887
f 3667/4260/5496 3582/4259/5495 3677/4274/5513
f 3677/4274/5513 3582/4259/5495 3583/4275/5514
f 3677/4274/5513 3583/4275/5514 3682/4276/5515
f 3682/4277/5515 3583/4278/5514 3584/4279/5516
f 3682/4277/5517 3584/4279/5516 3687/4280/5518
f 3687/4280/5519 3584/4279/5520 3585/4281/5521
f 3687/4280/5522 3585/4281/5521 3692/4282/5523
f 3692/4282/5524 3585/4281/5521 3586/4283/5525
f 3692/4282/5523 3586/4283/5525 3697/4284/5526
f 3697/4284/5527 3586/4283/5525 3587/4285/5528
f 3697/4284/5527 3587/4285/5529 3702/4286/5530
f 3702/4286/5530 3587/4285/5529 3588/4287/5531
f 3702/4286/5530 3588/4287/5531 3707/4288/5532
f 3707/4288/5533 3588/4287/5534 3589/4289/5535
f 3707/4288/5533 3589/4289/5535 3712/4290/5536
f 3712/4290/5537 3589/4289/5538 3590/4291/5539
f 3712/4290/5537 3590/4291/5539 3717/4292/5540
f 3717/4292/5540 3590/4291/5539 3591/4293/5541
f 3717/4292/5540 3591/4293/5541 3663/4294/5542
f 3663/4294/5543 3591/4293/5544 3592/4295/5545
f 3663/4294/5543 3592/4295/5545 3735/4296/5546
f 3735/4296/5547 3592/4295/5548 3726/4297/5549
f 3735/4296/5550 3726/4297/5551 3727/4298/5552
f 3727/4298/5552 3726/4297/5551 3737/4299/5553
f 3727/4298/5554 3737/4299/5555 3738/4300/5556
f 3738/4300/5556 3737/4299/5555 3743/4301/5557
f 3738/4302/5556 3743/4303/5557 3744/4304/5558
f 3744/4304/5559 3743/4303/5557 3749/4305/5560
f 3744/4304/5559 3749/4305/5560 3750/4306/5561
f 3750/4306/5561 3749/4305/5560 3755/4307/5562
f 3750/4306/5563 3755/4307/5564 3476/4155/3887
f 3476/4155/3887 3755/4307/5564 3477/4156/3887
f 3477/4156/3887 3755/4307/5564 3760/4308/5565
f 3477/4156/3887 3760/4308/5565 3478/4157/3887
f 3478/4157/3887 3760/4308/5566 3765/4309/5567
f 3478/4157/3887 3765/4309/5568 3479/4158/3887
f 3479/4158/3887 3765/4309/5567 3770/4310/5569
f 3479/4158/3887 3770/4310/5569 3480/4159/3887
f 3480/4159/3887 3770/4310/5569 3775/4311/5570
f 3480/4159/3887 3775/4311/5571 3481/4160/3887
f 3481/4160/3887 3775/4311/5572 3779/4312/5573
f 3481/4160/3887 3779/4312/5573 3482/4161/3887
f 3482/4161/3887 3779/4312/5573 3785/4313/5574
f 3482/4161/3887 3785/4313/5574 3483/4162/3887
f 3483/4162/3887 3785/4313/5574 3784/4314/5575
f 3483/4162/3887 3784/4314/5576 3484/4163/3887
f 3484/4163/3887 3784/4314/5575 3794/4315/5577
f 3484/4163/3887 3794/4315/5577 3485/4164/3887
f 3485/4164/3887 3794/4315/5578 3665/4316/5579
f 3485/4164/3887 3665/4316/5580 3486/4165/3887
f 3486/4165/3887 3665/4316/5580 3803/4317/5581
f 3486/4165/3887 3803/4317/5581 3808/4318/5582
f 3808/4318/5582 3803/4317/5583 3802/4319/5584
f 3808/4318/5582 3802/4319/5585 3807/4320/5586
f 3807/4320/5586 3802/4319/5587 3801/4321/5588
f 3807/4320/5586 3801/4321/5588 3806/4322/5589
f 3806/4323/5590 3801/4324/5588 3800/4325/5591
f 3806/4323/5590 3800/4325/5591 3805/4326/5592
f 3805/4326/5593 3800/4325/5594 3799/4327/5595
f 3805/4326/5593 3799/4327/5596 3804/4328/5597
f 3804/4328/5597 3799/4327/5596 3606/4329/5598
f 3804/4328/5599 3606/4329/5600 3607/4330/5601
f 3592/4295/5548 3593/4331/5602 3726/4297/5549
f 3726/4297/5549 3593/4331/5602 3736/4332/5603
f 3726/4297/5549 3736/4332/5603 3737/4299/5553
f 3737/4299/5604 3736/4332/5603 3742/4333/5605
f 3737/4299/5555 3742/4333/5605 3743/4301/5557
f 3743/4301/5557 3742/4333/5605 3748/4334/5606
f 3743/4303/5557 3748/4335/5607 3749/4305/5560
f 3749/4305/5560 3748/4335/5606 3754/4336/5608
f 3749/4305/5560 3754/4336/5609 3755/4307/5562
f 3755/4307/5562 3754/4336/5609 3760/4308/5565
f 3593/4331/5602 3594/4337/5610 3736/4332/5603
f 3736/4332/5603 3594/4337/5611 3741/4338/5612
f 3736/4332/5603 3741/4338/5613 3742/4333/5605
f 3742/4333/5605 3741/4338/5613 3747/4339/5614
f 3742/4333/5605 3747/4339/5614 3748/4334/5606
f 3748/4334/5606 3747/4339/5614 3753/4340/5615
f 3748/4335/5606 3753/4341/5616 3754/4336/5608
f 3754/4336/5608 3753/4341/5616 3759/4342/5617
f 3754/4336/5609 3759/4342/5618 3760/4308/5565
f 3760/4308/5565 3759/4342/5617 3765/4309/5619
f 3594/4337/5611 3595/4343/5620 3741/4338/5612
f 3741/4338/5621 3595/4343/5620 3746/4344/5622
f 3741/4338/5613 3746/4344/5623 3747/4339/5614
f 3747/4339/5614 3746/4344/5623 3752/4345/5624
f 3747/4339/5614 3752/4345/5625 3753/4340/5615
f 3753/4340/5615 3752/4345/5625 3758/4346/5626
f 3753/4341/5615 3758/4347/5627 3759/4342/5617
f 3759/4342/5617 3758/4347/5627 3764/4348/5628
f 3759/4342/5617 3764/4348/5628 3765/4309/5619
f 3765/4309/5619 3764/4348/5628 3770/4310/5629
f 3595/4343/5620 3596/4349/5630 3746/4344/5622
f 3746/4344/5622 3596/4349/5630 3751/4350/5631
f 3746/4344/5623 3751/4350/5632 3752/4345/5624
f 3752/4345/5624 3751/4350/5632 3757/4351/5633
f 3752/4345/5625 3757/4351/5634 3758/4346/5626
f 3758/4346/5626 3757/4351/5634 3763/4352/5635
f 3758/4347/5627 3763/4353/5636 3764/4348/5628
f 3764/4348/5637 3763/4353/5636 3769/4354/5638
f 3764/4348/5628 3769/4354/5638 3770/4310/5569
f 3770/4310/5629 3769/4354/5638 3775/4311/5572
f 3596/4349/5630 3597/4355/5639 3751/4350/5631
f 3751/4350/5631 3597/4355/5639 3756/4356/5640
f 3751/4350/5632 3756/4356/5641 3757/4351/5633
f 3757/4351/5633 3756/4356/5641 3762/4357/5642
f 3757/4351/5634 3762/4357/5642 3763/4352/5635
f 3763/4352/5635 3762/4357/5642 3768/4358/3891
f 3763/4353/5636 3768/4359/3890 3769/4354/5638
f 3769/4354/5638 3768/4359/3890 3774/4360/5643
f 3769/4354/5638 3774/4360/5643 3775/4311/5572
f 3775/4311/5572 3774/4360/5643 3779/4312/5644
f 3597/4355/5645 3598/4361/5646 3756/4356/5640
f 3756/4356/5640 3598/4361/5646 3761/4362/5647
f 3756/4356/5641 3761/4362/5648 3762/4357/5642
f 3762/4357/5649 3761/4362/5648 3767/4363/5650
f 3762/4357/5642 3767/4363/5650 3768/4358/3891
f 3768/4358/3891 3767/4363/5650 3773/4364/5651
f 3768/4359/3890 3773/4365/5652 3774/4360/5643
f 3774/4360/5643 3773/4365/5652 3778/4366/5653
f 3774/4360/5643 3778/4366/5654 3779/4312/5573
f 3779/4312/5573 3778/4366/5654 3785/4313/5655
f 3598/4361/5646 3599/4367/5656 3761/4362/5647
f 3761/4362/5647 3599/4367/5656 3766/4368/5657
f 3761/4362/5648 3766/4368/5658 3767/4363/5650
f 3767/4363/5650 3766/4368/5658 3772/4369/5659
f 3767/4363/5660 3772/4369/5659 3773/4364/5651
f 3773/4364/5651 3772/4369/5659 3777/4370/5661
f 3773/4365/5652 3777/4371/5662 3778/4366/5653
f 3778/4366/5653 3777/4371/5662 3786/4372/5663
f 3778/4366/5653 3786/4372/5664 3785/4313/5655
f 3785/4313/5655 3786/4372/5664 3784/4314/5576
f 3599/4367/5656 3600/4373/5665 3766/4368/5657
f 3766/4368/5657 3600/4373/5665 3771/4374/5666
f 3766/4368/5658 3771/4374/5667 3772/4369/5659
f 3772/4369/5668 3771/4374/5667 3776/4375/5669
f 3772/4369/5668 3776/4375/5670 3777/4370/5661
f 3777/4370/5661 3776/4375/5670 3787/4376/5671
f 3777/4371/5662 3787/4377/5671 3786/4372/5663
f 3786/4372/5663 3787/4377/5671 3783/4378/5672
f 3786/4372/5664 3783/4378/5672 3784/4314/5576
f 3784/4314/5576 3783/4378/5672 3794/4315/5673
f 3600/4373/5665 3601/4379/5674 3771/4374/5666
f 3771/4374/5666 3601/4379/5674 3664/4380/5675
f 3771/4374/5667 3664/4380/5676 3776/4375/5669
f 3776/4375/5669 3664/4380/5676 3788/4381/5677
f 3776/4375/5670 3788/4381/5678 3787/4376/5671
f 3787/4382/5671 3788/4383/5678 3782/4384/5679
f 3787/4377/5671 3782/4385/5679 3783/4378/5672
f 3783/4378/5672 3782/4385/5679 3793/4386/5680
f 3783/4378/5672 3793/4386/5680 3794/4315/5681
f 3794/4315/5681 3793/4386/5680 3665/4316/5580
f 3601/4379/5682 3602/4387/5683 3664/4380/5675
f 3664/4380/5675 3602/4387/5683 3789/4388/5684
f 3664/4380/5676 3789/4388/5685 3788/4381/5677
f 3788/4383/5677 3789/4389/5685 3781/4390/5686
f 3788/4383/5678 3781/4390/5686 3782/4384/5679
f 3782/4384/5679 3781/4390/5686 3792/4391/5687
f 3782/4385/5688 3792/4392/5687 3793/4386/5680
f 3793/4386/5689 3792/4392/5687 3798/4393/5690
f 3793/4386/5680 3798/4393/5690 3665/4316/5580
f 3665/4316/5580 3798/4393/5690 3803/4317/5691
f 3789/4389/5684 3602/4394/5683 3780/4395/5692
f 3780/4395/5692 3602/4394/5683 3603/4396/5693
f 3780/4395/5694 3603/4396/5693 3790/4397/5695
f 3790/4397/5695 3603/4396/5693 3604/4398/5696
f 3790/4397/5695 3604/4398/5697 3795/4399/5698
f 3795/4399/5698 3604/4398/5696 3605/4400/5699
f 3795/4399/5698 3605/4400/5700 3799/4327/5596
f 3799/4327/5596 3605/4400/5701 3606/4329/5600
f 3804/4328/5702 3607/4330/5703 3809/4401/5704
f 3809/4401/5704 3607/4330/5703 3608/4402/5705
f 3809/4401/5706 3608/4402/5705 3814/4403/5707
f 3814/4403/5708 3608/4402/5705 3609/4404/5709
f 3814/4403/5707 3609/4404/5709 3819/4405/5710
f 3819/4405/5711 3609/4404/5709 3610/4406/5712
f 3819/4405/5711 3610/4406/5713 3824/4407/5714
f 3824/4407/5715 3610/4406/5713 3611/4408/5716
f 3824/4407/5715 3611/4408/5716 3829/4409/5717
f 3829/4409/5717 3611/4408/5716 3612/4410/5718
f 3829/4409/5717 3612/4410/5718 3666/4411/5719
f 3666/4411/5720 3612/4410/5718 3613/4412/5721
f 3666/4411/5720 3613/4412/5722 3847/4413/5723
f 3847/4413/5723 3613/4412/5722 3838/4414/5724
f 3847/4413/5723 3838/4414/5725 3839/4415/5726
f 3839/4415/5726 3838/4414/5725 3849/4416/5727
f 3839/4415/5728 3849/4416/5729 3850/4417/5730
f 3850/4417/5730 3849/4416/5729 3855/4418/5731
f 3850/4419/5732 3855/4420/5731 3856/4421/5733
f 3856/4421/5733 3855/4420/5731 3861/4422/5734
f 3856/4421/5735 3861/4422/5736 3862/4423/5737
f 3862/4423/5738 3861/4422/5736 3658/4424/5739
f 3862/4423/5738 3658/4424/5739 3498/4177/3887
f 3498/4177/3887 3658/4424/5739 3499/4178/3887
f 3499/4178/3887 3658/4424/5739 3867/4425/5740
f 3499/4178/3887 3867/4425/5741 3500/4179/3887
f 3500/4179/4768 3867/4425/5741 3872/4426/5742
f 3500/4179/3887 3872/4426/5742 3501/4180/3887
f 3501/4180/3887 3872/4426/5742 3877/4427/5743
f 3501/4180/3887 3877/4427/5743 3502/4181/3887
f 3502/4181/3887 3877/4427/5743 3882/4428/5744
f 3502/4181/3887 3882/4428/5745 3503/4182/3887
f 3503/4182/3887 3882/4428/5745 3886/4429/5746
f 3503/4182/3887 3886/4429/5746 3504/4183/3887
f 3504/4183/3887 3886/4429/5746 3892/4430/5747
f 3504/4183/3887 3892/4430/5748 3505/4184/3887
f 3505/4184/3887 3892/4430/5747 3891/4431/5749
f 3505/4184/4768 3891/4431/5750 3506/4185/4768
f 3506/4185/3887 3891/4431/5749 3901/4432/5751
f 3506/4185/3887 3901/4432/5751 3507/4186/3887
f 3507/4186/3887 3901/4432/5751 3906/4433/5752
f 3507/4186/3887 3906/4433/5752 3508/4188/3887
f 3508/4188/3887 3906/4433/5753 3911/4434/5754
f 3508/4188/3887 3911/4434/5754 3509/4190/3887
f 3509/4190/3887 3911/4434/5754 3916/4435/5755
f 3509/4190/3887 3916/4435/5756 3510/4192/3887
f 3510/4192/3887 3916/4435/5755 3921/4436/5757
f 3510/4192/3887 3921/4436/5757 3511/4194/3887
f 3511/4194/3887 3921/4436/5757 3926/4437/5758
f 3511/4194/4429 3926/4437/5758 3660/4438/5759
f 3660/4438/5760 3926/4437/5758 3925/4439/5761
f 3660/4438/5760 3925/4439/5761 3930/4440/5762
f 3930/4440/5762 3925/4439/5763 3924/4441/5764
f 3930/4440/5765 3924/4441/5766 3929/4442/5767
f 3929/4443/5768 3924/4444/5769 3923/4445/5770
f 3929/4443/5768 3923/4445/5770 3928/4446/5771
f 3928/4446/5772 3923/4445/5770 3922/4447/5773
f 3928/4446/5772 3922/4447/5773 3927/4448/5774
f 3927/4448/5775 3922/4447/5773 3630/4449/5776
f 3927/4448/5775 3630/4449/5776 3631/4450/5777
f 3613/4412/5722 3614/4451/5778 3838/4414/5779
f 3838/4414/5779 3614/4451/5780 3848/4452/5781
f 3838/4414/5725 3848/4452/5781 3849/4416/5782
f 3849/4416/5727 3848/4452/5783 3854/4453/5784
f 3849/4416/5729 3854/4453/5784 3855/4418/5731
f 3855/4418/5731 3854/4453/5785 3860/4454/5786
f 3855/4420/5731 3860/4455/5786 3861/4422/5734
f 3861/4422/5734 3860/4455/5786 3657/4456/5787
f 3861/4422/5736 3657/4456/5787 3658/4424/5739
f 3658/4424/5739 3657/4456/5787 3867/4425/5741
f 3614/4451/5778 3615/4457/5788 3848/4452/5781
f 3848/4452/5781 3615/4457/5788 3853/4458/5789
f 3848/4452/5783 3853/4458/5790 3854/4453/5791
f 3854/4453/5791 3853/4458/5789 3859/4459/5792
f 3854/4453/5785 3859/4459/5793 3860/4454/5786
f 3860/4454/5786 3859/4459/5794 3656/4460/4984
f 3860/4455/5786 3656/4461/4984 3657/4456/5787
f 3657/4456/5787 3656/4461/4984 3866/4462/5795
f 3657/4456/5787 3866/4462/5796 3867/4425/5741
f 3867/4425/5741 3866/4462/5796 3872/4426/5797
f 3615/4457/5788 3616/4463/5798 3853/4458/5789
f 3853/4458/5789 3616/4463/5798 3858/4464/5799
f 3853/4458/5790 3858/4464/5800 3859/4459/5792
f 3859/4459/5792 3858/4464/5800 3655/4465/5801
f 3859/4459/5794 3655/4465/5802 3656/4460/4984
f 3656/4466/4984 3655/4467/5802 3865/4468/5803
f 3656/4461/4984 3865/4469/5804 3866/4462/5795
f 3866/4462/5805 3865/4469/5806 3871/4470/5807
f 3866/4462/5796 3871/4470/5808 3872/4426/5742
f 3872/4426/5742 3871/4470/5808 3877/4427/5809
f 3616/4463/5798 3617/4471/5810 3858/4464/5799
f 3858/4464/5799 3617/4471/5810 3654/4472/5811
f 3858/4464/5800 3654/4472/5812 3655/4465/5813
f 3655/4467/5814 3654/4473/5812 3864/4474/5815
f 3655/4467/5802 3864/4474/5816 3865/4468/5804
f 3865/4468/5803 3864/4474/5816 3870/4475/5817
f 3865/4469/5806 3870/4476/5818 3871/4470/5807
f 3871/4470/5807 3870/4476/5819 3876/4477/5820
f 3871/4470/5808 3876/4477/5820 3877/4427/5809
f 3877/4427/5809 3876/4477/5820 3882/4428/5821
f 3617/4478/5822 3618/4479/5823 3654/4473/5811
f 3654/4473/5811 3618/4479/5824 3863/4480/5825
f 3654/4473/5812 3863/4480/5826 3864/4474/5827
f 3864/4474/5815 3863/4480/5826 3869/4481/5828
f 3864/4474/5816 3869/4481/5829 3870/4475/5817
f 3870/4475/5817 3869/4481/5829 3875/4482/5830
f 3870/4476/5831 3875/4483/5830 3876/4477/5820
f 3876/4477/5820 3875/4483/5830 3881/4484/5832
f 3876/4477/5820 3881/4484/5833 3882/4428/5821
f 3882/4428/5821 3881/4484/5833 3886/4429/5834
f 3618/4479/5824 3619/4485/5835 3863/4480/5825
f 3863/4480/5825 3619/4485/5836 3868/4486/5837
f 3863/4480/5826 3868/4486/5837 3869/4481/5828
f 3869/4481/5828 3868/4486/5837 3874/4487/5838
f 3869/4481/5828 3874/4487/5839 3875/4482/5830
f 3875/4482/5830 3874/4487/5839 3880/4488/5840
f 3875/4483/5841 3880/4489/5842 3881/4484/5833
f 3881/4484/5833 3880/4489/5842 3885/4490/5843
f 3881/4484/5833 3885/4490/5844 3886/4429/5834
f 3886/4429/5845 3885/4490/5846 3892/4430/5748
f 3619/4485/5835 3620/4491/5847 3868/4486/5848
f 3868/4486/5848 3620/4491/5847 3873/4492/5849
f 3868/4486/5837 3873/4492/5850 3874/4487/5838
f 3874/4487/5838 3873/4492/5850 3879/4493/5851
f 3874/4487/5839 3879/4493/5852 3880/4488/5853
f 3880/4488/5853 3879/4493/5852 3884/4494/5854
f 3880/4489/5842 3884/4495/5854 3885/4490/5843
f 3885/4490/5843 3884/4495/5854 3893/4496/5855
f 3885/4490/5846 3893/4496/5855 3892/4430/5748
f 3892/4430/5748 3893/4496/5855 3891/4431/5750
f 3620/4491/5847 3621/4497/5856 3873/4492/5850
f 3873/4492/5850 3621/4497/5856 3878/4498/5857
f 3873/4492/5850 3878/4498/5858 3879/4493/5851
f 3879/4493/5859 3878/4498/5860 3883/4499/5861
f 3879/4493/5852 3883/4499/5862 3884/4494/5854
f 3884/4494/5854 3883/4499/5862 3894/4500/5863
f 3884/4495/5864 3894/4501/5865 3893/4496/5855
f 3893/4496/5855 3894/4501/5865 3890/4502/5866
f 3893/4496/5855 3890/4502/5866 3891/4431/5750
f 3891/4431/5750 3890/4502/5866 3901/4432/5751
f 3621/4497/5856 3622/4503/5867 3878/4498/5857
f 3878/4498/5857 3622/4503/5867 3659/4504/5868
f 3878/4498/5869 3659/4504/5870 3883/4499/5861
f 3883/4499/5861 3659/4504/5870 3895/4505/5871
f 3883/4499/5862 3895/4505/5872 3894/4500/5863
f 3894/4500/5873 3895/4505/5872 3889/4506/5874
f 3894/4501/5865 3889/4507/5875 3890/4502/5866
f 3890/4502/5866 3889/4507/5875 3900/4508/5876
f 3890/4502/5877 3900/4508/5876 3901/4432/5751
f 3901/4432/5751 3900/4508/5876 3906/4433/5752
f 3622/4503/5867 3623/4509/5878 3659/4504/5868
f 3659/4504/5868 3623/4509/5879 3896/4510/5880
f 3659/4504/5870 3896/4510/5881 3895/4505/5871
f 3895/4505/5882 3896/4510/5881 3888/4511/5883
f 3895/4505/5872 3888/4511/5883 3889/4506/5884
f 3889/4506/5884 3888/4511/5885 3899/4512/5886
f 3889/4507/5875 3899/4513/5886 3900/4508/5876
f 3900/4508/5876 3899/4513/5887 3905/4514/5888
f 3900/4508/5876 3905/4514/5888 3906/4433/5752
f 3906/4433/5752 3905/4514/5888 3911/4434/5889
f 3896/4510/5880 3623/4509/5890 3887/4515/5891
f 3887/4515/5891 3623/4509/5892 3624/4516/5893
f 3887/4515/5891 3624/4516/5893 3897/4517/5894
f 3897/4517/5894 3624/4516/5895 3625/4518/5896
f 3897/4517/5894 3625/4518/5896 3902/4519/5897
f 3902/4519/5897 3625/4518/5896 3626/4520/5898
f 3902/4519/5897 3626/4520/5899 3907/4521/5900
f 3907/4521/5900 3626/4520/5898 3627/4522/5901
f 3907/4521/5900 3627/4522/5902 3912/4523/5903
f 3912/4523/5903 3627/4522/5901 3628/4524/5904
f 3912/4523/5903 3628/4524/5904 3917/4525/5905
f 3917/4525/5905 3628/4524/5904 3629/4526/5906
f 3917/4525/5907 3629/4526/5908 3922/4447/5773
f 3922/4447/5773 3629/4526/5908 3630/4449/5776
f 3927/4448/5909 3631/4450/5910 3931/4527/5911
f 3931/4527/5912 3631/4450/5910 3632/4528/5913
f 3931/4527/5912 3632/4528/5913 3936/4529/5914
f 3936/4529/5914 3632/4528/5913 3633/4530/5915
f 3936/4529/5914 3633/4530/5915 3661/4531/5916
f 3661/4531/5916 3633/4530/5915 3634/4532/5917
f 3661/4531/5918 3634/4532/5919 3954/4533/5920
f 3954/4533/5920 3634/4532/5919 3945/4534/5921
f 3954/4533/5922 3945/4534/5923 3946/4535/5924
f 3946/4536/5925 3945/4537/5923 3956/4538/5926
f 3946/4536/5924 3956/4538/5926 3957/4539/4663
f 3957/4539/4663 3956/4538/5926 3962/4540/5927
f 3957/4541/4665 3962/4542/5927 3963/4543/5928
f 3963/4543/5928 3962/4542/5927 3968/4544/5929
f 3963/4543/5930 3968/4544/5931 3969/4545/5932
f 3969/4545/5932 3968/4544/5931 3974/4546/5933
f 3969/4545/5934 3974/4546/5933 3520/4206/3887
f 3520/4206/4429 3974/4546/5933 3521/4207/3887
f 3521/4207/4429 3974/4546/5933 3979/4547/5935
f 3521/4207/3887 3979/4547/5935 3522/4208/3887
f 3522/4208/3887 3979/4547/5935 3984/4548/5936
f 3522/4208/3887 3984/4548/5937 3523/4209/3887
f 3523/4209/3887 3984/4548/5937 3989/4549/5938
f 3523/4209/3887 3989/4549/5938 3524/4211/3887
f 3524/4211/3887 3989/4549/5938 3994/4550/5939
f 3524/4211/3887 3994/4550/5939 3525/4213/3887
f 3525/4213/3887 3994/4550/5939 3998/4551/5940
f 3525/4213/3887 3998/4551/5940 3526/4215/3887
f 3526/4215/3887 3998/4551/5940 4004/4552/5941
f 3526/4215/3887 4004/4552/5941 3527/4217/3887
f 3527/4217/3887 4004/4552/5942 4003/4553/5943
f 3527/4217/4429 4003/4553/5944 3528/4218/3887
f 3528/4218/3887 4003/4553/5944 4013/4554/5945
f 3528/4218/3887 4013/4554/5945 3529/4220/3887
f 3529/4220/3887 4013/4554/5946 4018/4555/5947
f 3529/4220/3887 4018/4555/5947 3530/4221/3887
f 3530/4221/3887 4018/4555/5947 4023/4556/5948
f 3530/4221/3887 4023/4556/5949 3531/4222/3887
f 3531/4222/3887 4023/4556/5949 4028/4557/5950
f 3531/4222/3887 4028/4557/5950 3532/4223/3887
f 3532/4223/3887 4028/4557/5950 4033/4558/5951
f 3532/4223/3887 4033/4558/5951 3533/4224/3887
f 3533/4224/3887 4033/4558/5952 4038/4559/5953
f 3533/4224/3887 4038/4559/5953 3534/4225/3887
f 3534/4225/3887 4038/4559/5953 4043/4560/5954
f 3534/4225/3887 4043/4560/5955 3535/4226/3887
f 3535/4226/3887 4043/4560/5954 4048/4561/5956
f 3535/4226/3887 4048/4561/5956 3536/4138/3887
f 3536/4138/3887 4048/4561/5956 4053/4273/5512
f 3634/4532/5917 3635/4562/5957 3945/4534/5921
f 3945/4537/5921 3635/4563/5957 3955/4564/5958
f 3945/4537/5923 3955/4564/5959 3956/4538/5926
f 3956/4538/5926 3955/4564/5960 3961/4565/5961
f 3956/4538/5926 3961/4565/5962 3962/4540/5927
f 3962/4540/5927 3961/4565/5961 3967/4566/5963
f 3962/4542/5927 3967/4567/5963 3968/4544/5929
f 3968/4544/5931 3967/4567/5963 3973/4568/5964
f 3968/4544/5931 3973/4568/5964 3974/4546/5933
f 3974/4546/5933 3973/4568/5964 3979/4547/5965
f 3635/4563/5957 3636/4569/5966 3955/4564/5958
f 3955/4564/5958 3636/4569/5967 3960/4570/5968
f 3955/4564/5959 3960/4570/5969 3961/4565/5962
f 3961/4565/5961 3960/4570/5969 3966/4571/5970
f 3961/4565/5961 3966/4571/5971 3967/4566/5972
f 3967/4566/5972 3966/4571/5971 3972/4572/5973
f 3967/4567/5963 3972/4573/5973 3973/4568/5964
f 3973/4568/5964 3972/4573/5973 3978/4574/5974
f 3973/4568/5964 3978/4574/5975 3979/4547/5935
f 3979/4547/5935 3978/4574/5975 3984/4548/5937
f 3636/4569/5967 3637/4575/5976 3960/4570/5968
f 3960/4570/5968 3637/4575/5976 3965/4576/5977
f 3960/4570/5969 3965/4576/5978 3966/4571/5970
f 3966/4571/5970 3965/4576/5978 3971/4577/5979
f 3966/4571/5971 3971/4577/5980 3972/4572/5973
f 3972/4572/5973 3971/4577/5980 3977/4578/5981
f 3972/4573/5973 3977/4579/5981 3978/4574/5974
f 3978/4574/5974 3977/4579/5981 3983/4580/5982
f 3978/4574/5975 3983/4580/5983 3984/4548/5984
f 3984/4548/5984 3983/4580/5983 3989/4549/5985
f 3637/4575/5986 3638/4581/5987 3965/4576/5977
f 3965/4576/5977 3638/4581/5988 3970/4582/5989
f 3965/4576/5978 3970/4582/5990 3971/4577/5979
f 3971/4577/5979 3970/4582/5990 3976/4583/5991
f 3971/4577/5980 3976/4583/5991 3977/4578/5981
f 3977/4578/5981 3976/4583/5991 3982/4584/5992
f 3977/4579/5981 3982/4585/5993 3983/4580/5994
f 3983/4580/5994 3982/4585/5993 3988/4586/5995
f 3983/4580/5983 3988/4586/5995 3989/4549/5985
f 3989/4549/5985 3988/4586/5995 3994/4550/5939
f 3638/4581/5987 3639/4587/5996 3970/4582/5990
f 3970/4582/5989 3639/4587/5996 3975/4588/5997
f 3970/4582/5990 3975/4588/5998 3976/4583/5991
f 3976/4583/5991 3975/4588/5998 3981/4589/5999
f 3976/4583/5991 3981/4589/5999 3982/4584/5992
f 3982/4584/5992 3981/4589/5999 3987/4590/6000
f 3982/4585/5993 3987/4591/6001 3988/4586/5995
f 3988/4586/5995 3987/4591/6001 3993/4592/6002
f 3988/4586/5995 3993/4592/6003 3994/4550/5939
f 3994/4550/6004 3993/4592/6003 3998/4551/6005
f 3639/4587/5996 3640/4593/6006 3975/4588/5997
f 3975/4588/5997 3640/4593/6006 3980/4594/6007
f 3975/4588/5998 3980/4594/6008 3981/4589/5999
f 3981/4589/5999 3980/4594/6008 3986/4595/6009
f 3981/4589/5999 3986/4595/6010 3987/4590/6000
f 3987/4590/6000 3986/4595/6010 3992/4596/6011
f 3987/4591/6001 3992/4597/6012 3993/4592/6013
f 3993/4592/6014 3992/4597/6012 3997/4598/6015
f 3993/4592/6003 3997/4598/6016 3998/4551/6005
f 3998/4551/6017 3997/4598/6016 4004/4552/5942
f 3640/4593/6006 3641/4599/6018 3980/4594/6019
f 3980/4594/6019 3641/4599/6018 3985/4600/6020
f 3980/4594/6008 3985/4600/6021 3986/4595/6009
f 3986/4595/6009 3985/4600/6021 3991/4601/6022
f 3986/4595/6010 3991/4601/6022 3992/4596/6011
f 3992/4596/6011 3991/4601/6022 3996/4602/6023
f 3992/4597/6012 3996/4603/6024 3997/4598/6015
f 3997/4598/6015 3996/4603/6024 4005/4604/6025
f 3997/4598/6016 4005/4604/6025 4004/4552/5942
f 4004/4552/5942 4005/4604/6025 4003/4553/5943
f 3641/4599/6018 3642/4605/6026 3985/4600/6020
f 3985/4600/6027 3642/4605/6026 3990/4606/6028
f 3985/4600/6021 3990/4606/6028 3991/4601/6022
f 3991/4601/6022 3990/4606/6028 3995/4607/6029
f 3991/4601/6030 3995/4607/6031 3996/4602/6023
f 3996/4602/6023 3995/4607/6031 4006/4608/6032
f 3996/4603/6024 4006/4609/6032 4005/4604/6033
f 4005/4604/6025 4006/4609/6032 4002/4610/6034
f 4005/4604/6025 4002/4610/6035 4003/4553/5943
f 4003/4553/5943 4002/4610/6035 4013/4554/5946
f 3642/4605/6026 3643/4611/6036 3990/4606/6028
f 3990/4606/6028 3643/4611/6036 3662/4612/6037
f 3990/4606/6028 3662/4612/6038 3995/4607/6029
f 3995/4607/6029 3662/4612/6039 4007/4613/6040
f 3995/4607/6041 4007/4613/6042 4006/4608/6032
f 4006/4608/6032 4007/4613/6042 4001/4614/6043
f 4006/4609/6032 4001/4615/6043 4002/4610/6034
f 4002/4610/6034 4001/4615/6043 4012/4616/6044
f 4002/4610/6035 4012/4616/6044 4013/4554/5946
f 4013/4554/5946 4012/4616/6044 4018/4555/5947
f 3643/4611/6036 3644/4617/6045 3662/4612/6037
f 3662/4612/6037 3644/4617/6045 4008/4618/6046
f 3662/4612/6038 4008/4618/6047 4007/4613/6048
f 4007/4613/6040 4008/4618/6049 4000/4619/6050
f 4007/4613/6042 4000/4619/6051 4001/4614/6043
f 4001/4614/6043 4000/4619/6051 4011/4620/6052
f 4001/4615/6043 4011/4621/6053 4012/4616/6044
f 4012/4616/6044 4011/4621/6053 4017/4622/6054
f 4012/4616/6044 4017/4622/6054 4018/4555/5947
f 4018/4555/5947 4017/4622/6054 4023/4556/5949
f 4008/4618/6046 3644/4617/6045 3999/4623/6055
f 3999/4623/6055 3644/4617/6045 3645/4624/6056
f 3999/4623/6055 3645/4624/6056 4009/4625/6057
f 4009/4625/6057 3645/4624/6056 3646/4626/6058
f 4009/4625/6057 3646/4626/6058 4014/4627/6059
f 4014/4627/6059 3646/4626/6058 3647/4628/6060
f 4014/4627/6061 3647/4628/6060 4019/4629/6062
f 4019/4629/6063 3647/4628/6060 3648/4630/6064
f 4019/4629/6062 3648/4630/6064 4024/4631/6065
f 4024/4631/6066 3648/4630/6064 3649/4632/6067
f 4024/4631/6068 3649/4632/6069 4029/4633/6070
f 4029/4633/6070 3649/4632/6069 3650/4634/6071
f 4029/4633/6070 3650/4634/5421 4034/4635/6072
f 4034/4635/6072 3650/4634/5421 3651/4636/6073
f 4034/4635/6072 3651/4636/6073 4039/4637/6074
f 4039/4637/6075 3651/4636/6073 3652/4638/6076
f 4039/4637/6074 3652/4638/6076 4044/4639/6077
f 4044/4639/6078 3652/4638/6076 3653/4640/6079
f 4044/4639/6077 3653/4640/6079 4049/4263/6080
f 4049/4263/6080 3653/4640/6079 3581/4261/3906
f 3520/4206/3887 3519/4205/3887 3969/4545/5934
f 3969/4545/5934 3519/4205/3887 3964/4641/6081
f 3969/4545/5932 3964/4641/6081 3963/4543/5928
f 3963/4543/5928 3964/4641/6081 3958/4642/6082
f 3963/4543/5928 3958/4642/6083 3957/4541/4665
f 3957/4541/4665 3958/4642/6083 3947/4643/6084
f 3957/4539/4663 3947/4644/6084 3946/4536/5924
f 3946/4535/5924 3947/4645/6084 3953/4646/6085
f 3946/4535/5924 3953/4646/6086 3954/4533/5922
f 3954/4533/5922 3953/4646/6086 3661/4531/5918
f 3519/4205/3887 3518/4203/3887 3964/4641/6081
f 3964/4641/6081 3518/4203/4429 3959/4647/6087
f 3964/4641/6081 3959/4647/6088 3958/4642/6082
f 3958/4642/6082 3959/4647/6088 3948/4648/6089
f 3958/4642/6083 3948/4648/6089 3947/4643/6084
f 3947/4643/6084 3948/4648/6089 3952/4649/6090
f 3947/4645/6084 3952/4650/6090 3953/4646/6085
f 3953/4646/6085 3952/4650/6091 3941/4651/6092
f 3953/4646/6086 3941/4651/6093 3661/4531/5918
f 3661/4531/5918 3941/4651/6093 3936/4529/6094
f 3518/4203/3887 3517/4202/3887 3959/4647/6087
f 3959/4647/6087 3517/4202/4429 3949/4652/6095
f 3959/4647/6088 3949/4652/6095 3948/4648/6089
f 3948/4648/6089 3949/4652/6095 3951/4653/6096
f 3948/4648/6089 3951/4653/6097 3952/4649/6090
f 3952/4649/6090 3951/4653/6097 3942/4654/6098
f 3952/4650/6090 3942/4655/6098 3941/4651/6092
f 3941/4651/6092 3942/4655/6098 3937/4656/6099
f 3941/4651/6093 3937/4656/6099 3936/4529/6094
f 3936/4529/6100 3937/4656/6099 3931/4527/6101
f 3517/4202/3887 3516/4201/3887 3949/4652/6095
f 3949/4652/6095 3516/4201/4429 3950/4657/6102
f 3949/4652/6095 3950/4657/6102 3951/4653/6096
f 3951/4653/6096 3950/4657/6102 3943/4658/6103
f 3951/4653/6096 3943/4658/6103 3942/4654/6098
f 3942/4654/6098 3943/4658/6103 3938/4659/6104
f 3942/4655/6098 3938/4660/6105 3937/4656/6099
f 3937/4656/6099 3938/4660/6104 3932/4661/6106
f 3937/4656/6099 3932/4661/6106 3931/4527/6101
f 3931/4527/6107 3932/4661/6106 3927/4448/5774
f 3516/4201/4429 3515/4200/4429 3950/4657/6102
f 3950/4657/6102 3515/4200/4429 3944/4662/6108
f 3950/4657/6102 3944/4662/6108 3943/4658/6103
f 3943/4658/6103 3944/4662/6108 3939/4663/6109
f 3943/4658/6103 3939/4663/6110 3938/4659/6104
f 3938/4659/6104 3939/4663/6110 3933/4664/6111
f 3938/4660/6104 3933/4665/6112 3932/4661/6106
f 3932/4661/6106 3933/4665/6112 3928/4446/5771
f 3932/4661/6106 3928/4446/5772 3927/4448/5774
f 3515/4200/3887 3514/4199/3887 3944/4662/6108
f 3944/4662/6108 3514/4199/4429 3940/4666/6113
f 3944/4662/6108 3940/4666/6113 3939/4663/6109
f 3939/4663/6109 3940/4666/6113 3934/4667/6114
f 3939/4663/6110 3934/4667/6115 3933/4664/6111
f 3933/4664/6111 3934/4667/6116 3929/4442/5767
f 3933/4665/6112 3929/4443/5768 3928/4446/5771
f 3514/4199/3887 3513/4197/3887 3940/4666/6113
f 3940/4666/6113 3513/4197/3887 3935/4668/6117
f 3940/4666/6113 3935/4668/6118 3934/4667/6114
f 3934/4667/6114 3935/4668/6119 3930/4440/5762
f 3934/4667/6116 3930/4440/5762 3929/4442/5767
f 3513/4197/3887 3512/4196/3887 3935/4668/6117
f 3935/4668/6118 3512/4196/3887 3660/4438/5759
f 3935/4668/6119 3660/4438/5760 3930/4440/5762
f 3512/4196/4429 3511/4194/3887 3660/4438/5759
f 3498/4177/3887 3497/4176/3887 3862/4423/5738
f 3862/4423/5737 3497/4176/3887 3857/4669/6120
f 3862/4423/5738 3857/4669/6121 3856/4421/5735
f 3856/4421/5735 3857/4669/6122 3851/4670/6123
f 3856/4421/5733 3851/4670/6123 3850/4419/6124
f 3850/4419/5732 3851/4670/6123 3840/4671/6125
f 3850/4417/5730 3840/4672/6125 3839/4415/5728
f 3839/4415/5728 3840/4672/6125 3846/4673/6126
f 3839/4415/5726 3846/4673/6127 3847/4413/5723
f 3847/4413/5723 3846/4673/6128 3666/4411/6129
f 3497/4176/4768 3496/4175/4768 3857/4669/6120
f 3857/4669/6120 3496/4175/4768 3852/4674/6130
f 3857/4669/6122 3852/4674/6131 3851/4670/6123
f 3851/4670/6123 3852/4674/6131 3841/4675/6132
f 3851/4670/6123 3841/4675/6133 3840/4671/6125
f 3840/4671/6125 3841/4675/6133 3845/4676/6134
f 3840/4672/6125 3845/4677/6134 3846/4673/6126
f 3846/4673/6126 3845/4677/6134 3834/4678/6135
f 3846/4673/6128 3834/4678/6136 3666/4411/6129
f 3666/4411/6137 3834/4678/6138 3829/4409/6139
f 3496/4175/3887 3495/4174/3887 3852/4674/6130
f 3852/4674/6131 3495/4174/3887 3842/4679/6140
f 3852/4674/6131 3842/4679/6141 3841/4675/6132
f 3841/4675/6132 3842/4679/6141 3844/4680/6142
f 3841/4675/6143 3844/4680/6144 3845/4676/6134
f 3845/4676/6134 3844/4680/6144 3835/4681/6145
f 3845/4677/6134 3835/4682/6145 3834/4678/6135
f 3834/4678/6135 3835/4682/6145 3830/4683/6146
f 3834/4678/6138 3830/4683/6147 3829/4409/6139
f 3829/4409/6139 3830/4683/6147 3824/4407/6148
f 3495/4174/3887 3494/4173/3887 3842/4679/6149
f 3842/4679/6149 3494/4173/4768 3843/4684/6150
f 3842/4679/6141 3843/4684/6150 3844/4680/6142
f 3844/4680/6142 3843/4684/6150 3836/4685/6151
f 3844/4680/6144 3836/4685/6152 3835/4681/6145
f 3835/4681/6145 3836/4685/6151 3831/4686/6153
f 3835/4682/6145 3831/4687/6153 3830/4683/6146
f 3830/4683/6146 3831/4687/6153 3825/4688/6154
f 3830/4683/6147 3825/4688/6155 3824/4407/6148
f 3824/4407/5714 3825/4688/6154 3819/4405/6156
f 3494/4173/3887 3493/4172/3887 3843/4684/6150
f 3843/4684/6150 3493/4172/3887 3837/4689/6157
f 3843/4684/6150 3837/4689/6157 3836/4685/6151
f 3836/4685/6151 3837/4689/6157 3832/4690/6158
f 3836/4685/6151 3832/4690/6158 3831/4686/6153
f 3831/4686/6153 3832/4690/6158 3826/4691/6159
f 3831/4687/6153 3826/4692/6159 3825/4688/6154
f 3825/4688/6154 3826/4692/6160 3820/4693/6161
f 3825/4688/6154 3820/4693/6162 3819/4405/6156
f 3819/4405/6156 3820/4693/6163 3814/4403/5708
f 3493/4172/3887 3492/4171/3887 3837/4689/6157
f 3837/4689/6157 3492/4171/3887 3833/4694/6164
f 3837/4689/6157 3833/4694/6164 3832/4690/6158
f 3832/4690/6158 3833/4694/6165 3827/4695/6166
f 3832/4690/6158 3827/4695/6167 3826/4691/6168
f 3826/4691/6168 3827/4695/6167 3821/4696/6169
f 3826/4692/6160 3821/4697/6169 3820/4693/6161
f 3820/4693/6161 3821/4697/6169 3815/4698/6170
f 3820/4693/6171 3815/4698/6170 3814/4403/5708
f 3814/4403/5708 3815/4698/6170 3809/4401/6172
f 3492/4171/3887 3491/4170/3887 3833/4694/6165
f 3833/4694/6164 3491/4170/3887 3828/4699/6173
f 3833/4694/6165 3828/4699/6173 3827/4695/6167
f 3827/4695/6167 3828/4699/6173 3822/4700/6174
f 3827/4695/6167 3822/4700/6175 3821/4696/6169
f 3821/4696/6169 3822/4700/6175 3816/4701/6176
f 3821/4697/6169 3816/4702/6176 3815/4698/6170
f 3815/4698/6170 3816/4702/6176 3810/4703/6177
f 3815/4698/6170 3810/4703/6178 3809/4401/6172
f 3809/4401/6172 3810/4703/6177 3804/4328/6179
f 3491/4170/3887 3490/4169/3887 3828/4699/6173
f 3828/4699/6173 3490/4169/3887 3823/4704/6180
f 3828/4699/6173 3823/4704/6180 3822/4700/6174
f 3822/4700/6174 3823/4704/6181 3817/4705/6182
f 3822/4700/6175 3817/4705/6183 3816/4701/6176
f 3816/4701/6176 3817/4705/6184 3811/4706/6185
f 3816/4702/6176 3811/4707/6185 3810/4703/6186
f 3810/4703/6177 3811/4707/6185 3805/4326/5592
f 3810/4703/6187 3805/4326/5593 3804/4328/6179
f 3490/4169/3887 3489/4168/3887 3823/4704/6180
f 3823/4704/6181 3489/4168/3887 3818/4708/6188
f 3823/4704/6181 3818/4708/6189 3817/4705/6182
f 3817/4705/6182 3818/4708/6189 3812/4709/6190
f 3817/4705/6184 3812/4709/6191 3811/4706/6185
f 3811/4706/6185 3812/4709/6191 3806/4322/5589
f 3811/4707/6185 3806/4323/5590 3805/4326/5592
f 3489/4168/3887 3488/4167/3887 3818/4708/6189
f 3818/4708/6189 3488/4167/3887 3813/4710/6192
f 3818/4708/6189 3813/4710/6193 3812/4709/6190
f 3812/4709/6190 3813/4710/6194 3807/4320/5586
f 3812/4709/6191 3807/4320/5586 3806/4322/5589
f 3488/4167/3887 3487/4166/3887 3813/4710/6192
f 3813/4710/6192 3487/4166/3887 3808/4318/5582
f 3813/4710/6193 3808/4318/5582 3807/4320/5586
f 3487/4166/3887 3486/4165/3887 3808/4318/5582
f 3476/4155/3887 3475/4154/3887 3750/4306/5563
f 3750/4306/5561 3475/4154/3887 3745/4711/6195
f 3750/4306/5561 3745/4711/6196 3744/4304/5559
f 3744/4304/5559 3745/4711/6197 3739/4712/6198
f 3744/4304/5558 3739/4712/6198 3738/4302/5556
f 3738/4302/5556 3739/4712/6198 3728/4713/6199
f 3738/4300/5556 3728/4714/6200 3727/4298/5554
f 3727/4298/5554 3728/4714/6200 3734/4715/6201
f 3727/4298/5554 3734/4715/6201 3735/4296/6202
f 3735/4296/5550 3734/4715/6203 3663/4294/6204
f 3475/4154/3887 3474/4153/3887 3745/4711/6195
f 3745/4711/6195 3474/4153/3887 3740/4716/6205
f 3745/4711/6197 3740/4716/6206 3739/4712/6198
f 3739/4712/6198 3740/4716/6206 3729/4717/6207
f 3739/4712/6198 3729/4717/6208 3728/4713/6209
f 3728/4713/6200 3729/4717/6210 3733/4718/6211
f 3728/4714/6200 3733/4719/6212 3734/4715/6201
f 3734/4715/6213 3733/4719/6212 3722/4720/6214
f 3734/4715/6203 3722/4720/6215 3663/4294/6204
f 3663/4294/6204 3722/4720/6216 3717/4292/6217
f 3474/4153/3887 3473/4152/3887 3740/4716/6205
f 3740/4716/6206 3473/4152/3887 3730/4721/6218
f 3740/4716/6206 3730/4721/6219 3729/4717/6207
f 3729/4717/6220 3730/4721/6221 3732/4722/6222
f 3729/4717/6210 3732/4722/6222 3733/4718/6211
f 3733/4718/6211 3732/4722/6222 3723/4723/6223
f 3733/4719/6212 3723/4724/6223 3722/4720/6214
f 3722/4720/6214 3723/4724/6224 3718/4725/6225
f 3722/4720/6216 3718/4725/6225 3717/4292/6217
f 3717/4292/6217 3718/4725/6225 3712/4290/6226
f 3473/4152/3887 3472/4151/3887 3730/4721/6218
f 3730/4721/6227 3472/4151/3887 3731/4726/6228
f 3730/4721/6219 3731/4726/6228 3732/4722/6222
f 3732/4722/6222 3731/4726/6228 3724/4727/6229
f 3732/4722/6222 3724/4727/6230 3723/4723/6223
f 3723/4723/6223 3724/4727/6230 3719/4728/6231
f 3723/4724/6223 3719/4729/6232 3718/4725/6225
f 3718/4725/6225 3719/4729/6231 3713/4730/6233
f 3718/4725/6225 3713/4730/6234 3712/4290/6226
f 3712/4290/6226 3713/4730/6235 3707/4288/5533
f 3472/4151/3887 3471/4150/3887 3731/4726/6228
f 3731/4726/6228 3471/4150/3887 3725/4731/6236
f 3731/4726/6228 3725/4731/6237 3724/4727/6229
f 3724/4727/6229 3725/4731/6236 3720/4732/6238
f 3724/4727/6239 3720/4732/6240 3719/4728/6231
f 3719/4728/6231 3720/4732/6240 3714/4733/6241
f 3719/4729/6231 3714/4734/6241 3713/4730/6233
f 3713/4730/6233 3714/4734/6241 3708/4735/6242
f 3713/4730/6243 3708/4735/6242 3707/4288/5533
f 3707/4288/6244 3708/4735/6242 3702/4286/6245
f 3471/4150/3887 3470/4149/3887 3725/4731/6236
f 3725/4731/6236 3470/4149/3887 3721/4736/6246
f 3725/4731/6247 3721/4736/6248 3720/4732/6238
f 3720/4732/6238 3721/4736/6248 3715/4737/6249
f 3720/4732/6250 3715/4737/6251 3714/4733/6241
f 3714/4733/6241 3715/4737/6251 3709/4738/6252
f 3714/4734/6241 3709/4739/6253 3708/4735/6242
f 3708/4735/6242 3709/4739/6254 3703/4740/6255
f 3708/4735/6242 3703/4740/6256 3702/4286/6245
f 3702/4286/6245 3703/4740/6256 3697/4284/6257
f 3470/4149/3887 3469/4148/3887 3721/4736/6248
f 3721/4736/6246 3469/4148/3887 3716/4741/6258
f 3721/4736/6248 3716/4741/6259 3715/4737/6260
f 3715/4737/6260 3716/4741/6259 3710/4742/6261
f 3715/4737/6251 3710/4742/6261 3709/4738/6252
f 3709/4738/6252 3710/4742/6261 3704/4743/6262
f 3709/4739/6253 3704/4744/6262 3703/4740/6255
f 3703/4740/6255 3704/4744/6262 3698/4745/6263
f 3703/4740/6256 3698/4745/6264 3697/4284/6257
f 3697/4284/6265 3698/4745/6266 3692/4282/5524
f 3469/4148/3887 3468/4147/3887 3716/4741/6258
f 3716/4741/6258 3468/4147/3887 3711/4746/6267
f 3716/4741/6259 3711/4746/6267 3710/4742/6261
f 3710/4742/6268 3711/4746/6267 3705/4747/6269
f 3710/4742/6261 3705/4747/6269 3704/4743/6262
f 3704/4743/6262 3705/4747/6269 3699/4748/6270
f 3704/4744/6262 3699/4749/6270 3698/4745/6263
f 3698/4745/6263 3699/4749/6270 3693/4750/6271
f 3698/4745/6266 3693/4750/6272 3692/4282/5524
f 3692/4282/5524 3693/4750/6272 3687/4280/5522
f 3468/4147/3887 3467/4146/3887 3711/4746/6267
f 3711/4746/6267 3467/4146/3887 3706/4751/6273
f 3711/4746/6267 3706/4751/6274 3705/4747/6269
f 3705/4747/6269 3706/4751/6275 3700/4752/6276
f 3705/4747/6269 3700/4752/6276 3699/4748/6270
f 3699/4748/6270 3700/4752/6276 3694/4753/6277
f 3699/4749/6278 3694/4754/6279 3693/4750/6271
f 3693/4750/6271 3694/4754/6277 3688/4755/6280
f 3693/4750/6281 3688/4755/6282 3687/4280/5522
f 3687/4280/5522 3688/4755/6282 3682/4277/6283
f 3467/4146/3887 3466/4145/3887 3706/4751/6275
f 3706/4751/6275 3466/4145/3887 3701/4756/6284
f 3706/4751/6274 3701/4756/6284 3700/4752/6276
f 3700/4752/6276 3701/4756/6284 3695/4757/6285
f 3700/4752/6276 3695/4757/6286 3694/4753/6277
f 3694/4753/6277 3695/4757/6286 3689/4758/6287
f 3694/4754/6277 3689/4759/6287 3688/4755/6280
f 3688/4760/6280 3689/4758/6287 3683/4761/6288
f 3688/4755/6282 3683/4762/6289 3682/4277/6283
f 3682/4276/6283 3683/4763/6289 3677/4274/6290
f 3466/4145/3887 3465/4144/3887 3701/4756/6284
f 3701/4756/6284 3465/4144/3887 3696/4764/6291
f 3701/4756/6284 3696/4764/6291 3695/4757/6285
f 3695/4757/6285 3696/4764/6291 3690/4765/6292
f 3695/4757/6286 3690/4765/6293 3689/4758/6287
f 3689/4758/6287 3690/4765/6293 3684/4766/6294
f 3689/4758/6287 3684/4766/6295 3683/4761/6288
f 3683/4761/6288 3684/4766/6295 3678/4767/6296
f 3683/4763/6297 3678/4768/6296 3677/4274/6290
f 3677/4274/5513 3678/4768/6296 3667/4260/6298
f 3465/4144/3887 3464/4143/3887 3696/4764/6291
f 3696/4764/6291 3464/4143/3887 3691/4769/6299
f 3696/4764/6291 3691/4769/6300 3690/4765/6292
f 3690/4765/6292 3691/4769/6300 3685/4770/6301
f 3690/4765/6302 3685/4770/6301 3684/4766/6303
f 3684/4766/6303 3685/4770/6301 3679/4771/6304
f 3684/4766/6295 3679/4771/6304 3678/4767/6305
f 3678/4767/6306 3679/4771/6304 3668/4772/6307
f 3678/4768/6296 3668/4773/6308 3667/4260/6298
f 3667/4260/6298 3668/4773/6308 3676/4262/5500
f 3464/4143/3887 3463/4142/3887 3691/4769/6299
f 3691/4769/6299 3463/4142/3887 3686/4774/6309
f 3691/4769/6300 3686/4774/6310 3685/4770/6301
f 3685/4770/6301 3686/4774/6310 3680/4775/6311
f 3685/4770/6301 3680/4775/6312 3679/4771/6304
f 3679/4771/6304 3680/4775/6312 3669/4776/6313
f 3679/4771/6304 3669/4776/6313 3668/4772/6314
f 3668/4773/6308 3669/4777/6313 3675/4264/5504
f 3668/4773/6308 3675/4264/6315 3676/4262/5500
f 3463/4142/3887 3462/4141/3887 3686/4774/6310
f 3686/4774/6309 3462/4141/3887 3681/4778/6316
f 3686/4774/6310 3681/4778/6317 3680/4775/6311
f 3680/4775/6311 3681/4778/6317 3670/4779/6318
f 3680/4775/6312 3670/4779/6319 3669/4776/6313
f 3669/4776/6313 3670/4779/6319 3674/4269/4317
f 3669/4777/6313 3674/4266/4317 3675/4264/5504
f 3462/4141/3887 3461/4140/3887 3681/4778/6316
f 3681/4778/6316 3461/4140/3887 3671/4780/6320
f 3681/4778/6317 3671/4780/6320 3670/4779/6318
f 3670/4779/6318 3671/4780/6321 3673/4270/5507
f 3670/4779/6319 3673/4270/5507 3674/4269/4317
f 3461/4140/3887 3460/4139/3887 3671/4780/6321
f 3671/4780/6321 3460/4139/3887 3672/4272/5511
f 3671/4780/6321 3672/4272/5511 3673/4270/5507
f 3789/4389/5685 3780/4395/5694 3781/4390/5686
f 3781/4390/6322 3780/4395/5694 3791/4781/6323
f 3781/4390/5686 3791/4781/6323 3792/4391/5687
f 3792/4391/5687 3791/4781/6323 3797/4782/6324
f 3792/4392/5687 3797/4783/6324 3798/4393/5690
f 3798/4393/5690 3797/4783/6324 3802/4319/5587
f 3798/4393/5690 3802/4319/5584 3803/4317/5691
f 3780/4395/5694 3790/4397/6325 3791/4781/6323
f 3791/4781/6323 3790/4397/6325 3796/4784/6326
f 3791/4781/6323 3796/4784/6327 3797/4782/6324
f 3797/4782/6324 3796/4784/6327 3801/4324/5588
f 3797/4783/6324 3801/4321/6328 3802/4319/5587
f 3790/4397/6325 3795/4399/5698 3796/4784/6329
f 3796/4784/6326 3795/4399/6330 3800/4325/5594
f 3796/4784/6327 3800/4325/5591 3801/4324/5588
f 3799/4327/5596 3800/4325/5594 3795/4399/6330
f 3896/4510/5881 3887/4515/6331 3888/4511/5883
f 3888/4511/5883 3887/4515/6331 3898/4785/6332
f 3888/4511/5885 3898/4785/6333 3899/4512/5886
f 3899/4512/5886 3898/4785/6333 3904/4786/6334
f 3899/4513/5887 3904/4787/6334 3905/4514/5888
f 3905/4514/5888 3904/4787/6335 3910/4788/6336
f 3905/4514/5888 3910/4788/6337 3911/4434/5889
f 3911/4434/5889 3910/4788/6337 3916/4435/5756
f 3887/4515/6331 3897/4517/6338 3898/4785/6339
f 3898/4785/6340 3897/4517/6341 3903/4789/6342
f 3898/4785/6333 3903/4789/6343 3904/4786/6334
f 3904/4786/6334 3903/4789/6343 3909/4790/6344
f 3904/4787/6335 3909/4791/6345 3910/4788/6336
f 3910/4788/6336 3909/4791/6344 3915/4792/6346
f 3910/4788/6337 3915/4792/6347 3916/4435/5756
f 3916/4435/5756 3915/4792/6347 3921/4436/6348
f 3897/4517/6341 3902/4519/6349 3903/4789/6342
f 3903/4789/6343 3902/4519/6349 3908/4793/6350
f 3903/4789/6343 3908/4793/6351 3909/4790/6344
f 3909/4790/6344 3908/4793/6351 3914/4794/6352
f 3909/4791/6344 3914/4795/6352 3915/4792/6347
f 3915/4792/6347 3914/4795/6352 3920/4796/6353
f 3915/4792/6347 3920/4796/6354 3921/4436/5757
f 3921/4436/6348 3920/4796/6354 3926/4437/5758
f 3902/4519/6349 3907/4521/6355 3908/4793/6351
f 3908/4793/6350 3907/4521/6355 3913/4797/6356
f 3908/4793/6351 3913/4797/6357 3914/4794/6358
f 3914/4794/6352 3913/4797/6357 3919/4798/6359
f 3914/4795/6352 3919/4799/6360 3920/4796/6353
f 3920/4796/6353 3919/4799/6360 3925/4439/6361
f 3920/4796/6354 3925/4439/6361 3926/4437/5758
f 3907/4521/6355 3912/4523/6362 3913/4797/6356
f 3913/4797/6363 3912/4523/6364 3918/4800/6365
f 3913/4797/6357 3918/4800/6366 3919/4798/6359
f 3919/4798/6359 3918/4800/6367 3924/4444/5769
f 3919/4799/6360 3924/4441/5764 3925/4439/6361
f 3912/4523/6364 3917/4525/6368 3918/4800/6365
f 3918/4800/6369 3917/4525/6370 3923/4445/5770
f 3918/4800/6369 3923/4445/5770 3924/4444/5769
f 3922/4447/5773 3923/4445/5770 3917/4525/6370
f 4008/4618/6049 3999/4623/6371 4000/4619/6050
f 4000/4619/6051 3999/4623/6371 4010/4801/6372
f 4000/4619/6051 4010/4801/6372 4011/4620/6052
f 4011/4620/6052 4010/4801/6372 4016/4802/6373
f 4011/4621/6053 4016/4803/6374 4017/4622/6054
f 4017/4622/6054 4016/4803/6374 4022/4804/6375
f 4017/4622/6054 4022/4804/6375 4023/4556/5949
f 4023/4556/5949 4022/4804/6375 4028/4557/6376
f 3999/4623/6371 4009/4625/6377 4010/4801/6372
f 4010/4801/6378 4009/4625/6377 4015/4805/6379
f 4010/4801/6372 4015/4805/6380 4016/4802/6373
f 4016/4802/6373 4015/4805/6380 4021/4806/6381
f 4016/4803/6373 4021/4807/6382 4022/4804/6375
f 4022/4804/6375 4021/4807/6382 4027/4808/6383
f 4022/4804/6375 4027/4808/6383 4028/4557/6376
f 4028/4557/6376 4027/4808/6383 4033/4558/6384
f 4009/4625/6377 4014/4627/6385 4015/4805/6386
f 4015/4805/6386 4014/4627/6387 4020/4809/6388
f 4015/4805/6380 4020/4809/6389 4021/4806/6381
f 4021/4806/6390 4020/4809/6389 4026/4810/6391
f 4021/4807/6382 4026/4811/6392 4027/4808/6383
f 4027/4808/6383 4026/4811/6392 4032/4812/6393
f 4027/4808/6383 4032/4812/6394 4033/4558/6384
f 4033/4558/5952 4032/4812/6395 4038/4559/6396
f 4014/4627/6385 4019/4629/6063 4020/4809/6388
f 4020/4809/6388 4019/4629/6063 4025/4813/6397
f 4020/4809/6389 4025/4813/6398 4026/4810/6391
f 4026/4810/6399 4025/4813/6398 4031/4814/6400
f 4026/4811/6392 4031/4815/6401 4032/4812/6393
f 4032/4812/6393 4031/4815/6400 4037/4816/6402
f 4032/4812/6395 4037/4816/6403 4038/4559/6396
f 4038/4559/6396 4037/4816/6403 4043/4560/5955
f 4019/4629/6063 4024/4631/6066 4025/4813/6397
f 4025/4813/6404 4024/4631/6405 4030/4817/6406
f 4025/4813/6398 4030/4817/6407 4031/4814/6400
f 4031/4814/6400 4030/4817/6407 4036/4818/6408
f 4031/4815/6401 4036/4819/6409 4037/4816/6403
f 4037/4816/6402 4036/4819/6409 4042/4820/6410
f 4037/4816/6403 4042/4820/6410 4043/4560/5955
f 4043/4560/5955 4042/4820/6410 4048/4561/6411
f 4024/4631/6405 4029/4633/6412 4030/4817/6406
f 4030/4817/6406 4029/4633/6412 4035/4821/6413
f 4030/4817/6407 4035/4821/6414 4036/4818/6408
f 4036/4818/6408 4035/4821/6414 4041/4822/6415
f 4036/4819/6409 4041/4823/6416 4042/4820/6410
f 4042/4820/6410 4041/4823/6416 4047/4824/6417
f 4042/4820/6410 4047/4824/6418 4048/4561/6411
f 4048/4561/5956 4047/4824/6419 4053/4273/5512
f 4029/4633/6412 4034/4635/6420 4035/4821/6413
f 4035/4821/6413 4034/4635/6421 4040/4825/6422
f 4035/4821/6414 4040/4825/6423 4041/4822/6415
f 4041/4822/6415 4040/4825/6423 4046/4826/6424
f 4041/4823/6415 4046/4827/6425 4047/4824/6417
f 4047/4824/6417 4046/4827/6425 4052/4271/5508
f 4047/4824/6418 4052/4271/5509 4053/4273/5512
f 4034/4635/6426 4039/4637/6074 4040/4825/6422
f 4040/4825/6422 4039/4637/6074 4045/4828/6427
f 4040/4825/6423 4045/4828/6428 4046/4826/6424
f 4046/4826/6424 4045/4828/6428 4051/4267/6429
f 4046/4827/6430 4051/4268/6431 4052/4271/5508
f 4039/4637/6074 4044/4639/6078 4045/4828/6427
f 4045/4828/6427 4044/4639/6078 4050/4265/5502
f 4045/4828/6428 4050/4265/5503 4051/4267/5505
f 4049/4263/5499 4050/4265/5502 4044/4639/6078
f 4055/4829/5495 3582/4259/5495 4054/4830/3906
f 4054/4830/3906 3582/4259/5495 3581/4261/3906
f 4054/4830/3906 3581/4261/3906 4126/4831/6432
f 4126/4831/6432 3581/4261/3906 3653/4640/6432
f 4126/4831/6432 3653/4640/6432 4125/4832/6433
f 4125/4832/6434 3653/4640/6432 3652/4638/6434
f 4125/4832/6434 3652/4638/6434 4124/4833/6435
f 4124/4833/6435 3652/4638/6434 3651/4636/6435
f 4124/4833/6073 3651/4636/6073 4123/4834/5421
f 4123/4834/5421 3651/4636/6073 3650/4634/5421
f 4123/4834/5421 3650/4634/5421 4122/4835/6067
f 4122/4835/6436 3650/4634/5421 3649/4632/6436
f 4122/4835/6069 3649/4632/6069 4121/4836/6064
f 4121/4836/6064 3649/4632/6067 3648/4630/6064
f 4121/4836/6064 3648/4630/6064 4120/4837/6060
f 4120/4837/6060 3648/4630/6064 3647/4628/6060
f 4120/4837/6060 3647/4628/6060 4119/4838/6058
f 4119/4838/6058 3647/4628/6060 3646/4626/6058
f 4119/4838/6058 3646/4626/6058 4118/4839/6437
f 4118/4839/6056 3646/4626/6058 3645/4624/6056
f 4118/4839/6438 3645/4624/6438 4117/4840/6045
f 4117/4840/6045 3645/4624/6438 3644/4617/6045
f 4117/4840/6045 3644/4617/6045 4116/4841/6439
f 4116/4841/6439 3644/4617/6045 3643/4611/6439
f 4116/4841/6440 3643/4611/6440 4115/4842/6441
f 4115/4842/6441 3643/4611/6439 3642/4605/6441
f 4115/4842/6442 3642/4605/6442 4114/4843/6018
f 4114/4843/6443 3642/4605/6442 3641/4599/6443
f 4114/4843/6444 3641/4599/6444 4113/4844/6445
f 4113/4844/6445 3641/4599/6444 3640/4593/6445
f 4113/4844/6445 3640/4593/6445 4112/4845/5996
f 4112/4845/5996 3640/4593/6445 3639/4587/5996
f 4112/4845/5996 3639/4587/5996 4111/4846/5988
f 4111/4846/5988 3639/4587/5996 3638/4581/5988
f 4111/4846/5987 3638/4581/5987 4110/4847/5976
f 4110/4847/5976 3638/4581/5987 3637/4575/5976
f 4110/4847/6446 3637/4575/6446 4109/4848/6447
f 4109/4848/6447 3637/4575/6446 3636/4569/6447
f 4109/4848/5967 3636/4569/5967 4108/4849/6448
f 4108/4849/6448 3636/4569/5967 3635/4563/6448
f 4108/4850/6448 3635/4562/6448 4107/4851/5919
f 4107/4851/5919 3635/4562/6448 3634/4532/5919
f 4107/4851/5919 3634/4532/5919 4106/4852/6449
f 4106/4852/6449 3634/4532/5919 3633/4530/6449
f 4106/4852/6449 3633/4530/6449 4105/4853/5913
f 4105/4853/5913 3633/4530/6449 3632/4528/5913
f 4105/4853/5913 3632/4528/6450 4104/4854/6451
f 4104/4854/6451 3632/4528/5913 3631/4450/6451
f 4104/4854/6452 3631/4450/6452 4103/4855/5776
f 4103/4855/5776 3631/4450/6452 3630/4449/5776
f 4103/4855/5776 3630/4449/5776 4102/4856/6453
f 4102/4856/6454 3630/4449/6455 3629/4526/6454
f 4102/4856/6456 3629/4526/6456 4101/4857/6457
f 4101/4857/6457 3629/4526/6454 3628/4524/6457
f 4101/4857/5904 3628/4524/5904 4100/4858/5902
f 4100/4858/5902 3628/4524/5904 3627/4522/5902
f 4100/4858/5902 3627/4522/5902 4099/4859/5899
f 4099/4859/5899 3627/4522/5902 3626/4520/5899
f 4099/4859/5899 3626/4520/5899 4098/4860/5896
f 4098/4860/5896 3626/4520/5899 3625/4518/5896
f 4098/4860/5896 3625/4518/5896 4097/4861/5895
f 4097/4861/5895 3625/4518/5896 3624/4516/5895
f 4097/4861/5895 3624/4516/5895 4096/4862/5878
f 4096/4862/5878 3624/4516/6458 3623/4509/5878
f 4096/4862/5879 3623/4509/5879 4095/4863/5867
f 4095/4863/5867 3623/4509/5879 3622/4503/5867
f 4095/4863/5867 3622/4503/5867 4094/4864/5856
f 4094/4864/5856 3622/4503/5867 3621/4497/5856
f 4094/4864/5856 3621/4497/5856 4093/4865/6459
f 4093/4865/6459 3621/4497/5856 3620/4491/6459
f 4093/4865/5847 3620/4491/5847 4092/4866/6460
f 4092/4866/6460 3620/4491/5847 3619/4485/6460
f 4092/4866/5836 3619/4485/5836 4091/4867/5824
f 4091/4867/5824 3619/4485/5836 3618/4479/5824
f 4091/4867/5824 3618/4479/5823 4090/4868/5810
f 4090/4868/6461 3618/4479/5824 3617/4478/5810
f 4090/4869/5810 3617/4471/5810 4089/4870/6462
f 4089/4870/6462 3617/4471/5810 3616/4463/6462
f 4089/4870/5798 3616/4463/5798 4088/4871/6463
f 4088/4871/6463 3616/4463/5798 3615/4457/6463
f 4088/4871/6463 3615/4457/6463 4087/4872/5780
f 4087/4872/5780 3615/4457/6464 3614/4451/5780
f 4087/4872/5780 3614/4451/5780 4086/4873/5721
f 4086/4873/5721 3614/4451/5780 3613/4412/5721
f 4086/4873/5721 3613/4412/5721 4085/4874/6465
f 4085/4874/6465 3613/4412/5721 3612/4410/6465
f 4085/4874/5718 3612/4410/5718 4084/4875/6466
f 4084/4875/6466 3612/4410/5718 3611/4408/6466
f 4084/4875/6466 3611/4408/6466 4083/4876/5713
f 4083/4876/5713 3611/4408/6466 3610/4406/5713
f 4083/4876/5713 3610/4406/5713 4082/4877/5709
f 4082/4877/5709 3610/4406/5713 3609/4404/5709
f 4082/4877/5709 3609/4404/5709 4081/4878/5705
f 4081/4878/5705 3609/4404/5709 3608/4402/5705
f 4081/4878/5705 3608/4402/5705 4080/4879/6467
f 4080/4879/6467 3608/4402/5705 3607/4330/6467
f 4080/4879/6468 3607/4330/6468 4079/4880/6469
f 4079/4880/5598 3607/4330/6468 3606/4329/5598
f 4079/4880/6469 3606/4329/6469 4078/4881/5700
f 4078/4881/5700 3606/4329/6469 3605/4400/5700
f 4078/4881/5699 3605/4400/5699 4077/4882/5696
f 4077/4882/5697 3605/4400/5700 3604/4398/5697
f 4077/4882/5696 3604/4398/5696 4076/4883/6470
f 4076/4883/6470 3604/4398/5696 3603/4396/6470
f 4076/4883/6470 3603/4396/6470 4075/4884/5683
f 4075/4884/5683 3603/4396/6470 3602/4394/5683
f 4075/4885/5683 3602/4387/5683 4074/4886/5682
f 4074/4886/6471 3602/4387/5683 3601/4379/6471
f 4074/4886/5682 3601/4379/5682 4073/4887/5665
f 4073/4887/5665 3601/4379/5682 3600/4373/6472
f 4073/4887/5665 3600/4373/5665 4072/4888/5656
f 4072/4888/5656 3600/4373/5665 3599/4367/5656
f 4072/4888/6473 3599/4367/6473 4071/4889/6474
f 4071/4889/6474 3599/4367/6473 3598/4361/6474
f 4071/4889/6475 3598/4361/6475 4070/4890/6476
f 4070/4890/6476 3598/4361/6475 3597/4355/6476
f 4070/4890/5639 3597/4355/5639 4069/4891/6477
f 4069/4891/6477 3597/4355/5639 3596/4349/6477
f 4069/4891/6477 3596/4349/6477 4068/4892/5620
f 4068/4892/5620 3596/4349/6477 3595/4343/5620
f 4068/4892/5620 3595/4343/5620 4067/4893/6478
f 4067/4893/6479 3595/4343/5620 3594/4337/6479
f 4067/4893/6480 3594/4337/6480 4066/4894/6481
f 4066/4894/6481 3594/4337/6478 3593/4331/6481
f 4066/4894/5602 3593/4331/5602 4065/4895/5545
f 4065/4895/5548 3593/4331/5602 3592/4295/5548
f 4065/4895/5545 3592/4295/5545 4064/4896/5544
f 4064/4896/5544 3592/4295/5545 3591/4293/5544
f 4064/4896/5544 3591/4293/5544 4063/4897/6482
f 4063/4897/6482 3591/4293/5544 3590/4291/6482
f 4063/4897/5539 3590/4291/5539 4062/4898/5535
f 4062/4898/5535 3590/4291/5539 3589/4289/5535
f 4062/4898/5535 3589/4289/5535 4061/4899/5531
f 4061/4899/5531 3589/4289/5535 3588/4287/5531
f 4061/4899/5531 3588/4287/5531 4060/4900/5529
f 4060/4900/5529 3588/4287/5531 3587/4285/5529
f 4060/4900/5529 3587/4285/5529 4059/4901/6483
f 4059/4901/6483 3587/4285/5529 3586/4283/6483
f 4059/4901/6483 3586/4283/6483 4058/4902/5521
f 4058/4902/5521 3586/4283/6483 3585/4281/5521
f 4058/4902/5521 3585/4281/5521 4057/4903/5520
f 4057/4903/6484 3585/4281/5521 3584/4279/6484
f 4057/4903/6485 3584/4279/6485 4056/4904/5514
f 4056/4904/5514 3584/4279/6485 3583/4278/5514
f 4056/4905/6486 3583/4275/6486 4055/4829/5495
f 4055/4829/5495 3583/4275/5514 3582/4259/5495
f 3538/4229/4321 3537/4228/4321 4132/4906/6487
f 4132/4906/5510 3537/4228/6488 4127/4907/5510
f 4132/4906/6489 4127/4907/6489 4131/4908/5504
f 4131/4908/5504 4127/4907/6490 4128/4909/5504
f 4131/4910/5501 4128/4911/5501 4130/4912/3906
f 4130/4912/3906 4128/4911/6491 4129/4913/3906
f 4133/4914/3904 4134/4915/5650 4144/4916/6492
f 4144/4916/6492 4134/4915/5650 4146/4917/5633
f 4144/4916/6493 4146/4917/5633 4143/4918/6494
f 4143/4918/6494 4146/4917/5633 4148/4919/5614
f 4143/4918/6495 4148/4919/6496 4142/4920/6497
f 4142/4920/6497 4148/4919/5614 4150/4921/5604
f 4142/4920/6497 4150/4921/5604 4141/4922/6498
f 4141/4922/6498 4150/4921/5553 4152/4923/6201
f 4141/4922/6498 4152/4923/6201 4140/4924/6499
f 4140/4924/6500 4152/4923/6203 4154/4925/6501
f 4140/4924/6499 4154/4925/6225 4139/4926/6502
f 4139/4926/6502 4154/4925/6225 4156/4927/6503
f 4139/4926/6504 4156/4927/6242 4138/4928/6505
f 4138/4928/6506 4156/4927/6507 4158/4929/6508
f 4138/4928/6506 4158/4929/6264 4137/4930/6509
f 4137/4930/6509 4158/4929/6266 4160/4931/6282
f 4137/4930/6509 4160/4931/6282 4136/4932/6510
f 4136/4932/6510 4160/4931/6282 4162/4933/6296
f 4136/4934/6510 4162/4935/6511 4130/4912/3906
f 4130/4912/3906 4162/4935/6296 4131/4910/6315
f 4131/4908/5504 4162/4936/6306 4161/4937/6312
f 4131/4908/5504 4161/4937/6312 4132/4906/6512
f 4132/4906/6513 4161/4937/6311 3539/4230/4321
f 4132/4906/6487 3539/4230/4321 3538/4229/4321
f 4134/4915/5660 4135/4938/6514 4146/4917/5634
f 4146/4917/5634 4135/4938/6514 4145/4939/5617
f 4146/4917/5634 4145/4939/5617 4148/4919/6515
f 4148/4919/6515 4145/4939/6516 4147/4940/5560
f 4148/4919/6515 4147/4940/5560 4150/4921/5555
f 4150/4921/5555 4147/4940/5560 4149/4941/6517
f 4150/4921/5555 4149/4941/6517 4152/4923/6518
f 4152/4923/6518 4149/4941/6519 4151/4942/6520
f 4152/4923/6521 4151/4942/6522 4154/4925/6523
f 4154/4925/6524 4151/4942/6522 4153/4943/6240
f 4154/4925/6524 4153/4943/6240 4156/4927/6525
f 4156/4927/6525 4153/4943/6240 4155/4944/6261
f 4156/4945/6525 4155/4946/6526 4158/4947/6263
f 4158/4947/6263 4155/4946/6527 4157/4948/6276
f 4158/4947/6263 4157/4948/6276 4160/4949/6280
f 4160/4949/6280 4157/4948/6528 4159/4950/6302
f 4160/4949/6280 4159/4950/6302 4162/4936/6306
f 4162/4936/6529 4159/4950/6302 4161/4937/6530
f 4135/4951/6531 3548/4204/3887 4145/4952/6532
f 4145/4952/6532 3548/4204/3887 3547/4210/3887
f 4145/4952/6532 3547/4210/3887 4147/4953/6533
f 4147/4953/6533 3547/4210/3887 3546/4212/3887
f 4147/4953/6533 3546/4212/3887 4149/4954/6534
f 4149/4954/6535 3546/4212/3887 3545/4214/3887
f 4149/4954/6535 3545/4214/3887 4151/4955/6536
f 4151/4955/6222 3545/4214/3887 3544/4216/3887
f 4151/4955/6222 3544/4216/3887 4153/4956/6238
f 4153/4956/6238 3544/4216/3887 3543/4219/3887
f 4153/4956/6238 3543/4219/4321 4155/4946/6261
f 4155/4946/6268 3543/4219/4321 3542/4233/3887
f 4155/4946/6268 3542/4233/4321 4157/4948/6537
f 4157/4948/6538 3542/4233/4321 3541/4232/4321
f 4157/4948/6276 3541/4232/3887 4159/4950/6292
f 4159/4950/6292 3541/4232/4321 3540/4231/4321
f 4159/4950/6292 3540/4231/4321 4161/4937/6311
f 4161/4937/6311 3540/4231/3887 3539/4230/3887
f 4164/4957/5650 4166/4958/5650 4163/4959/3894
f 4163/4959/3894 4166/4958/5650 4167/4960/5650
f 4163/4959/3894 4167/4960/5650 4168/4961/5650
f 4168/4961/5660 4167/4960/5660 4173/4962/6514
f 4168/4961/5660 4173/4962/6514 4174/4963/6514
f 4174/4964/6531 4173/4965/6531 3548/4204/3887
f 4174/4964/5638 3548/4204/3887 4175/4966/5638
f 4175/4966/6531 3548/4204/3887 4135/4951/6531
f 4175/4967/6514 4135/4938/6514 4170/4968/5660
f 4170/4968/5660 4135/4938/6514 4134/4915/5660
f 4170/4968/5650 4134/4915/5650 4133/4914/3894
f 4166/4958/5660 4164/4957/5660 4171/4969/6514
f 4171/4969/6514 4164/4957/5660 4165/4970/6514
f 4171/4971/6531 4165/4972/6531 3549/4198/3887
f 3548/4204/3887 4173/4965/6531 3549/4198/3887
f 3549/4198/3887 4173/4965/6531 4172/4973/6531
f 3549/4198/3887 4172/4973/5638 4171/4971/5638
f 4171/4969/6514 4172/4974/6514 4166/4958/5660
f 4163/4959/3894 4168/4961/5650 4133/4914/3894
f 4133/4914/3894 4168/4961/5650 4169/4975/5650
f 4133/4914/3894 4169/4975/5650 4170/4968/5650
f 4170/4968/5660 4169/4975/5660 4175/4967/6514
f 4173/4962/6514 4167/4960/5660 4172/4974/6514
f 4172/4974/6539 4167/4960/5660 4166/4958/5660
f 4175/4967/6514 4169/4975/5660 4174/4963/6514
f 4174/4963/6514 4169/4975/5660 4168/4961/5660
f 4176/4976/4676 4177/4977/5801 4187/4978/6540
f 4187/4978/6540 4177/4977/5801 4189/4979/5791
f 4187/4978/6540 4189/4979/5791 4186/4980/6541
f 4186/4980/6541 4189/4979/5784 4191/4981/5726
f 4186/4980/6542 4191/4981/5726 4185/4982/6543
f 4185/4982/6543 4191/4981/6544 4193/4983/6545
f 4185/4982/6543 4193/4983/6138 4184/4984/6546
f 4184/4984/6547 4193/4983/6138 4195/4985/6155
f 4184/4984/6547 4195/4985/6155 4183/4986/6548
f 4183/4986/6549 4195/4985/6154 4197/4987/6170
f 4183/4986/6550 4197/4987/6170 4182/4988/6551
f 4182/4988/6551 4197/4987/6170 4199/4989/6552
f 4182/4988/6551 4199/4989/5593 4181/4990/6553
f 4181/4990/6553 4199/4989/5592 4201/4991/6326
f 4181/4990/6553 4201/4991/6326 4180/4992/6554
f 4180/4992/6554 4201/4991/6329 4203/4993/6322
f 4180/4994/6554 4203/4995/5686 4179/4996/6555
f 4179/4996/6556 4203/4995/5686 4205/4997/5669
f 4179/4996/6555 4205/4997/5669 4163/4959/3904
f 4163/4959/3904 4205/4997/5669 4164/4957/5650
f 4164/4957/5660 4205/4997/6557 4204/4998/5653
f 4164/4957/5660 4204/4998/5653 4165/4970/5638
f 4165/4972/6531 4204/4999/6558 3550/4195/3887
f 4165/4972/6531 3550/4195/6559 3549/4198/6559
f 4177/5000/5802 4178/5001/6560 4189/5002/5785
f 4189/5002/5785 4178/5001/6561 4188/5003/5733
f 4189/4979/5785 4188/5004/6562 4191/4981/5728
f 4191/4981/5728 4188/5004/6562 4190/5005/6143
f 4191/4981/5728 4190/5005/6143 4193/4983/6135
f 4193/4983/6135 4190/5005/6143 4192/5006/6151
f 4193/4983/6563 4192/5006/6151 4195/4985/6564
f 4195/4985/6564 4192/5006/6151 4194/5007/6565
f 4195/4985/6566 4194/5007/6167 4197/4987/6567
f 4197/4987/6568 4194/5007/6167 4196/5008/6184
f 4197/4987/6567 4196/5008/6184 4199/4989/6569
f 4199/4989/6569 4196/5008/6184 4198/5009/6570
f 4199/4989/6569 4198/5009/6570 4201/4991/6571
f 4201/4991/6327 4198/5009/6572 4200/5010/6573
f 4201/4991/6571 4200/5010/6574 4203/4993/6575
f 4203/4993/6575 4200/5010/6574 4202/5011/5672
f 4203/5012/5686 4202/5013/5672 4205/5014/5670
f 4205/5014/5670 4202/5013/5672 4204/4999/6576
f 4178/5001/6577 3559/4238/4768 4188/5003/5735
f 4188/5003/5735 3559/4238/4768 3558/4237/4768
f 4188/5003/5735 3558/4237/4768 4190/5015/6132
f 4190/5015/6132 3558/4237/4768 3557/4236/4768
f 4190/5015/6132 3557/4236/3887 4192/5016/6152
f 4192/5016/6151 3557/4236/4768 3556/4235/4768
f 4192/5016/6152 3556/4235/4768 4194/5017/6166
f 4194/5017/6166 3556/4235/4768 3555/4234/4768
f 4194/5017/6166 3555/4234/3887 4196/5018/6182
f 4196/5018/6182 3555/4234/4768 3554/4187/3887
f 4196/5018/6182 3554/4187/3887 4198/5019/5586
f 4198/5019/5586 3554/4187/3887 3553/4189/3887
f 4198/5019/5586 3553/4189/3887 4200/5020/5690
f 4200/5020/5690 3553/4189/3887 3552/4191/3887
f 4200/5020/6578 3552/4191/3887 4202/5013/6579
f 4202/5013/6579 3552/4191/3887 3551/4193/3887
f 4202/5013/6579 3551/4193/3887 4204/4999/6558
f 4204/4999/6558 3551/4193/3887 3550/4195/3887
f 4176/5021/4676 4206/5022/4676 4177/5023/5813
f 4177/5023/5814 4206/5022/4676 4207/5024/5814
f 4177/5000/5802 4207/5025/5802 4178/5001/5787
f 4178/5001/5787 4207/5025/5802 4208/5026/5787
f 4178/5001/6580 4208/5026/6580 3559/4238/6581
f 3559/4238/4768 4208/5026/6577 3560/4239/4768
f 4209/5027/4338 4210/5028/5926 4220/5029/6582
f 4220/5029/6582 4210/5028/5926 4222/5030/6583
f 4220/5029/6584 4222/5030/6086 4219/5031/6585
f 4219/5031/6585 4222/5030/6086 4224/5032/6099
f 4219/5031/6585 4224/5032/6099 4218/5033/6586
f 4218/5033/6586 4224/5032/6099 4226/5034/5772
f 4218/5033/6586 4226/5034/5772 4217/5035/6587
f 4217/5035/6588 4226/5034/5772 4228/5036/6369
f 4217/5035/6589 4228/5036/6369 4216/5037/6590
f 4216/5037/6590 4228/5036/6591 4230/5038/6350
f 4216/5037/6590 4230/5038/6350 4215/5039/6592
f 4215/5039/6592 4230/5038/6351 4232/5040/6340
f 4215/5039/6593 4232/5040/6340 4214/5041/6594
f 4214/5041/6594 4232/5040/6339 4234/5042/5882
f 4214/5041/6595 4234/5042/5882 4213/5043/6596
f 4213/5043/6597 4234/5042/6598 4236/5044/6599
f 4213/5043/6597 4236/5044/5851 4212/5045/6600
f 4212/5045/6600 4236/5044/5851 4238/5046/5828
f 4212/5045/6601 4238/5046/5828 4206/5022/4676
f 4206/5022/4990 4238/5046/5829 4207/5024/5814
f 4207/5025/5802 4238/5047/6602 4237/5048/5807
f 4207/5025/5802 4237/5048/5807 4208/5026/5787
f 4208/5026/6577 4237/5048/6603 3561/4240/4768
f 4208/5026/6577 3561/4240/4768 3560/4239/4768
f 4210/5049/5926 4211/5050/6083 4222/5051/6085
f 4222/5051/6085 4211/5050/6083 4221/5052/6097
f 4222/5051/6085 4221/5052/6097 4224/5053/6604
f 4224/5053/6604 4221/5052/6605 4223/5054/6110
f 4224/5032/6604 4223/5055/6110 4226/5034/5771
f 4226/5034/5771 4223/5055/6606 4225/5056/5765
f 4226/5034/5771 4225/5056/5765 4228/5036/6367
f 4228/5036/6367 4225/5056/5762 4227/5057/6353
f 4228/5036/6367 4227/5057/6353 4230/5038/6351
f 4230/5038/6351 4227/5057/6607 4229/5058/6608
f 4230/5038/6351 4229/5058/6336 4232/5040/6333
f 4232/5040/6333 4229/5058/6336 4231/5059/6609
f 4232/5040/6333 4231/5059/6610 4234/5042/5872
f 4234/5042/5872 4231/5059/6610 4233/5060/5855
f 4234/5042/5872 4233/5060/5855 4236/5044/5852
f 4236/5044/5852 4233/5060/5855 4235/5061/6611
f 4236/5044/5852 4235/5061/5833 4238/5046/6612
f 4238/5046/6612 4235/5061/5832 4237/5062/5807
f 4211/5050/6082 3570/4249/4429 4221/5052/6613
f 4221/5052/6613 3570/4249/4429 3569/4248/4429
f 4221/5052/6613 3569/4248/4429 4223/5054/6109
f 4223/5054/6109 3569/4248/4429 3568/4247/4429
f 4223/5054/6109 3568/4247/4429 4225/5063/5762
f 4225/5063/5762 3568/4247/4429 3567/4246/4429
f 4225/5063/5762 3567/4246/4429 4227/5064/6614
f 4227/5064/6354 3567/4246/4429 3566/4245/4429
f 4227/5064/6354 3566/4245/3887 4229/5065/6337
f 4229/5065/6615 3566/4245/4429 3565/4244/4429
f 4229/5065/6615 3565/4244/4768 4231/5066/5876
f 4231/5066/5876 3565/4244/3887 3564/4243/3887
f 4231/5066/5876 3564/4243/3887 4233/5067/5855
f 4233/5067/5855 3564/4243/3887 3563/4242/4768
f 4233/5067/5855 3563/4242/4768 4235/5068/6616
f 4235/5068/5833 3563/4242/4768 3562/4241/4768
f 4235/5068/5833 3562/4241/4768 4237/5048/5808
f 4237/5048/6603 3562/4241/3887 3561/4240/3887
f 4240/5069/6617 4242/5070/6617 4239/5071/4338
f 4239/5071/4338 4242/5070/5926 4243/5072/5926
f 4239/5071/4338 4243/5072/6617 4244/5073/6617
f 4244/5074/6618 4243/5075/6618 4249/5076/6619
f 4244/5074/6618 4249/5076/6083 4250/5077/6083
f 4250/5077/6082 4249/5076/6082 3570/4249/4429
f 4250/5077/6082 3570/4249/4429 4251/5078/6082
f 4251/5078/6082 3570/4249/4429 4211/5050/6082
f 4251/5078/6083 4211/5050/6083 4246/5079/6618
f 4246/5079/6618 4211/5050/6619 4210/5049/6618
f 4246/5080/6617 4210/5081/6617 4209/5082/4338
f 4242/5083/6618 4240/5084/6618 4247/5085/6083
f 4247/5085/6083 4240/5084/6620 4241/5086/6083
f 4247/5085/6082 4241/5086/6082 3571/4250/4429
f 3570/4249/4429 4249/5076/6082 3571/4250/4429
f 3571/4250/4429 4249/5076/6082 4248/5087/6082
f 3571/4250/4429 4248/5087/6082 4247/5085/6082
f 4247/5085/6083 4248/5087/6083 4242/5083/6620
f 4239/5071/4338 4244/5073/5926 4209/5082/4338
f 4209/5082/4338 4244/5073/6617 4245/5088/6617
f 4209/5082/4338 4245/5088/5926 4246/5080/5926
f 4246/5079/6618 4245/5089/6618 4251/5078/6083
f 4249/5076/6083 4243/5075/6618 4248/5087/6083
f 4248/5087/6083 4243/5075/6618 4242/5083/6618
f 4251/5078/6083 4245/5089/6618 4250/5077/6083
f 4250/5077/6619 4245/5089/6618 4244/5074/6618
f 4129/4913/4336 4128/4911/6315 4260/5090/6621
f 4260/5090/6621 4128/4911/5501 4262/5091/6428
f 4260/5090/6622 4262/5091/6427 4259/5092/6623
f 4259/5092/6624 4262/5091/6427 4264/5093/6413
f 4259/5092/6623 4264/5093/6413 4258/5094/6625
f 4258/5094/6625 4264/5093/6626 4266/5095/6627
f 4258/5094/6628 4266/5095/6404 4257/5096/6629
f 4257/5096/6629 4266/5095/6397 4268/5097/6386
f 4257/5096/6630 4268/5097/6386 4256/5098/6631
f 4256/5098/6631 4268/5097/6632 4270/5099/6050
f 4256/5098/6631 4270/5099/6051 4255/5100/6633
f 4255/5100/6634 4270/5099/6050 4272/5101/6029
f 4255/5100/6635 4272/5101/6029 4254/5102/6636
f 4254/5102/6636 4272/5101/6031 4274/5103/6009
f 4254/5102/6636 4274/5103/6009 4253/5104/6637
f 4253/5104/6637 4274/5103/6009 4276/5105/6638
f 4253/5104/6637 4276/5105/5991 4252/5106/6639
f 4252/5106/6639 4276/5105/5991 4278/5107/6640
f 4252/5106/6641 4278/5107/5970 4239/5071/4338
f 4239/5071/4338 4278/5107/5970 4240/5069/5926
f 4240/5084/6618 4278/5108/6642 4277/5109/5929
f 4240/5084/6618 4277/5109/5929 4241/5086/6083
f 4241/5086/6082 4277/5109/6643 3572/4251/4429
f 4241/5086/6082 3572/4251/4429 3571/4250/4429
f 4128/4909/6644 4127/4907/5507 4262/5110/6645
f 4262/5110/6645 4127/4907/5507 4261/5111/6417
f 4262/5091/6646 4261/5112/6417 4264/5093/6414
f 4264/5093/6414 4261/5112/6417 4263/5113/6402
f 4264/5093/6414 4263/5113/6647 4266/5095/6398
f 4266/5095/6398 4263/5113/6648 4265/5114/6383
f 4266/5095/6398 4265/5114/6383 4268/5097/6649
f 4268/5097/6380 4265/5114/6650 4267/5115/6054
f 4268/5097/6380 4267/5115/6651 4270/5099/6652
f 4270/5099/6051 4267/5115/6651 4269/5116/6034
f 4270/5099/6652 4269/5116/6034 4272/5101/6041
f 4272/5101/6041 4269/5116/6034 4271/5117/6015
f 4272/5101/6031 4271/5117/6015 4274/5103/6653
f 4274/5103/6010 4271/5117/6015 4273/5118/6654
f 4274/5103/6653 4273/5118/6655 4276/5105/6656
f 4276/5105/6656 4273/5118/6655 4275/5119/6657
f 4276/5105/6656 4275/5119/5974 4278/5107/5971
f 4278/5107/5971 4275/5119/5974 4277/5120/6658
f 4127/4907/6487 3537/4228/4321 4261/5111/6419
f 4261/5111/6418 3537/4228/4321 3580/4227/4321
f 4261/5111/6419 3580/4227/3887 4263/5121/6403
f 4263/5121/6403 3580/4227/4321 3579/4258/4321
f 4263/5121/6403 3579/4258/3887 4265/5122/6659
f 4265/5122/6660 3579/4258/3887 3578/4257/3887
f 4265/5122/6383 3578/4257/3887 4267/5123/6054
f 4267/5123/6054 3578/4257/4321 3577/4256/4321
f 4267/5123/6054 3577/4256/3887 4269/5124/6661
f 4269/5124/6035 3577/4256/3887 3576/4255/4429
f 4269/5124/6661 3576/4255/4429 4271/5125/6016
f 4271/5125/6016 3576/4255/4429 3575/4254/4429
f 4271/5125/6016 3575/4254/4429 4273/5126/5995
f 4273/5126/5995 3575/4254/4429 3574/4253/4429
f 4273/5126/5995 3574/4253/4429 4275/5127/5975
f 4275/5127/5975 3574/4253/4429 3573/4252/4429
f 4275/5127/5975 3573/4252/4429 4277/5109/5931
f 4277/5109/6643 3573/4252/4429 3572/4251/4429
f 4289/5128/4676 4176/4976/4676 4288/5129/6540
f 4288/5129/6662 4176/4976/4676 4187/4978/6540
f 4288/5129/6540 4187/4978/6540 4186/4980/6663
f 4288/5129/6540 4186/4980/6663 4287/5130/6663
f 4287/5130/6663 4186/4980/6663 4185/4982/6664
f 4287/5130/6663 4185/4982/6664 4286/5131/6664
f 4286/5131/6665 4185/4982/6665 4184/4984/6547
f 4286/5131/6665 4184/4984/6547 4285/5132/6547
f 4285/5132/6547 4184/4984/6547 4183/4986/6548
f 4285/5132/6547 4183/4986/6548 4284/5133/6548
f 4284/5133/6548 4183/4986/6548 4182/4988/6666
f 4284/5133/6548 4182/4988/6666 4283/5134/6666
f 4283/5134/6551 4182/4988/6551 4181/4990/6553
f 4283/5134/6551 4181/4990/6553 4282/5135/6553
f 4282/5135/6553 4181/4990/6553 4180/4992/6667
f 4282/5135/6553 4180/4992/6667 4281/5136/6667
f 4281/5137/6668 4180/4994/6668 4179/4996/6555
f 4281/5137/6554 4179/4996/6556 4280/5138/6556
f 4280/5138/6555 4179/4996/6555 4279/5139/3904
f 4279/5139/3904 4179/4996/6555 4163/4959/3904
f 4163/4959/3904 4133/4914/3904 4279/5139/3904
f 4279/5139/3904 4133/4914/3904 4290/5140/3904
f 4290/5140/3904 4133/4914/3904 4300/5141/6492
f 4300/5141/6492 4133/4914/3904 4144/4916/6492
f 4300/5141/6493 4144/4916/6493 4143/4918/6669
f 4300/5141/6492 4143/4918/6669 4299/5142/6669
f 4299/5142/6495 4143/4918/6495 4142/4920/6497
f 4299/5142/6495 4142/4920/6497 4298/5143/6497
f 4298/5143/6497 4142/4920/6497 4141/4922/6498
f 4298/5143/6497 4141/4922/6498 4297/5144/6498
f 4297/5144/6670 4141/4922/6670 4140/4924/6499
f 4297/5144/6498 4140/4924/6499 4296/5145/6499
f 4296/5145/6499 4140/4924/6499 4139/4926/6504
f 4296/5145/6499 4139/4926/6504 4295/5146/6504
f 4295/5146/6504 4139/4926/6504 4138/4928/6505
f 4295/5146/6504 4138/4928/6505 4294/5147/6505
f 4294/5147/6671 4138/4928/6671 4137/4930/6672
f 4294/5147/6671 4137/4930/6672 4293/5148/6672
f 4293/5148/6672 4137/4930/6672 4136/4932/6510
f 4293/5148/6672 4136/4932/6510 4292/5149/6510
f 4292/5150/6510 4136/4934/6510 4291/5151/3906
f 4291/5151/3906 4136/4934/6510 4130/4912/3906
f 4130/4912/3906 4129/4913/3906 4291/5151/3906
f 4291/5151/3906 4129/4913/3906 4301/5152/3906
f 4312/5153/4338 4209/5027/4338 4311/5154/6582
f 4311/5154/6582 4209/5027/4338 4220/5029/6582
f 4311/5154/6584 4220/5029/6584 4219/5031/6673
f 4311/5154/6584 4219/5031/6673 4310/5155/6673
f 4310/5155/6674 4219/5031/6674 4218/5033/6675
f 4310/5155/6585 4218/5033/6675 4309/5156/6675
f 4309/5156/6675 4218/5033/6675 4217/5035/6588
f 4309/5156/6675 4217/5035/6588 4308/5157/6588
f 4308/5157/6589 4217/5035/6589 4216/5037/6590
f 4308/5157/6589 4216/5037/6590 4307/5158/6590
f 4307/5158/6590 4216/5037/6590 4215/5039/6592
f 4307/5158/6590 4215/5039/6592 4306/5159/6592
f 4306/5159/6592 4215/5039/6592 4214/5041/6594
f 4306/5159/6592 4214/5041/6594 4305/5160/6594
f 4305/5160/6595 4214/5041/6595 4213/5043/6597
f 4305/5160/6595 4213/5043/6596 4304/5161/6596
f 4304/5161/6597 4213/5043/6597 4212/5045/6676
f 4304/5161/6597 4212/5045/6676 4303/5162/6676
f 4303/5162/6676 4212/5045/6676 4302/5163/4676
f 4302/5163/4676 4212/5045/6676 4206/5022/4676
f 4239/5071/4338 4209/5082/4338 4313/5164/4338
f 4313/5164/4338 4209/5082/4338 4312/5165/4338
f 4301/5152/3906 4129/4913/3906 4322/5166/6622
f 4322/5166/6622 4129/4913/3906 4260/5090/6622
f 4322/5166/6622 4260/5090/6622 4259/5092/6624
f 4322/5166/6622 4259/5092/6624 4321/5167/6624
f 4321/5167/6623 4259/5092/6623 4258/5094/6625
f 4321/5167/6624 4258/5094/6625 4320/5168/6625
f 4320/5168/6628 4258/5094/6628 4257/5096/6630
f 4320/5168/6628 4257/5096/6630 4319/5169/6630
f 4319/5169/6630 4257/5096/6630 4256/5098/6631
f 4319/5169/6630 4256/5098/6631 4318/5170/6631
f 4318/5170/6631 4256/5098/6631 4255/5100/6635
f 4318/5170/6631 4255/5100/6634 4317/5171/6634
f 4317/5171/6635 4255/5100/6635 4254/5102/6636
f 4317/5171/6635 4254/5102/6636 4316/5172/6636
f 4316/5172/6636 4254/5102/6636 4253/5104/6677
f 4316/5172/6636 4253/5104/6677 4315/5173/6677
f 4315/5173/6678 4253/5104/6678 4252/5106/6639
f 4315/5173/6679 4252/5106/6639 4314/5174/6639
f 4314/5174/6641 4252/5106/6641 4313/5164/4338
f 4313/5164/4338 4252/5106/6641 4239/5071/4338
f 4206/5022/4676 4176/5021/4676 4302/5163/4676
f 4302/5163/4676 4176/5021/4676 4289/5175/4676
f 2553/3118/3904 3259/3865/6680 3459/4137/3904
f 3459/4137/3904 3259/3865/6680 4347/5176/6681
f 4347/5176/6681 3259/3865/6682 3258/3867/6683
f 4347/5176/6681 3258/3867/6683 4346/5177/6684
f 4346/5177/6684 3258/3867/6683 3257/3869/6685
f 4346/5177/6686 3257/3869/6685 4345/5178/6687
f 4345/5178/6688 3257/3869/6685 3256/3871/6689
f 4345/5178/6687 3256/3871/6689 4344/5179/6690
f 4344/5179/6690 3256/3871/6689 3255/3873/6691
f 4344/5180/6690 3255/3874/6691 4343/5181/6692
f 4343/5181/6693 3255/3874/6694 3254/3877/6695
f 4343/5181/6693 3254/3877/6695 3253/3878/6696
f 4343/5181/6697 3253/3878/5013 4342/5182/6698
f 4342/5182/6698 3253/3878/6696 3252/4057/6699
f 4342/5182/6700 3252/4057/6699 4341/5183/6701
f 4341/5183/6701 3252/4057/6699 4340/5184/6702
f 4340/5184/6703 3252/4057/6699 3251/4053/6704
f 4340/5184/6702 3251/4053/6705 4339/5185/6706
f 4339/5185/6707 3251/4053/6704 4338/5186/6708
f 4338/5186/6708 3251/4053/6704 3250/4051/6709
f 4338/5186/6708 3250/4051/6710 4337/5187/6711
f 4337/5187/6711 3250/4051/6712 3249/4050/6713
f 4337/5187/6711 3249/4050/6713 4336/5188/6714
f 4336/5188/6714 3249/4050/6715 3248/4044/6716
f 4336/5188/6714 3248/4044/6716 4335/5189/6717
f 4335/5189/6718 3248/4044/5275 3247/4037/6719
f 4335/5189/6718 3247/4037/6719 4334/5190/6720
f 4334/5190/6721 3247/4037/6719 4333/5191/6722
f 4333/5191/6722 3247/4037/6723 3246/4029/6724
f 4333/5191/6722 3246/4029/6725 4332/5192/6726
f 4332/5192/6727 3246/4029/6725 3245/4021/6728
f 4332/5192/6727 3245/4021/6729 4331/5193/6730
f 4331/5193/6730 3245/4021/6729 3244/3914/6731
f 4331/5193/6730 3244/3914/6731 4330/5194/6732
f 4330/5194/6732 3244/3914/6733 3243/3915/6734
f 4330/5194/6735 3243/3915/6734 4329/5195/6736
f 4329/5195/6736 3243/3915/6734 3242/3917/6737
f 4329/5195/6736 3242/3917/6737 4328/5196/6738
f 4328/5196/6739 3242/3917/6737 4327/5197/6740
f 4327/5197/6740 3242/3917/6737 3241/4020/6741
f 4327/5197/6740 3241/4020/6741 4326/5198/6742
f 4326/5198/6742 3241/4020/6741 3240/4019/6743
f 4326/5198/6742 3240/4019/6743 4325/5199/6744
f 4325/5199/6744 3240/4019/6743 3239/4018/6745
f 4325/5199/6744 3239/4018/6745 4324/5200/6746
f 4324/5200/6746 3239/4018/6745 3185/4017/4676
f 4324/5200/6746 3185/4017/4676 4323/5201/4676
f 3185/3824/4676 3022/3635/4676 4323/5202/4676
f 4323/5202/4676 3022/3635/4676 4348/5203/4676
f 3022/3635/4676 3065/3637/6747 4348/5203/4676
f 4348/5203/4676 3065/3637/6748 4368/5204/6749
f 4368/5204/6750 3065/3637/6748 3064/3639/6751
f 4368/5204/6749 3064/3639/6751 4367/5205/6752
f 4367/5205/6752 3064/3639/6751 3063/3641/6753
f 4367/5205/6752 3063/3641/6753 4366/5206/6754
f 4366/5206/6754 3063/3641/6753 3062/3643/6755
f 4366/5206/6754 3062/3643/6755 4365/5207/6756
f 4365/5207/6757 3062/3643/6758 3061/3645/6759
f 4365/5207/6757 3061/3645/6759 4364/5208/6760
f 4364/5208/6760 3061/3645/6761 3060/3647/6762
f 4364/5208/6763 3060/3647/6762 4363/5209/6764
f 4363/5209/6764 3060/3647/6762 3059/3780/6765
f 4363/5209/6764 3059/3780/6765 4362/5210/6766
f 4362/5210/6766 3059/3780/6765 3058/3779/6767
f 4362/5210/6766 3058/3779/6767 4361/5211/6768
f 4361/5211/6768 3058/3779/6767 3057/3778/6769
f 4361/5211/6768 3057/3778/6769 4360/5212/6770
f 4360/5212/6770 3057/3778/6771 3056/3777/6772
f 4360/5212/6770 3056/3777/6772 4359/5213/6773
f 4359/5213/6773 3056/3777/6772 3055/3776/6774
f 4359/5213/6773 3055/3776/6774 4358/5214/6775
f 4358/5214/6775 3055/3776/6774 3054/3775/6776
f 4358/5214/6775 3054/3775/6777 4357/5215/6778
f 4357/5215/6778 3054/3775/6776 3053/3774/6779
f 4357/5215/6780 3053/3774/6781 4356/5216/6782
f 4356/5216/6782 3053/3774/6781 3052/3773/6783
f 4356/5216/6784 3052/3773/6783 4355/5217/6785
f 4355/5217/6785 3052/3773/6783 3051/3772/6786
f 4355/5217/6785 3051/3772/6786 4354/5218/6787
f 4354/5218/6788 3051/3772/6786 3050/3771/6789
f 4354/5218/6788 3050/3771/6790 4353/5219/6791
f 4353/5219/6791 3050/3771/6789 3049/3770/6792
f 4353/5219/6791 3049/3770/6792 4352/5220/6793
f 4352/5220/6794 3049/3770/6792 3048/3769/6795
f 4352/5220/6794 3048/3769/6795 4351/5221/6796
f 4351/5221/6796 3048/3769/6795 3047/3768/6797
f 4351/5221/6796 3047/3768/6798 4350/5222/6799
f 4350/5222/6800 3047/3768/6798 3046/3767/6801
f 4350/5222/6799 3046/3767/6802 2986/3766/4338
f 2986/3766/4338 4349/5223/4338 4350/5222/6799
f 2986/3590/4338 2816/3398/4338 4349/5224/4338
f 4349/5224/4338 2816/3398/4338 3434/4091/4338
f 4300/5225/6803 4114/5226/6803 4290/5227/6803
f 4290/5227/6803 4114/5226/6803 4113/5228/6803
f 4290/5227/6803 4113/5228/6803 4112/5229/6803
f 4114/5226/6803 4300/5225/6803 4115/5230/6803
f 4115/5230/6803 4300/5225/6803 4299/5231/6803
f 4115/5230/6803 4299/5231/6803 4116/5232/6803
f 4116/5232/6803 4299/5231/6803 4298/5233/6803
f 4116/5232/6803 4298/5233/6803 4117/5234/6803
f 4117/5234/6803 4298/5233/6803 4297/5235/6803
f 4117/5234/6803 4297/5235/6803 4118/5236/6803
f 4118/5236/6803 4297/5235/6803 4119/5237/6803
f 4119/5237/6803 4297/5235/6803 4296/5238/6803
f 4119/5237/6803 4296/5238/6803 4323/5239/6803
f 4323/5239/6803 4296/5238/6803 4295/5240/6803
f 4323/5239/6803 4295/5240/6803 4294/5241/6803
f 4294/5241/6803 4293/5242/6803 4323/5239/6803
f 4323/5239/6803 4293/5242/6803 4292/5243/6803
f 4323/5239/6803 4292/5243/6803 4344/5244/6803
f 4344/5244/6803 4292/5243/6803 4291/5245/6803
f 4344/5244/6803 4291/5245/6803 4345/5246/6803
f 4345/5246/6803 4291/5245/6803 4346/5247/6803
f 4346/5247/6803 4291/5245/6803 4347/5248/6803
f 4347/5248/6803 4291/5245/6803 3459/5249/6803
f 3459/5249/6803 4291/5245/6803 4301/5250/6803
f 3459/5249/6803 4301/5250/6803 4322/5251/6803
f 4322/5251/6803 4321/5252/6803 3459/5249/6803
f 3459/5249/6803 4321/5252/6803 4320/5253/6803
f 3459/5249/6803 4320/5253/6803 4319/5254/6803
f 4319/5254/6803 4318/5255/6803 3459/5249/6803
f 3459/5249/6803 4318/5255/6803 4317/5256/6803
f 3459/5249/6803 4317/5256/6803 4316/5257/6803
f 4316/5257/6803 4315/5258/6803 3459/5249/6803
f 3459/5249/6803 4315/5258/6803 4314/5259/6803
f 3459/5249/6803 4314/5259/6803 4313/5260/6803
f 4313/5260/6803 4312/5261/6803 3459/5249/6803
f 3459/5249/6803 4312/5261/6803 3436/5262/6803
f 3436/5262/6803 4312/5261/6803 4311/5263/6803
f 3436/5262/6803 4311/5263/6803 4310/5264/6803
f 4310/5264/6803 4309/5265/6803 3436/5262/6803
f 3436/5262/6803 4309/5265/6803 4308/5266/6803
f 3436/5262/6803 4308/5266/6803 4307/5267/6803
f 4307/5267/6803 4306/5268/6803 3436/5262/6803
f 3436/5262/6803 4306/5268/6803 4305/5269/6803
f 3436/5262/6803 4305/5269/6803 4304/5270/6803
f 4304/5270/6803 4303/5271/6803 3436/5262/6803
f 3436/5262/6803 4303/5271/6803 4302/5272/6803
f 3436/5262/6803 4302/5272/6803 4289/5273/6803
f 4288/5274/6803 3440/5275/6803 4289/5273/6803
f 4289/5273/6803 3440/5275/6803 3439/5276/6803
f 4289/5273/6803 3439/5276/6803 3438/5277/6803
f 4287/5278/6803 3435/5279/6803 4288/5274/6803
f 4288/5274/6803 3435/5279/6803 3441/5280/6803
f 4288/5274/6803 3441/5280/6803 3440/5275/6803
f 4287/5278/6803 4286/5281/6803 3435/5279/6803
f 3435/5279/6803 4286/5281/6803 4285/5282/6803
f 3435/5279/6803 4285/5282/6803 4284/5283/6803
f 4283/5284/6803 4099/5285/6803 4284/5283/6803
f 4284/5283/6803 4099/5285/6803 4098/5286/6803
f 4284/5283/6803 4098/5286/6803 3435/5279/6803
f 3435/5279/6803 4098/5286/6803 4097/5287/6803
f 3435/5279/6803 4097/5287/6803 4096/5288/6803
f 4099/5285/6803 4283/5284/6803 4100/5289/6803
f 4100/5289/6803 4283/5284/6803 4282/5290/6803
f 4100/5289/6803 4282/5290/6803 4101/5291/6803
f 4101/5291/6803 4282/5290/6803 4281/5292/6803
f 4101/5291/6803 4281/5292/6803 4102/5293/6803
f 4102/5293/6803 4281/5292/6803 4103/5294/6803
f 4103/5294/6803 4281/5292/6803 4280/5295/6803
f 4103/5294/6803 4280/5295/6803 4104/5296/6803
f 4104/5296/6803 4280/5295/6803 4279/5297/6803
f 4104/5296/6803 4279/5297/6803 4105/5298/6803
f 4105/5298/6803 4279/5297/6803 4106/5299/6803
f 4106/5299/6803 4279/5297/6803 4107/5300/6803
f 4107/5300/6803 4279/5297/6803 4108/5301/6803
f 4108/5301/6803 4279/5297/6803 4109/5302/6803
f 4109/5302/6803 4279/5297/6803 4290/5227/6803
f 4109/5302/6803 4290/5227/6803 4110/5303/6803
f 4110/5303/6803 4290/5227/6803 4111/5304/6803
f 4111/5304/6803 4290/5227/6803 4112/5229/6803
f 4055/5305/6803 4054/5306/6803 4348/5307/6803
f 4348/5307/6803 4054/5306/6803 4126/5308/6803
f 4348/5307/6803 4126/5308/6803 4125/5309/6803
f 4125/5309/6803 4124/5310/6803 4348/5307/6803
f 4348/5307/6803 4124/5310/6803 4123/5311/6803
f 4348/5307/6803 4123/5311/6803 4323/5239/6803
f 4323/5239/6803 4123/5311/6803 4122/5312/6803
f 4323/5239/6803 4122/5312/6803 4121/5313/6803
f 4121/5313/6803 4120/5314/6803 4323/5239/6803
f 4323/5239/6803 4120/5314/6803 4119/5237/6803
f 4096/5288/6803 4095/5315/6803 3435/5279/6803
f 3435/5279/6803 4095/5315/6803 4094/5316/6803
f 3435/5279/6803 4094/5316/6803 3414/5317/6803
f 3414/5317/6803 4094/5316/6803 4093/5318/6803
f 3414/5317/6803 4093/5318/6803 4092/5319/6803
f 4092/5319/6803 4091/5320/6803 3414/5317/6803
f 3414/5317/6803 4091/5320/6803 4090/5321/6803
f 3414/5317/6803 4090/5321/6803 4089/5322/6803
f 4089/5322/6803 4088/5323/6803 3414/5317/6803
f 3414/5317/6803 4088/5323/6803 4087/5324/6803
f 3414/5317/6803 4087/5324/6803 4086/5325/6803
f 4086/5325/6803 4085/5326/6803 3414/5317/6803
f 3414/5317/6803 4085/5326/6803 3434/5327/6803
f 3414/5317/6803 3434/5327/6803 3415/5328/6803
f 3415/5328/6803 3434/5327/6803 3416/5329/6803
f 3416/5329/6803 3434/5327/6803 3417/5330/6803
f 3417/5330/6803 3434/5327/6803 3418/5331/6803
f 3418/5331/6803 3434/5327/6803 3419/5332/6803
f 3419/5332/6803 3434/5327/6803 3420/5333/6803
f 3420/5333/6803 3434/5327/6803 3421/5334/6803
f 3421/5334/6803 3434/5327/6803 3422/5335/6803
f 3422/5335/6803 3434/5327/6803 3423/5336/6803
f 3423/5336/6803 3434/5327/6803 3424/5337/6803
f 3424/5337/6803 3434/5327/6803 3425/5338/6803
f 3425/5338/6803 3434/5327/6803 3426/5339/6803
f 3426/5339/6803 3434/5327/6803 3427/5340/6803
f 3427/5340/6803 3434/5327/6803 3428/5341/6803
f 3428/5341/6803 3434/5327/6803 3429/5342/6803
f 3429/5342/6803 3434/5327/6803 3430/5343/6803
f 3430/5343/6803 3434/5327/6803 3431/5344/6803
f 3431/5344/6803 3434/5327/6803 3432/5345/6803
f 3432/5345/6803 3434/5327/6803 3433/5346/6803
f 4085/5326/6803 4084/5347/6803 3434/5327/6803
f 3434/5327/6803 4084/5347/6803 4083/5348/6803
f 3434/5327/6803 4083/5348/6803 4082/5349/6803
f 4082/5349/6803 4081/5350/6803 3434/5327/6803
f 3434/5327/6803 4081/5350/6803 4080/5351/6803
f 3434/5327/6803 4080/5351/6803 4079/5352/6803
f 4079/5352/6803 4078/5353/6803 3434/5327/6803
f 3434/5327/6803 4078/5353/6803 4077/5354/6803
f 3434/5327/6803 4077/5354/6803 4076/5355/6803
f 4076/5355/6803 4075/5356/6803 3434/5327/6803
f 3434/5327/6803 4075/5356/6803 4074/5357/6803
f 3434/5327/6803 4074/5357/6803 4073/5358/6803
f 4073/5358/6803 4072/5359/6803 3434/5327/6803
f 3434/5327/6803 4072/5359/6803 4349/5360/6803
f 4349/5360/6803 4072/5359/6803 4071/5361/6803
f 4349/5360/6803 4071/5361/6803 4070/5362/6803
f 4070/5362/6803 4069/5363/6803 4349/5360/6803
f 4349/5360/6803 4069/5363/6803 4068/5364/6803
f 4349/5360/6803 4068/5364/6803 4067/5365/6803
f 4067/5365/6803 4066/5366/6803 4349/5360/6803
f 4349/5360/6803 4066/5366/6803 4065/5367/6803
f 4349/5360/6803 4065/5367/6803 4064/5368/6803
f 4064/5368/6803 4063/5369/6803 4349/5360/6803
f 4349/5360/6803 4063/5369/6803 4062/5370/6803
f 4349/5360/6803 4062/5370/6803 4061/5371/6803
f 4061/5371/6803 4060/5372/6803 4349/5360/6803
f 4349/5360/6803 4060/5372/6803 4059/5373/6803
f 4349/5360/6803 4059/5373/6803 4348/5307/6803
f 4348/5307/6803 4059/5373/6803 4058/5374/6803
f 4348/5307/6803 4058/5374/6803 4057/5375/6803
f 4057/5375/6803 4056/5376/6803 4348/5307/6803
f 4348/5307/6803 4056/5376/6803 4055/5305/6803
f 4344/5244/6803 4343/5377/6803 4323/5239/6803
f 4323/5239/6803 4343/5377/6803 4342/5378/6803
f 4323/5239/6803 4342/5378/6803 4341/5379/6803
f 4341/5379/6803 4340/5380/6803 4323/5239/6803
f 4323/5239/6803 4340/5380/6803 4339/5381/6803
f 4323/5239/6803 4339/5381/6803 4338/5382/6803
f 4338/5382/6803 4337/5383/6803 4323/5239/6803
f 4323/5239/6803 4337/5383/6803 4336/5384/6803
f 4323/5239/6803 4336/5384/6803 4335/5385/6803
f 4335/5385/6803 4334/5386/6803 4323/5239/6803
f 4323/5239/6803 4334/5386/6803 4333/5387/6803
f 4323/5239/6803 4333/5387/6803 4332/5388/6803
f 4332/5388/6803 4331/5389/6803 4323/5239/6803
f 4323/5239/6803 4331/5389/6803 4330/5390/6803
f 4323/5239/6803 4330/5390/6803 4329/5391/6803
f 4329/5391/6803 4328/5392/6803 4323/5239/6803
f 4323/5239/6803 4328/5392/6803 4327/5393/6803
f 4323/5239/6803 4327/5393/6803 4326/5394/6803
f 4325/5395/6803 4324/5396/6803 4326/5394/6803
f 4326/5394/6803 4324/5396/6803 4323/5239/6803
f 4348/5307/6803 4368/5397/6803 4349/5360/6803
f 4349/5360/6803 4368/5397/6803 4367/5398/6803
f 4349/5360/6803 4367/5398/6803 4366/5399/6803
f 4366/5399/6803 4365/5400/6803 4349/5360/6803
f 4349/5360/6803 4365/5400/6803 4364/5401/6803
f 4349/5360/6803 4364/5401/6803 4363/5402/6803
f 4363/5402/6803 4362/5403/6803 4349/5360/6803
f 4349/5360/6803 4362/5403/6803 4361/5404/6803
f 4349/5360/6803 4361/5404/6803 4360/5405/6803
f 4360/5405/6803 4359/5406/6803 4349/5360/6803
f 4349/5360/6803 4359/5406/6803 4358/5407/6803
f 4349/5360/6803 4358/5407/6803 4357/5408/6803
f 4357/5408/6803 4356/5409/6803 4349/5360/6803
f 4349/5360/6803 4356/5409/6803 4355/5410/6803
f 4349/5360/6803 4355/5410/6803 4354/5411/6803
f 4354/5411/6803 4353/5412/6803 4349/5360/6803
f 4349/5360/6803 4353/5412/6803 4352/5413/6803
f 4349/5360/6803 4352/5413/6803 4351/5414/6803
f 4351/5414/6804 4350/5415/6804 4349/5360/6804
f 3458/5416/6805 3457/5417/6805 3435/5279/6805
f 3435/5279/6803 3457/5417/6803 3456/5418/6803
f 3435/5279/6803 3456/5418/6803 3455/5419/6803
f 3455/5419/6803 3454/5420/6803 3435/5279/6803
f 3435/5279/6803 3454/5420/6803 3453/5421/6803
f 3435/5279/6803 3453/5421/6803 3452/5422/6803
f 3452/5422/6803 3451/5423/6803 3435/5279/6803
f 3435/5279/6803 3451/5423/6803 3450/5424/6803
f 3435/5279/6803 3450/5424/6803 3449/5425/6803
f 3449/5425/6803 3448/5426/6803 3435/5279/6803
f 3435/5279/6803 3448/5426/6803 3447/5427/6803
f 3435/5279/6803 3447/5427/6803 3446/5428/6803
f 3446/5428/6803 3445/5429/6803 3435/5279/6803
f 3435/5279/6803 3445/5429/6803 3444/5430/6803
f 3435/5279/6803 3444/5430/6803 3443/5431/6803
f 3443/5431/6803 3442/5432/6803 3435/5279/6803
f 3435/5279/6803 3442/5432/6803 3441/5280/6803
f 3438/5277/6803 3437/5433/6803 4289/5273/6803
f 4289/5273/6803 3437/5433/6803 3436/5262/6803
g play-button_play-button
v -14.608651 4.964702 37.174786
v -14.608651 4.741607 37.587669
v -14.608651 4.401843 37.911407
v -14.608651 3.978668 38.114307
v -14.608651 3.513505 38.176510
v -14.608651 3.051887 38.091923
v 14.608651 3.051887 38.091923
v 14.608651 3.513505 38.176510
v 14.608651 3.978668 38.114307
v 14.608651 4.401843 37.911407
v 14.608651 4.741607 37.587669
v 14.608651 4.964702 37.174786
v -4.869550 4.741607 37.587669
v 4.869550 4.741607 37.587669
v -4.869550 4.401843 37.911407
v 4.869550 4.401843 37.911407
v -4.869550 3.978668 38.114307
v 4.869550 3.978668 38.114307
v -4.869550 3.513505 38.176510
v 4.869550 3.513505 38.176510
v 19.608650 4.711350 33.375336
v 19.535236 5.148602 33.529175
v 19.322176 5.543052 33.667957
v 18.990330 5.856090 33.778095
v 18.572176 6.057072 33.848808
v 18.108650 6.126327 33.873177
v 18.041399 5.899704 34.517288
v 17.842230 5.681792 35.136646
v 17.518795 5.480963 35.707451
v 17.083525 5.304934 36.207764
v 16.553146 5.160471 36.618362
v 15.948043 5.053125 36.923466
v 15.291467 4.987022 37.111343
v 15.390823 3.072318 38.033852
v 16.153736 3.133107 37.861076
v 16.878603 3.232758 37.577843
v 17.547577 3.368817 37.191132
v 18.144184 3.537933 36.710464
v 18.653736 3.735943 36.147675
v 19.063683 3.957970 35.516621
v 19.363934 4.198548 34.832840
v 19.547092 4.451754 34.113171
v 18.511963 5.828644 34.498055
v 18.923761 5.603562 34.495838
v 19.250566 5.271399 34.440060
v 19.460390 4.864670 34.336178
v 18.333147 5.607157 35.127575
v 18.726082 5.358709 35.191772
v 19.037916 5.008002 35.188698
v 19.238127 4.589366 35.118656
v 18.041164 5.399340 35.718239
v 18.403296 5.128967 35.844753
v 18.690683 4.760860 35.891132
v 18.875198 4.331054 35.852840
v 17.644888 5.211508 36.252102
v 17.965212 4.921318 36.434937
v 18.219421 4.537486 36.526016
v 18.382633 4.097582 36.516422
v 17.156357 5.049368 36.712944
v 17.425138 4.742072 36.944397
v 17.638447 4.344664 37.074059
v 17.775398 3.896045 37.089237
v 16.590414 4.917846 37.086758
v 16.799490 4.596675 37.357651
v 16.965414 4.188256 37.518608
v 17.071943 3.732566 37.553883
v 15.964256 4.820940 37.362190
v 16.107273 4.489545 37.662140
v 16.220772 4.073012 37.846161
v 16.293642 3.612113 37.896240
v 15.296910 4.761592 37.530869
v 15.369521 4.423937 37.848614
v 15.427146 4.002434 38.046757
v 15.464143 3.538346 38.105904
v 19.608650 6.317896 28.809155
v 19.535236 6.755147 28.962996
v 19.322176 7.149599 29.101776
v 18.990330 7.462636 29.211914
v 18.572176 7.663619 29.282627
v 18.108650 7.732872 29.306993
v 14.608651 7.977360 24.092569
v 14.608651 8.390244 24.315662
v 14.608651 8.713983 24.655428
v 14.608651 8.916882 25.078604
v 14.608651 8.979083 25.543766
v 14.608651 8.894496 26.005383
v 15.291467 8.872176 26.068823
v 15.948043 8.806073 26.256704
v 16.553146 8.698727 26.561806
v 17.083525 8.554264 26.972403
v 17.518795 8.378236 27.472717
v 17.842230 8.177406 28.043522
v 18.041399 7.959493 28.662882
v 19.547092 6.577493 28.071318
v 19.363934 6.830698 27.351648
v 19.063683 7.071277 26.667870
v 18.653736 7.293304 26.036816
v 18.144184 7.491314 25.474026
v 17.547577 7.660430 24.993357
v 16.878603 7.796489 24.606646
v 16.153736 7.896140 24.323416
v 15.390823 7.956929 24.150639
v 15.296910 8.959098 25.600569
v 15.369521 8.894789 25.141397
v 15.427146 8.690216 24.722979
v 15.464143 8.365404 24.386267
v 15.964256 8.899751 25.769247
v 16.107273 8.829181 25.327871
v 16.220772 8.619638 24.923574
v 16.293642 8.291636 24.595932
v 16.590414 8.802844 26.044678
v 16.799490 8.722050 25.632362
v 16.965414 8.504395 25.251125
v 17.071943 8.171184 24.938288
v 17.156357 8.671323 26.418493
v 17.425138 8.576653 26.045614
v 17.638447 8.347986 25.695677
v 17.775398 8.007705 25.402931
v 17.644888 8.509183 26.879333
v 17.965212 8.397407 26.555073
v 18.219421 8.155165 26.243719
v 18.382633 7.806168 25.975748
v 18.041164 8.321350 27.413197
v 18.403296 8.189759 27.145260
v 18.690683 7.931790 26.878601
v 18.875198 7.572696 26.639330
v 18.333147 8.113533 28.003862
v 18.726082 7.960017 27.798239
v 19.037916 7.684649 27.581036
v 19.238127 7.314384 27.373514
v 18.511963 7.892046 28.633381
v 18.923761 7.715163 28.494173
v 19.250566 7.421250 28.329676
v 19.460390 7.039079 28.155994
v -14.608651 7.977360 24.092569
v -14.608651 8.390244 24.315662
v -14.608651 8.713983 24.655428
v -14.608651 8.916882 25.078604
v -14.608651 8.979083 25.543766
v -14.608651 8.894496 26.005383
v -4.869550 8.390244 24.315662
v 4.869550 8.390244 24.315662
v -4.869550 8.713983 24.655428
v 4.869550 8.713983 24.655428
v -4.869550 8.916882 25.078604
v 4.869550 8.916882 25.078604
v -4.869550 8.979083 25.543766
v 4.869550 8.979083 25.543766
v -19.608650 6.317896 28.809155
v -19.535236 6.755147 28.962996
v -19.322176 7.149599 29.101776
v -18.990330 7.462636 29.211914
v -18.572176 7.663619 29.282627
v -18.108650 7.732872 29.306993
v -18.041399 7.959493 28.662882
v -17.842230 8.177406 28.043522
v -17.518795 8.378236 27.472717
v -17.083525 8.554264 26.972403
v -16.553146 8.698727 26.561806
v -15.948043 8.806073 26.256704
v -15.291467 8.872176 26.068823
v -15.390823 7.956929 24.150639
v -16.153736 7.896140 24.323416
v -16.878603 7.796489 24.606646
v -17.547577 7.660430 24.993357
v -18.144184 7.491314 25.474026
v -18.653736 7.293304 26.036816
v -19.063683 7.071277 26.667870
v -19.363934 6.830698 27.351648
v -19.547092 6.577493 28.071318
v -18.511963 7.892046 28.633381
v -18.923761 7.715163 28.494173
v -19.250566 7.421250 28.329676
v -19.460390 7.039079 28.155994
v -18.333147 8.113533 28.003862
v -18.726082 7.960017 27.798239
v -19.037916 7.684649 27.581036
v -19.238127 7.314384 27.373514
v -18.041164 8.321350 27.413197
v -18.403296 8.189759 27.145260
v -18.690683 7.931790 26.878601
v -18.875198 7.572696 26.639330
v -17.644888 8.509183 26.879333
v -17.965212 8.397407 26.555073
v -18.219421 8.155165 26.243719
v -18.382633 7.806168 25.975748
v -17.156357 8.671323 26.418493
v -17.425138 8.576653 26.045614
v -17.638447 8.347986 25.695677
v -17.775398 8.007705 25.402931
v -16.590414 8.802844 26.044678
v -16.799490 8.722050 25.632362
v -16.965414 8.504395 25.251125
v -17.071943 8.171184 24.938288
v -15.964256 8.899751 25.769247
v -16.107273 8.829181 25.327871
v -16.220772 8.619638 24.923574
v -16.293642 8.291636 24.595932
v -15.296910 8.959098 25.600569
v -15.369521 8.894789 25.141397
v -15.427146 8.690216 24.722979
v -15.464143 8.365404 24.386267
v -19.608650 4.711350 33.375336
v -19.535236 5.148602 33.529175
v -19.322176 5.543052 33.667957
v -18.990330 5.856090 33.778095
v -18.572176 6.057072 33.848808
v -18.108650 6.126327 33.873177
v -19.547092 4.451754 34.113171
v -19.363934 4.198548 34.832840
v -19.063683 3.957970 35.516621
v -18.653736 3.735943 36.147675
v -18.144184 3.537933 36.710464
v -17.547577 3.368817 37.191132
v -16.878603 3.232758 37.577843
v -16.153736 3.133107 37.861076
v -15.390823 3.072318 38.033852
v -15.291467 4.987022 37.111343
v -15.948043 5.053125 36.923466
v -16.553146 5.160471 36.618362
v -17.083525 5.304934 36.207764
v -17.518795 5.480963 35.707451
v -17.842230 5.681792 35.136646
v -18.041399 5.899704 34.517288
v -19.460390 4.864670 34.336178
v -19.250566 5.271399 34.440060
v -18.923761 5.603562 34.495838
v -18.511963 5.828644 34.498055
v -19.238127 4.589366 35.118656
v -19.037916 5.008002 35.188698
v -18.726082 5.358709 35.191772
v -18.333147 5.607157 35.127575
v -18.875198 4.331054 35.852840
v -18.690683 4.760860 35.891132
v -18.403296 5.128967 35.844753
v -18.041164 5.399340 35.718239
v -18.382633 4.097582 36.516422
v -18.219421 4.537486 36.526016
v -17.965212 4.921318 36.434937
v -17.644888 5.211508 36.252102
v -17.775398 3.896045 37.089237
v -17.638447 4.344664 37.074059
v -17.425138 4.742072 36.944397
v -17.156357 5.049368 36.712944
v -17.071943 3.732566 37.553883
v -16.965414 4.188256 37.518608
v -16.799490 4.596675 37.357651
v -16.590414 4.917846 37.086758
v -16.293642 3.612113 37.896240
v -16.220772 4.073012 37.846161
v -16.107273 4.489545 37.662140
v -15.964256 4.820940 37.362190
v -15.464143 3.538346 38.105904
v -15.427146 4.002434 38.046757
v -15.369521 4.423937 37.848614
v -15.296910 4.761592 37.530869
v 19.608650 1.129652 26.983744
v 19.547092 1.389249 26.245909
v 19.363934 1.642454 25.526239
v 19.063683 1.883032 24.842459
v 18.653736 2.105060 24.211405
v 18.144184 2.303070 23.648615
v 17.547577 2.472186 23.167946
v 16.878603 2.608245 22.781237
v 16.153736 2.707895 22.498005
v 15.390823 2.768685 22.325228
v 14.608651 2.789115 22.267159
v 19.608650 -0.476894 31.549925
v 14.608651 -2.136357 36.266510
v 15.390823 -2.115926 36.208443
v 16.153736 -2.055137 36.035664
v 16.878603 -1.955486 35.752434
v 17.547577 -1.819428 35.365723
v 18.144184 -1.650311 34.885056
v 18.653736 -1.452302 34.322266
v 19.063683 -1.230274 33.691212
v 19.363934 -0.989697 33.007431
v 19.547092 -0.736492 32.287762
v -14.608651 -2.136357 36.266510
v -14.608651 2.789115 22.267159
v -15.390823 2.768685 22.325228
v -16.153736 2.707895 22.498005
v -16.878603 2.608245 22.781237
v -17.547577 2.472186 23.167946
v -18.144184 2.303070 23.648615
v -18.653736 2.105060 24.211405
v -19.063683 1.883032 24.842459
v -19.363934 1.642454 25.526239
v -19.547092 1.389249 26.245909
v -19.608650 1.129652 26.983744
v -19.608650 -0.476894 31.549925
v -19.547092 -0.736492 32.287762
v -19.363934 -0.989697 33.007431
v -19.063683 -1.230274 33.691212
v -18.653736 -1.452302 34.322266
v -18.144184 -1.650311 34.885056
v -17.547577 -1.819428 35.365723
v -16.878603 -1.955486 35.752434
v -16.153736 -2.055137 36.035664
v -15.390823 -2.115926 36.208443
vn -0.0000 0.7946 0.6071
vn -0.0000 0.9433 0.3319
vn -0.0001 0.7946 0.6071
vn -0.0000 0.7946 0.6072
vn -0.0000 0.5681 0.8230
vn -0.0000 0.2860 0.9582
vn -0.0000 0.2859 0.9582
vn -0.0000 -0.0241 0.9997
vn -0.0000 -0.0242 0.9997
vn -0.0000 -0.3319 0.9433
vn 0.0001 -0.0242 0.9997
vn 1.0000 -0.0000 -0.0000
vn 0.9511 0.2915 0.1026
vn 0.9877 -0.0519 0.1476
vn 0.9366 0.2367 0.2583
vn 0.9366 0.2367 0.2584
vn 0.9511 -0.1025 0.2915
vn 0.9366 0.2366 0.2584
vn 0.8937 0.1835 0.4094
vn 0.9510 -0.1025 0.2916
vn 0.8910 -0.1507 0.4283
vn 0.8910 -0.1506 0.4282
vn 0.8236 0.1337 0.5511
vn 0.8236 0.1336 0.5511
vn 0.8090 -0.1950 0.5545
vn 0.7286 0.0886 0.6792
vn 0.8090 -0.1951 0.5545
vn 0.7286 0.0885 0.6792
vn 0.7071 -0.2346 0.6670
vn 0.7285 0.0886 0.6792
vn 0.6113 0.0497 0.7898
vn 0.7071 -0.2346 0.6671
vn 0.6113 0.0496 0.7898
vn 0.5878 -0.2685 0.7632
vn 0.4755 0.0181 0.8795
vn 0.4540 -0.2957 0.8405
vn 0.3253 -0.0051 0.9456
vn 0.3090 -0.3156 0.8971
vn 0.3090 -0.3156 0.8972
vn 0.1652 -0.0194 0.9861
vn 0.1651 -0.0194 0.9861
vn 0.1564 -0.3278 0.9317
vn 0.9510 0.2915 0.1026
vn 0.8090 0.5544 0.1951
vn 0.7967 0.5078 0.3276
vn 0.8937 0.1836 0.4094
vn 0.7602 0.4626 0.4561
vn 0.7007 0.4202 0.5766
vn 0.7006 0.4202 0.5767
vn 0.6198 0.3819 0.6856
vn 0.7285 0.0886 0.6793
vn 0.6197 0.3818 0.6856
vn 0.6198 0.3818 0.6856
vn 0.5201 0.3488 0.7797
vn 0.5200 0.3488 0.7797
vn 0.4755 0.0182 0.8795
vn 0.4045 0.3219 0.8560
vn 0.2767 0.3021 0.9122
vn 0.1652 -0.0193 0.9861
vn 0.1405 0.2900 0.9467
vn 0.1651 -0.0193 0.9861
vn 0.1405 0.2901 0.9466
vn 0.1020 0.5710 0.8146
vn 0.1021 0.5710 0.8146
vn -0.0000 0.5680 0.8230
vn 0.1020 0.5711 0.8145
vn 0.0537 0.7961 0.6028
vn 0.0536 0.7961 0.6028
vn 0.0537 0.7962 0.6027
vn 0.1057 0.8008 0.5896
vn 0.1057 0.8008 0.5895
vn 0.1545 0.8083 0.5681
vn 0.1986 0.8186 0.5389
vn 0.2367 0.8312 0.5030
vn 0.0001 0.9433 0.3319
vn 0.2676 0.8459 0.4614
vn 0.2904 0.8621 0.4153
vn 0.2903 0.8621 0.4153
vn 0.3043 0.8794 0.3663
vn 0.3043 0.8793 0.3663
vn 0.3090 0.8972 0.3157
vn 0.3091 0.8971 0.3157
vn 0.3044 0.8793 0.3663
vn 0.5788 0.7293 0.3648
vn 0.3091 0.8971 0.3156
vn 0.5878 0.7632 0.2685
vn 0.5878 0.7631 0.2685
vn 0.5789 0.7293 0.3648
vn 0.7967 0.5079 0.3276
vn 0.8090 0.5545 0.1951
vn 0.7602 0.4627 0.4561
vn 0.5789 0.7292 0.3648
vn 0.5523 0.6965 0.4581
vn 0.5523 0.6965 0.4582
vn 0.2904 0.8620 0.4154
vn 0.5090 0.6657 0.5457
vn 0.2904 0.8621 0.4154
vn 0.2677 0.8459 0.4614
vn 0.5090 0.6656 0.5457
vn 0.2676 0.8458 0.4614
vn 0.4502 0.6378 0.6249
vn 0.2368 0.8312 0.5030
vn 0.3778 0.6138 0.6932
vn 0.2367 0.8312 0.5031
vn 0.1987 0.8186 0.5390
vn 0.3778 0.6137 0.6932
vn 0.2939 0.5942 0.7487
vn 0.1986 0.8186 0.5390
vn 0.2010 0.5799 0.7895
vn 0.1057 0.8007 0.5896
vn 0.1021 0.5711 0.8145
vn 0.7006 0.4203 0.5766
vn 0.5524 0.6964 0.4582
vn 0.5524 0.6964 0.4581
vn 0.7006 0.4203 0.5767
vn 0.5523 0.6964 0.4582
vn 0.5091 0.6656 0.5457
vn 0.6197 0.3819 0.6856
vn 0.5090 0.6656 0.5458
vn 0.5091 0.6656 0.5458
vn 0.4503 0.6377 0.6249
vn 0.4503 0.6377 0.6250
vn 0.3779 0.6137 0.6933
vn 0.4045 0.3220 0.8560
vn 0.3778 0.6137 0.6933
vn 0.2767 0.3022 0.9122
vn 0.2011 0.5798 0.7896
vn 0.2010 0.5798 0.7896
vn 0.9511 0.2915 0.1025
vn 0.3090 0.8971 0.3156
vn 0.5878 0.7632 0.2686
vn 0.3090 0.8971 0.3157
vn 0.3090 0.8972 0.3156
vn -0.0000 0.3319 -0.9433
vn -0.0000 0.6071 -0.7946
vn 0.1564 0.3278 -0.9317
vn 0.1651 0.6023 -0.7810
vn 0.1565 0.3278 -0.9317
vn 0.1652 0.6023 -0.7810
vn 0.3090 0.3157 -0.8971
vn 0.3252 0.5881 -0.7405
vn 0.3091 0.3157 -0.8971
vn 0.3253 0.5881 -0.7405
vn 0.4540 0.2957 -0.8405
vn 0.4540 0.2958 -0.8405
vn 0.4755 0.5649 -0.6744
vn 0.4756 0.5648 -0.6744
vn 0.5878 0.2685 -0.7632
vn 0.5878 0.2686 -0.7632
vn 0.4755 0.5648 -0.6744
vn 0.6113 0.5333 -0.5847
vn 0.5878 0.2685 -0.7631
vn 0.6114 0.5332 -0.5847
vn 0.7071 0.2347 -0.6670
vn 0.6114 0.5333 -0.5847
vn 0.7285 0.4944 -0.4742
vn 0.7286 0.4943 -0.4741
vn 0.8090 0.1951 -0.5545
vn 0.8090 0.1951 -0.5544
vn 0.7286 0.4944 -0.4741
vn 0.8236 0.4493 -0.3460
vn 0.8237 0.4493 -0.3460
vn 0.8910 0.1507 -0.4283
vn 0.8910 0.1507 -0.4282
vn 0.8937 0.3994 -0.2043
vn 0.9510 0.1026 -0.2915
vn 0.9511 0.1026 -0.2915
vn 0.9366 0.3463 -0.0533
vn 0.9877 0.0520 -0.1476
vn 0.9366 0.3463 -0.0532
vn 0.9877 0.0519 -0.1476
vn -0.0000 0.6072 -0.7946
vn -0.0000 0.8230 -0.5681
vn 0.1651 0.6024 -0.7809
vn 0.1405 0.8189 -0.5565
vn 0.1652 0.6024 -0.7809
vn 0.2767 0.8068 -0.5221
vn 0.4045 0.7870 -0.4659
vn 0.4045 0.7870 -0.4658
vn 0.5200 0.7601 -0.3896
vn 0.5200 0.7601 -0.3895
vn 0.7285 0.4944 -0.4741
vn 0.6197 0.7270 -0.2955
vn 0.6198 0.7270 -0.2955
vn 0.8236 0.4494 -0.3460
vn 0.7006 0.6887 -0.1865
vn 0.8937 0.3995 -0.2043
vn 0.7602 0.6463 -0.0660
vn 0.7602 0.6463 -0.0659
vn 0.7967 0.6011 0.0625
vn 0.7967 0.6011 0.0626
vn 0.9510 0.2915 0.1025
vn 0.5789 0.7970 0.1722
vn 0.5877 0.7632 0.2685
vn 0.5788 0.7971 0.1722
vn 0.3044 0.9149 0.2650
vn 0.3043 0.9150 0.2651
vn 0.3043 0.9150 0.2650
vn 0.2904 0.9322 0.2160
vn 0.2676 0.9484 0.1699
vn 0.2367 0.9631 0.1283
vn 0.1986 0.9757 0.0924
vn 0.1545 0.9860 0.0632
vn 0.1057 0.9935 0.0418
vn -0.0000 0.9433 0.3318
vn 0.1057 0.9935 0.0417
vn 0.0537 0.9981 0.0286
vn 0.0536 0.9982 0.0286
vn -0.0000 0.9997 0.0242
vn -0.0000 0.9997 0.0241
vn 0.0537 0.9982 0.0285
vn 0.1020 0.9553 -0.2775
vn -0.0000 0.9583 -0.2859
vn -0.0000 0.9582 -0.2860
vn 0.1021 0.9553 -0.2776
vn 0.1404 0.8189 -0.5565
vn 0.1405 0.8189 -0.5564
vn -0.0000 0.8230 -0.5680
vn 0.2767 0.8068 -0.5220
vn 0.1021 0.9553 -0.2775
vn 0.2010 0.9465 -0.2525
vn 0.2939 0.9321 -0.2116
vn 0.2939 0.9321 -0.2117
vn 0.3778 0.9126 -0.1562
vn 0.1986 0.9757 0.0923
vn 0.1987 0.9757 0.0923
vn 0.4502 0.8886 -0.0879
vn 0.2367 0.9631 0.1282
vn 0.4503 0.8886 -0.0879
vn 0.2368 0.9631 0.1283
vn 0.5090 0.8607 -0.0087
vn 0.2677 0.9484 0.1699
vn 0.5523 0.8299 0.0789
vn 0.2904 0.9322 0.2159
vn 0.3044 0.9150 0.2650
vn 0.2011 0.9465 -0.2526
vn 0.2010 0.9465 -0.2526
vn 0.5200 0.7602 -0.3895
vn 0.3778 0.9126 -0.1563
vn 0.6197 0.7271 -0.2955
vn 0.3779 0.9126 -0.1563
vn 0.4503 0.8885 -0.0879
vn 0.7006 0.6888 -0.1865
vn 0.6197 0.7271 -0.2954
vn 0.5091 0.8607 -0.0088
vn 0.7006 0.6887 -0.1864
vn 0.5091 0.8607 -0.0087
vn 0.5524 0.8299 0.0788
vn 0.5524 0.8299 0.0789
vn -0.0000 0.9582 -0.2859
vn -1.0000 -0.0000 -0.0000
vn -0.9511 0.2915 0.1025
vn -0.9877 0.0519 -0.1476
vn -0.9877 0.0519 -0.1475
vn -0.9511 0.2915 0.1026
vn -0.9366 0.3463 -0.0532
vn -0.9877 0.0520 -0.1476
vn -0.9366 0.3463 -0.0533
vn -0.9511 0.1026 -0.2915
vn -0.8937 0.3994 -0.2043
vn -0.8910 0.1507 -0.4282
vn -0.8937 0.3995 -0.2043
vn -0.8236 0.4493 -0.3460
vn -0.8910 0.1507 -0.4283
vn -0.8236 0.4493 -0.3461
vn -0.8090 0.1951 -0.5544
vn -0.7286 0.4944 -0.4741
vn -0.8090 0.1951 -0.5545
vn -0.7285 0.4944 -0.4742
vn -0.7071 0.2347 -0.6670
vn -0.6114 0.5333 -0.5847
vn -0.6113 0.5333 -0.5847
vn -0.5878 0.2685 -0.7631
vn -0.5878 0.2686 -0.7631
vn -0.4755 0.5648 -0.6744
vn -0.5878 0.2685 -0.7632
vn -0.4540 0.2957 -0.8405
vn -0.4540 0.2958 -0.8405
vn -0.4755 0.5649 -0.6744
vn -0.3253 0.5881 -0.7405
vn -0.3090 0.3157 -0.8971
vn -0.3252 0.5881 -0.7405
vn -0.1652 0.6023 -0.7810
vn -0.1651 0.6023 -0.7810
vn -0.1564 0.3279 -0.9317
vn -0.1564 0.3278 -0.9317
vn -0.9510 0.2915 0.1025
vn -0.8090 0.5545 0.1951
vn -0.7967 0.6011 0.0626
vn -0.7967 0.6011 0.0625
vn -0.7602 0.6463 -0.0659
vn -0.7602 0.6463 -0.0660
vn -0.7006 0.6887 -0.1865
vn -0.7285 0.4944 -0.4741
vn -0.6198 0.7270 -0.2955
vn -0.6197 0.7270 -0.2955
vn -0.5200 0.7601 -0.3895
vn -0.5200 0.7601 -0.3896
vn -0.4045 0.7870 -0.4658
vn -0.4045 0.7870 -0.4659
vn -0.2767 0.8068 -0.5221
vn -0.1652 0.6024 -0.7809
vn -0.1405 0.8189 -0.5565
vn -0.1651 0.6024 -0.7809
vn -0.1404 0.8189 -0.5565
vn -0.1020 0.9553 -0.2776
vn -0.1021 0.9553 -0.2776
vn -0.1020 0.9553 -0.2775
vn -0.0537 0.9982 0.0285
vn -0.0536 0.9982 0.0286
vn -0.0537 0.9981 0.0286
vn -0.1057 0.9935 0.0417
vn -0.1057 0.9935 0.0418
vn -0.1545 0.9860 0.0632
vn -0.1986 0.9757 0.0924
vn -0.2367 0.9631 0.1283
vn -0.2676 0.9484 0.1699
vn -0.2904 0.9322 0.2160
vn -0.0001 0.9433 0.3319
vn -0.2904 0.9322 0.2159
vn -0.3043 0.9150 0.2650
vn -0.3090 0.8972 0.3156
vn -0.3091 0.8971 0.3156
vn -0.3044 0.9149 0.2650
vn -0.5788 0.7970 0.1723
vn -0.5788 0.7971 0.1722
vn -0.5878 0.7632 0.2685
vn -0.5878 0.7631 0.2685
vn -0.5789 0.7970 0.1722
vn -0.3044 0.9150 0.2650
vn -0.5523 0.8299 0.0789
vn -0.5090 0.8607 -0.0087
vn -0.2677 0.9484 0.1699
vn -0.4502 0.8886 -0.0879
vn -0.4503 0.8886 -0.0879
vn -0.2368 0.9631 0.1283
vn -0.2367 0.9631 0.1282
vn -0.3778 0.9126 -0.1562
vn -0.1987 0.9757 0.0923
vn -0.2939 0.9321 -0.2116
vn -0.1986 0.9757 0.0923
vn -0.2010 0.9465 -0.2525
vn -0.1021 0.9553 -0.2775
vn -0.5524 0.8299 0.0788
vn -0.5524 0.8299 0.0789
vn -0.7006 0.6888 -0.1865
vn -0.5091 0.8607 -0.0087
vn -0.6197 0.7271 -0.2954
vn -0.5091 0.8607 -0.0088
vn -0.4503 0.8885 -0.0879
vn -0.5200 0.7602 -0.3895
vn -0.6197 0.7271 -0.2955
vn -0.4503 0.8885 -0.0880
vn -0.3779 0.9126 -0.1563
vn -0.3778 0.9126 -0.1563
vn -0.2939 0.9321 -0.2117
vn -0.2767 0.8068 -0.5220
vn -0.2011 0.9465 -0.2526
vn -0.1405 0.8189 -0.5564
vn -0.2010 0.9465 -0.2526
vn -0.9510 0.2915 0.1026
vn -0.8090 0.5544 0.1951
vn -0.8090 0.5545 0.1950
vn -0.3090 0.8971 0.3156
vn -0.5878 0.7632 0.2686
vn -0.3090 0.8972 0.3157
vn -0.3043 0.8793 0.3663
vn -0.3043 0.8794 0.3662
vn -0.3044 0.8793 0.3663
vn -0.3091 0.8971 0.3157
vn -0.5788 0.7293 0.3648
vn -0.5789 0.7293 0.3648
vn -0.7967 0.5079 0.3276
vn -0.7967 0.5078 0.3276
vn -0.9366 0.2367 0.2583
vn -0.9877 -0.0519 0.1476
vn -0.9366 0.2367 0.2584
vn -0.9511 -0.1025 0.2915
vn -0.9366 0.2366 0.2584
vn -0.8937 0.1835 0.4094
vn -0.9511 -0.1026 0.2915
vn -0.8910 -0.1507 0.4283
vn -0.8910 -0.1506 0.4283
vn -0.8237 0.1336 0.5511
vn -0.8090 -0.1950 0.5545
vn -0.8236 0.1337 0.5511
vn -0.7286 0.0886 0.6792
vn -0.8090 -0.1951 0.5545
vn -0.7071 -0.2346 0.6670
vn -0.7285 0.0886 0.6792
vn -0.7071 -0.2346 0.6671
vn -0.6113 0.0497 0.7898
vn -0.6113 0.0496 0.7898
vn -0.5878 -0.2685 0.7632
vn -0.4755 0.0181 0.8795
vn -0.4756 0.0181 0.8795
vn -0.4540 -0.2957 0.8405
vn -0.3253 -0.0051 0.9456
vn -0.3090 -0.3156 0.8971
vn -0.3090 -0.3156 0.8972
vn -0.1652 -0.0194 0.9861
vn -0.1565 -0.3278 0.9317
vn -0.1651 -0.0194 0.9861
vn -0.1564 -0.3278 0.9317
vn -0.1651 -0.0193 0.9861
vn -0.1405 0.2900 0.9467
vn -0.1652 -0.0193 0.9861
vn -0.2767 0.3021 0.9122
vn -0.4755 0.0182 0.8795
vn -0.4045 0.3219 0.8560
vn -0.4756 0.0182 0.8795
vn -0.5200 0.3488 0.7797
vn -0.7285 0.0886 0.6793
vn -0.6197 0.3818 0.6856
vn -0.6198 0.3819 0.6856
vn -0.7006 0.4202 0.5767
vn -0.8937 0.1836 0.4094
vn -0.7602 0.4626 0.4561
vn -0.1405 0.2901 0.9466
vn -0.1404 0.2901 0.9466
vn -0.1021 0.5710 0.8146
vn -0.2767 0.3022 0.9122
vn -0.2010 0.5798 0.7896
vn -0.2011 0.5798 0.7896
vn -0.4045 0.3220 0.8560
vn -0.2939 0.5942 0.7487
vn -0.3778 0.6137 0.6933
vn -0.3779 0.6137 0.6933
vn -0.6197 0.3819 0.6856
vn -0.6197 0.3819 0.6857
vn -0.4503 0.6377 0.6249
vn -0.7006 0.4203 0.5767
vn -0.5091 0.6656 0.5458
vn -0.7006 0.4203 0.5766
vn -0.5091 0.6656 0.5457
vn -0.7602 0.4627 0.4561
vn -0.5524 0.6964 0.4582
vn -0.5524 0.6964 0.4581
vn -0.5789 0.7292 0.3648
vn -0.0000 0.5681 0.8229
vn -0.1021 0.5711 0.8145
vn -0.0537 0.7961 0.6028
vn -0.2010 0.5799 0.7895
vn -0.1057 0.8007 0.5896
vn -0.1057 0.8008 0.5896
vn -0.1545 0.8083 0.5681
vn -0.3778 0.6137 0.6932
vn -0.1987 0.8186 0.5390
vn -0.4502 0.6378 0.6249
vn -0.2367 0.8312 0.5030
vn -0.4503 0.6378 0.6249
vn -0.2368 0.8312 0.5030
vn -0.5090 0.6656 0.5457
vn -0.2676 0.8459 0.4614
vn -0.5090 0.6657 0.5457
vn -0.5523 0.6965 0.4582
vn -0.2677 0.8459 0.4614
vn -0.2904 0.8620 0.4154
vn -0.5523 0.6965 0.4581
vn -0.2904 0.8621 0.4153
vn -0.0537 0.7962 0.6027
vn -0.1986 0.8186 0.5389
vn -0.2904 0.8621 0.4154
vn -0.2903 0.8621 0.4153
vn -0.3043 0.8794 0.3663
vn 0.3090 0.3156 -0.8972
vn 0.3090 0.3157 -0.8972
vn 0.3090 0.3156 -0.8971
vn 0.9877 0.0519 -0.1475
vn 0.9511 -0.1026 0.2915
vn 0.8910 -0.1507 0.4282
vn 0.7071 -0.2347 0.6670
vn 0.5878 -0.2685 0.7631
vn 0.3090 -0.3157 0.8972
vn 0.1565 -0.3278 0.9317
vn -0.3090 0.3156 -0.8971
vn -0.3090 0.3156 -0.8972
vn -0.3090 0.3157 -0.8972
vn -0.3090 -0.3157 0.8972
vn -0.3090 -0.3157 0.8971
vn -0.7071 -0.2347 0.6670
vn -0.5878 -0.2685 0.7631
vn -0.8910 -0.1507 0.4282
vn -0.0000 -0.9433 -0.3319
vt 2.441298 -0.070686
vt 1.467388 -0.070686
vt 2.441298 -0.117810
vt 0.493478 -0.070686
vt -0.480433 -0.117810
vt -0.480433 -0.070686
vt -0.480433 -0.023562
vt 0.493478 -0.023562
vt -0.480433 0.023562
vt 0.493478 0.023562
vt -0.480433 0.070686
vt 0.493478 0.070686
vt -0.480433 0.117810
vt 1.467388 0.070686
vt 2.441298 0.117810
vt 2.441298 0.070686
vt 2.441298 0.023562
vt 1.467388 0.023562
vt 2.441298 -0.023562
vt 1.467388 -0.023562
vt -0.000000 -1.432774
vt 0.047124 -1.432774
vt -0.000000 -1.361135
vt 0.047124 -1.353175
vt -0.000000 -1.289496
vt 0.047124 -1.273577
vt -0.000000 -1.217858
vt 0.047124 -1.193978
vt 0.000000 -1.146219
vt 0.047124 -1.114380
vt -0.000000 -1.074580
vt 0.047124 -1.034781
vt 0.000000 -1.002942
vt 0.047124 -0.955182
vt 0.000000 -0.931303
vt 0.047124 -0.875584
vt -0.000000 -0.859664
vt 0.047124 -0.795985
vt -0.000000 -0.788026
vt 0.047124 -0.716387
vt 0.000000 -0.716387
vt 0.094248 -1.432774
vt 0.094248 -1.353175
vt 0.094248 -1.273577
vt 0.094248 -1.193978
vt 0.094248 -1.114380
vt 0.094248 -1.034781
vt 0.094248 -0.955182
vt 0.094248 -0.875584
vt 0.094248 -0.795985
vt 0.094248 -0.716387
vt 0.141372 -0.795985
vt 0.141372 -0.716387
vt 0.188496 -0.795985
vt 0.188496 -0.716387
vt 0.235619 -0.716387
vt 0.235619 -0.805935
vt 0.188496 -0.875584
vt 0.235619 -0.895484
vt 0.188496 -0.955182
vt 0.235619 -0.985032
vt 0.188496 -1.034781
vt 0.235619 -1.074580
vt 0.188496 -1.114380
vt 0.235619 -1.164129
vt 0.188496 -1.193978
vt 0.235619 -1.253677
vt 0.188496 -1.273577
vt 0.235619 -1.343225
vt 0.188496 -1.353175
vt 0.235619 -1.432774
vt 0.188496 -1.432774
vt 0.141372 -1.353175
vt 0.141372 -1.432774
vt 0.141372 -1.273577
vt 0.141372 -1.193978
vt 0.141372 -1.114380
vt 0.141372 -1.034781
vt 0.141372 -0.955182
vt 0.141372 -0.875584
vt 0.613042 0.117810
vt 0.128986 0.117810
vt 0.613042 0.070686
vt 0.128986 0.070686
vt 0.613042 0.023562
vt 0.128986 0.023562
vt 0.613042 -0.023562
vt 0.128986 -0.023562
vt 0.613042 -0.070686
vt 0.128986 -0.070686
vt 0.613042 -0.117810
vt 0.128986 -0.117810
vt 0.000000 0.716387
vt 0.047124 0.716387
vt -0.000000 0.788026
vt 0.047124 0.795985
vt 0.000000 0.859664
vt 0.047124 0.875584
vt 0.000000 0.931303
vt 0.047124 0.955182
vt 0.000000 1.002942
vt 0.047124 1.034781
vt 0.000000 1.074580
vt 0.047124 1.114380
vt 0.000000 1.146219
vt 0.047124 1.193978
vt 0.000000 1.217858
vt 0.047124 1.273577
vt 0.000000 1.289496
vt 0.047124 1.353175
vt 0.000000 1.361135
vt 0.047124 1.432774
vt -0.000000 1.432774
vt 0.094248 0.716387
vt 0.094248 0.795985
vt 0.094248 0.875584
vt 0.094248 0.955182
vt 0.094248 1.034781
vt 0.094248 1.114380
vt 0.094248 1.193978
vt 0.094248 1.273577
vt 0.094248 1.353175
vt 0.094248 1.432774
vt 0.141372 1.353175
vt 0.141372 1.432774
vt 0.188496 1.353175
vt 0.188496 1.432774
vt 0.235619 1.432774
vt 0.235619 1.343225
vt 0.188496 1.273577
vt 0.235619 1.253677
vt 0.188496 1.193978
vt 0.235619 1.164129
vt 0.188496 1.114380
vt 0.235619 1.074580
vt 0.188496 1.034781
vt 0.235619 0.985032
vt 0.188496 0.955182
vt 0.235619 0.895484
vt 0.188496 0.875584
vt 0.235619 0.805935
vt 0.188496 0.795985
vt 0.235619 0.716387
vt 0.188496 0.716387
vt 0.141372 0.795985
vt 0.141372 0.716387
vt 0.141372 0.875584
vt 0.141372 0.955182
vt 0.141372 1.034781
vt 0.141372 1.114380
vt 0.141372 1.193978
vt 0.141372 1.273577
vt 0.000000 0.000000
vt 0.047124 0.000000
vt 0.000000 0.071639
vt 0.047124 0.079599
vt 0.000000 0.143277
vt 0.047124 0.159197
vt -0.000000 0.214916
vt 0.047124 0.238796
vt 0.000000 0.286555
vt 0.047124 0.318394
vt 0.000000 0.358193
vt 0.047124 0.397993
vt 0.000000 0.429832
vt 0.047124 0.477591
vt 0.000000 0.501471
vt 0.047124 0.557190
vt -0.000000 0.573109
vt 0.047124 0.636788
vt 0.000000 0.644748
vt 0.094248 0.000000
vt 0.094248 0.079599
vt 0.094248 0.159197
vt 0.094248 0.238796
vt 0.094248 0.318394
vt 0.094248 0.397993
vt 0.094248 0.477591
vt 0.094248 0.557190
vt 0.094248 0.636788
vt 0.141372 0.636788
vt 0.188496 0.636788
vt 0.235619 0.626838
vt 0.188496 0.557190
vt 0.235619 0.537290
vt 0.188496 0.477591
vt 0.235619 0.447742
vt 0.188496 0.397993
vt 0.235619 0.358193
vt 0.188496 0.318394
vt 0.235619 0.268645
vt 0.188496 0.238796
vt 0.235619 0.179097
vt 0.188496 0.159197
vt 0.235619 0.089548
vt 0.188496 0.079599
vt 0.235619 -0.000000
vt 0.188496 0.000000
vt 0.141372 0.079599
vt 0.141372 -0.000000
vt 0.141372 0.159197
vt 0.141372 0.238796
vt 0.141372 0.318394
vt 0.141372 0.397993
vt 0.141372 0.477591
vt 0.141372 0.557190
vt 0.235619 -0.089548
vt 0.188496 -0.079599
vt 0.141372 -0.079599
vt 0.094248 -0.079599
vt 0.047124 -0.079599
vt 0.000000 -0.071639
vt 0.000000 -0.143277
vt 0.047124 -0.159197
vt -0.000000 -0.214916
vt 0.047124 -0.238796
vt -0.000000 -0.286555
vt 0.047124 -0.318394
vt 0.000000 -0.358193
vt 0.047124 -0.397993
vt -0.000000 -0.429832
vt 0.047124 -0.477591
vt -0.000000 -0.501471
vt 0.047124 -0.557190
vt -0.000000 -0.573109
vt 0.047124 -0.636788
vt 0.000000 -0.644748
vt 0.094248 -0.636788
vt 0.094248 -0.557190
vt 0.094248 -0.477591
vt 0.094248 -0.397993
vt 0.094248 -0.318394
vt 0.094248 -0.238796
vt 0.094248 -0.159197
vt 0.141372 -0.636788
vt 0.141372 -0.557190
vt 0.141372 -0.477591
vt 0.141372 -0.397993
vt 0.141372 -0.318394
vt 0.141372 -0.238796
vt 0.141372 -0.159197
vt 0.188496 -0.636788
vt 0.188496 -0.557190
vt 0.188496 -0.477591
vt 0.188496 -0.397993
vt 0.188496 -0.318394
vt 0.188496 -0.238796
vt 0.188496 -0.159197
vt 0.235619 -0.626838
vt 0.235619 -0.537290
vt 0.235619 -0.447742
vt 0.235619 -0.358193
vt 0.235619 -0.268645
vt 0.235619 -0.179097
vt 0.500000 0.392699
vt -0.050000 0.392699
vt 0.500000 0.314159
vt -0.050000 0.314159
vt -0.050000 0.235619
vt 0.500000 0.235619
vt -0.050000 0.157080
vt 0.500000 0.157080
vt -0.050000 0.078540
vt 0.500000 0.078540
vt -0.050000 -0.000000
vt 0.500000 0.000000
vt -0.050000 -0.078540
vt 0.500000 -0.078540
vt -0.050000 -0.157080
vt 0.500000 -0.157080
vt -0.050000 -0.235619
vt 0.500000 -0.235619
vt -0.050000 -0.314159
vt 0.500000 -0.314159
vt 0.500000 -0.392699
vt -0.050000 -0.392699
vt 0.500000 -0.050000
vt 0.984056 -0.050000
vt 0.500000 0.500000
vt 0.984056 0.500000
vt -0.500000 -0.392699
vt 0.050000 -0.392699
vt -0.500000 -0.314159
vt 0.050000 -0.314159
vt 0.050000 -0.235619
vt -0.500000 -0.235619
vt 0.050000 -0.157080
vt -0.500000 -0.157080
vt 0.050000 -0.078540
vt -0.500000 -0.078540
vt 0.050000 -0.000000
vt -0.500000 -0.000000
vt 0.050000 0.078540
vt -0.500000 0.078540
vt 0.050000 0.157080
vt -0.500000 0.157080
vt 0.050000 0.235619
vt -0.500000 0.235619
vt 0.050000 0.314159
vt -0.500000 0.314159
vt -0.500000 0.392699
vt 0.050000 0.392699
vt 3.421730 -0.050000
vt 3.421730 0.500000
vt 1.460865 -0.592028
vt -1.810865 -0.242028
vt -1.460865 -0.592028
vt -1.804140 -0.310310
vt -1.784223 -0.375967
vt 1.529147 -0.585303
vt 1.594804 -0.565386
vt 1.655315 -0.533042
vt 1.708352 -0.489515
vt 1.751879 -0.436477
vt 1.784223 -0.375967
vt 1.804140 -0.310310
vt 1.810865 -0.242028
vt -1.810865 0.242028
vt 1.810865 0.242028
vt -1.460865 0.592028
vt 1.460865 0.592028
vt 1.804140 0.310310
vt 1.784223 0.375967
vt 1.751879 0.436477
vt 1.708352 0.489515
vt 1.655315 0.533042
vt 1.594804 0.565386
vt 1.529147 0.585303
vt -1.529147 0.585303
vt -1.594804 0.565386
vt -1.655315 0.533042
vt -1.708352 0.489515
vt -1.751879 0.436477
vt -1.784223 0.375967
vt -1.804140 0.310310
vt -1.751879 -0.436477
vt -1.708352 -0.489515
vt -1.655315 -0.533042
vt -1.594804 -0.565386
vt -1.529147 -0.585303
vt 1.954709 0.320245
vt 1.460865 0.742028
vt 1.960865 0.242028
vt -1.460865 0.742028
vt -1.960865 0.242028
vt -1.954709 0.320245
vt -1.936393 0.396536
vt -1.906368 0.469023
vt -1.865374 0.535921
vt -1.814418 0.595581
vt -1.754758 0.646536
vt -1.687860 0.687531
vt -1.615374 0.717556
vt -1.539082 0.735872
vt 1.936393 0.396536
vt 1.906368 0.469023
vt 1.865374 0.535921
vt 1.814418 0.595581
vt 1.754758 0.646536
vt 1.687860 0.687531
vt 1.615374 0.717556
vt 1.539082 0.735872
vt 1.960865 -0.242028
vt -1.960865 -0.242028
vt 1.460865 -0.742028
vt -1.460865 -0.742028
vt -1.954709 -0.320245
vt -1.936393 -0.396536
vt -1.906368 -0.469023
vt -1.865374 -0.535921
vt -1.814418 -0.595581
vt -1.754758 -0.646536
vt -1.687860 -0.687531
vt -1.615374 -0.717556
vt -1.539082 -0.735872
vt 1.539082 -0.735872
vt 1.615374 -0.717556
vt 1.687860 -0.687531
vt 1.754758 -0.646536
vt 1.814418 -0.595581
vt 1.865374 -0.535921
vt 1.906368 -0.469023
vt 1.936393 -0.396536
vt 1.954709 -0.320245
s 0
usemtl Steel_-_Satin.002
f 4370/5434/6806 4381/5435/6806 4369/5436/6807
f 4369/5436/6807 4381/5435/6806 4382/5437/6806
f 4369/5436/6807 4382/5437/6806 4380/5438/6807
f 4380/5438/6807 4382/5437/6806 4379/5439/6808
f 4379/5439/6809 4382/5437/6809 4378/5440/6810
f 4378/5440/6810 4382/5437/6809 4384/5441/6810
f 4378/5440/6810 4384/5441/6810 4377/5442/6811
f 4377/5442/6811 4384/5441/6810 4386/5443/6811
f 4377/5442/6812 4386/5443/6812 4376/5444/6813
f 4376/5444/6813 4386/5443/6812 4388/5445/6813
f 4376/5444/6814 4388/5445/6814 4375/5446/6815
f 4375/5446/6815 4388/5445/6814 4387/5447/6814
f 4375/5446/6815 4387/5447/6814 4374/5448/6815
f 4374/5448/6815 4387/5447/6814 4373/5449/6816
f 4373/5449/6813 4387/5447/6813 4372/5450/6812
f 4372/5450/6812 4387/5447/6813 4385/5451/6812
f 4372/5450/6811 4385/5451/6811 4371/5452/6810
f 4371/5452/6810 4385/5451/6811 4383/5453/6810
f 4371/5452/6810 4383/5453/6810 4370/5434/6809
f 4370/5434/6809 4383/5453/6810 4381/5435/6809
f 4384/5441/6810 4382/5437/6809 4381/5435/6809
f 4384/5441/6810 4381/5435/6809 4383/5453/6810
f 4386/5443/6811 4384/5441/6810 4383/5453/6810
f 4386/5443/6811 4383/5453/6810 4385/5451/6811
f 4388/5445/6813 4386/5443/6812 4385/5451/6812
f 4388/5445/6813 4385/5451/6812 4387/5447/6813
f 4389/5454/6817 4390/5455/6818 4410/5456/6819
f 4410/5456/6819 4390/5455/6818 4414/5457/6820
f 4410/5456/6819 4414/5457/6821 4409/5458/6822
f 4409/5458/6822 4414/5457/6823 4418/5459/6824
f 4409/5458/6825 4418/5459/6824 4408/5460/6826
f 4408/5460/6827 4418/5459/6824 4422/5461/6828
f 4408/5460/6826 4422/5461/6829 4407/5462/6830
f 4407/5462/6830 4422/5461/6828 4426/5463/6831
f 4407/5462/6832 4426/5463/6833 4406/5464/6834
f 4406/5464/6834 4426/5463/6835 4430/5465/6836
f 4406/5464/6837 4430/5465/6838 4405/5466/6839
f 4405/5466/6839 4430/5465/6836 4434/5467/6840
f 4405/5466/6839 4434/5467/6840 4404/5468/6841
f 4404/5468/6841 4434/5467/6840 4438/5469/6842
f 4404/5468/6841 4438/5469/6842 4403/5470/6843
f 4403/5470/6844 4438/5469/6842 4442/5471/6845
f 4403/5470/6844 4442/5471/6846 4402/5472/6847
f 4402/5472/6847 4442/5471/6846 4376/5473/6814
f 4402/5472/6847 4376/5473/6814 4375/5474/6815
f 4390/5455/6848 4391/5475/6849 4414/5457/6820
f 4414/5457/6820 4391/5475/6849 4413/5476/6850
f 4414/5457/6821 4413/5476/6850 4418/5459/6851
f 4418/5459/6851 4413/5476/6850 4417/5477/6852
f 4418/5459/6851 4417/5477/6852 4422/5461/6828
f 4422/5461/6828 4417/5477/6852 4421/5478/6853
f 4422/5461/6828 4421/5478/6854 4426/5463/6835
f 4426/5463/6835 4421/5478/6854 4425/5479/6855
f 4426/5463/6856 4425/5479/6857 4430/5465/6836
f 4430/5465/6836 4425/5479/6858 4429/5480/6859
f 4430/5465/6836 4429/5480/6860 4434/5467/6861
f 4434/5467/6861 4429/5480/6860 4433/5481/6862
f 4434/5467/6861 4433/5481/6862 4438/5469/6842
f 4438/5469/6842 4433/5481/6862 4437/5482/6863
f 4438/5469/6842 4437/5482/6863 4442/5471/6864
f 4442/5471/6864 4437/5482/6863 4441/5483/6865
f 4442/5471/6866 4441/5483/6865 4376/5473/6813
f 4376/5473/6813 4441/5483/6865 4377/5484/6812
f 4377/5484/6811 4441/5483/6867 4440/5485/6868
f 4377/5484/6811 4440/5485/6869 4378/5486/6870
f 4378/5486/6810 4440/5485/6871 4439/5487/6872
f 4378/5486/6810 4439/5487/6873 4379/5488/6809
f 4379/5488/6806 4439/5487/6874 4380/5489/6807
f 4380/5489/6807 4439/5487/6874 4401/5490/6807
f 4401/5490/6807 4439/5487/6874 4435/5491/6875
f 4401/5490/6807 4435/5491/6875 4400/5492/6807
f 4400/5492/6807 4435/5491/6876 4431/5493/6877
f 4400/5492/6807 4431/5493/6877 4399/5494/6807
f 4399/5494/6807 4431/5493/6877 4427/5495/6878
f 4399/5494/6807 4427/5495/6878 4398/5496/6807
f 4398/5496/6807 4427/5495/6878 4423/5497/6879
f 4398/5496/6807 4423/5497/6879 4397/5498/6880
f 4397/5498/6807 4423/5497/6879 4419/5499/6881
f 4397/5498/6807 4419/5499/6881 4396/5500/6807
f 4396/5500/6807 4419/5499/6881 4415/5501/6882
f 4396/5500/6880 4415/5501/6882 4395/5502/6880
f 4395/5502/6807 4415/5501/6883 4411/5503/6884
f 4395/5502/6807 4411/5503/6885 4394/5504/6807
f 4394/5504/6807 4411/5503/6884 4393/5505/6886
f 4393/5505/6887 4411/5503/6888 4412/5506/6889
f 4393/5505/6890 4412/5506/6889 4392/5507/6891
f 4392/5507/6892 4412/5506/6893 4413/5476/6894
f 4392/5507/6892 4413/5476/6894 4391/5475/6895
f 4417/5477/6896 4413/5476/6894 4412/5506/6897
f 4412/5506/6889 4411/5503/6888 4416/5508/6898
f 4416/5508/6898 4411/5503/6888 4415/5501/6882
f 4416/5508/6899 4415/5501/6900 4420/5509/6901
f 4420/5509/6901 4415/5501/6902 4419/5499/6903
f 4420/5509/6904 4419/5499/6905 4424/5510/6906
f 4424/5510/6906 4419/5499/6905 4423/5497/6907
f 4424/5510/6906 4423/5497/6879 4428/5511/6908
f 4428/5511/6908 4423/5497/6909 4427/5495/6910
f 4428/5511/6911 4427/5495/6910 4432/5512/6912
f 4432/5512/6912 4427/5495/6913 4431/5493/6877
f 4432/5512/6912 4431/5493/6877 4436/5513/6914
f 4436/5513/6914 4431/5493/6877 4435/5491/6915
f 4436/5513/6914 4435/5491/6915 4440/5485/6916
f 4440/5485/6916 4435/5491/6915 4439/5487/6872
f 4421/5478/6917 4417/5477/6852 4416/5508/6918
f 4416/5508/6919 4417/5477/6852 4412/5506/6897
f 4421/5478/6920 4416/5508/6921 4420/5509/6922
f 4425/5479/6923 4421/5478/6854 4420/5509/6924
f 4425/5479/6923 4420/5509/6925 4424/5510/6926
f 4429/5480/6860 4425/5479/6923 4424/5510/6927
f 4429/5480/6860 4424/5510/6926 4428/5511/6928
f 4433/5481/6929 4429/5480/6860 4428/5511/6930
f 4433/5481/6929 4428/5511/6930 4432/5512/6912
f 4437/5482/6931 4433/5481/6929 4432/5512/6912
f 4437/5482/6931 4432/5512/6912 4436/5513/6932
f 4441/5483/6867 4437/5482/6931 4436/5513/6933
f 4441/5483/6867 4436/5513/6933 4440/5485/6869
f 4389/5514/6817 4443/5515/6817 4390/5516/6934
f 4390/5516/6818 4443/5515/6817 4444/5517/6818
f 4390/5516/6848 4444/5517/6848 4391/5518/6849
f 4391/5518/6849 4444/5517/6848 4445/5519/6849
f 4391/5518/6895 4445/5519/6895 4392/5520/6892
f 4392/5520/6892 4445/5519/6895 4446/5521/6892
f 4392/5520/6891 4446/5521/6891 4393/5522/6935
f 4393/5522/6935 4446/5521/6936 4447/5523/6937
f 4393/5522/6938 4447/5523/6938 4394/5524/6807
f 4394/5524/6807 4447/5523/6886 4448/5525/6807
f 4449/5526/6939 4450/5527/6940 4470/5528/6941
f 4470/5528/6941 4450/5527/6940 4474/5529/6942
f 4470/5528/6943 4474/5529/6944 4469/5530/6945
f 4469/5530/6945 4474/5529/6944 4478/5531/6946
f 4469/5530/6947 4478/5531/6948 4468/5532/6949
f 4468/5532/6950 4478/5531/6948 4482/5533/6951
f 4468/5532/6949 4482/5533/6952 4467/5534/6953
f 4467/5534/6954 4482/5533/6955 4486/5535/6956
f 4467/5534/6957 4486/5535/6958 4466/5536/6959
f 4466/5536/6959 4486/5535/6960 4490/5537/6961
f 4466/5536/6959 4490/5537/6962 4465/5538/6963
f 4465/5538/6964 4490/5537/6965 4494/5539/6966
f 4465/5538/6963 4494/5539/6967 4464/5540/6968
f 4464/5540/6969 4494/5539/6966 4498/5541/6970
f 4464/5540/6969 4498/5541/6970 4463/5542/6971
f 4463/5542/6972 4498/5541/6970 4502/5543/6973
f 4463/5542/6972 4502/5543/6973 4462/5544/6974
f 4462/5544/6974 4502/5543/6975 4444/5545/6818
f 4462/5544/6976 4444/5545/6934 4443/5546/6817
f 4450/5527/6977 4451/5547/6978 4474/5529/6979
f 4474/5529/6979 4451/5547/6978 4473/5548/6980
f 4474/5529/6981 4473/5548/6980 4478/5531/6948
f 4478/5531/6948 4473/5548/6980 4477/5549/6982
f 4478/5531/6948 4477/5549/6982 4482/5533/6951
f 4482/5533/6951 4477/5549/6982 4481/5550/6983
f 4482/5533/6951 4481/5550/6984 4486/5535/6956
f 4486/5535/6956 4481/5550/6984 4485/5551/6985
f 4486/5535/6956 4485/5551/6986 4490/5537/6987
f 4490/5537/6987 4485/5551/6986 4489/5552/6988
f 4490/5537/6987 4489/5552/6989 4494/5539/6990
f 4494/5539/6990 4489/5552/6989 4493/5553/6991
f 4494/5539/6966 4493/5553/6991 4498/5541/6992
f 4498/5541/6992 4493/5553/6991 4497/5554/6993
f 4498/5541/6992 4497/5554/6994 4502/5543/6975
f 4502/5543/6975 4497/5554/6994 4501/5555/6995
f 4502/5543/6975 4501/5555/6996 4444/5545/6848
f 4444/5545/6997 4501/5555/6996 4445/5556/6895
f 4445/5556/6895 4501/5555/6996 4500/5557/6998
f 4445/5556/6895 4500/5557/6998 4446/5558/6892
f 4446/5558/6999 4500/5557/7000 4499/5559/7001
f 4446/5558/6891 4499/5559/7001 4447/5560/6890
f 4447/5560/6938 4499/5559/7002 4448/5561/6807
f 4448/5561/6880 4499/5559/7003 4461/5562/6880
f 4461/5562/6807 4499/5559/7003 4495/5563/7004
f 4461/5562/6880 4495/5563/7004 4460/5564/6880
f 4460/5564/6807 4495/5563/7004 4491/5565/7005
f 4460/5564/6807 4491/5565/7005 4459/5566/6807
f 4459/5566/6807 4491/5565/7005 4487/5567/7006
f 4459/5566/6807 4487/5567/7006 4458/5568/6807
f 4458/5568/6807 4487/5567/7006 4483/5569/7007
f 4458/5568/6807 4483/5569/7007 4457/5570/6807
f 4457/5570/6807 4483/5569/7007 4479/5571/7008
f 4457/5570/6807 4479/5571/7008 4456/5572/6807
f 4456/5572/6807 4479/5571/7008 4475/5573/7009
f 4456/5572/7010 4475/5573/7009 4455/5574/7010
f 4455/5574/7010 4475/5573/7011 4471/5575/7012
f 4455/5574/7010 4471/5575/7013 4454/5576/7010
f 4454/5576/7010 4471/5575/7012 4453/5577/7014
f 4453/5577/7015 4471/5575/7016 4472/5578/7017
f 4453/5577/7015 4472/5578/7017 4452/5579/7018
f 4452/5579/7019 4472/5578/7020 4473/5548/7021
f 4452/5579/7019 4473/5548/7022 4451/5547/7023
f 4477/5549/7024 4473/5548/7022 4472/5578/7020
f 4472/5578/7025 4471/5575/7016 4476/5580/7026
f 4476/5580/7026 4471/5575/7016 4475/5573/7011
f 4476/5580/7026 4475/5573/7011 4480/5581/7027
f 4480/5581/7028 4475/5573/7011 4479/5571/7008
f 4480/5581/7027 4479/5571/7008 4484/5582/7029
f 4484/5582/7029 4479/5571/7008 4483/5569/7030
f 4484/5582/7029 4483/5569/7031 4488/5583/7032
f 4488/5583/7032 4483/5569/7031 4487/5567/7033
f 4488/5583/7034 4487/5567/7035 4492/5584/7036
f 4492/5584/7036 4487/5567/7035 4491/5565/7005
f 4492/5584/7036 4491/5565/7037 4496/5585/7038
f 4496/5585/7038 4491/5565/7037 4495/5563/7039
f 4496/5585/7038 4495/5563/7039 4500/5557/7000
f 4500/5557/7000 4495/5563/7039 4499/5559/7040
f 4481/5550/6984 4477/5549/7024 4476/5580/7041
f 4476/5580/7042 4477/5549/7024 4472/5578/7020
f 4481/5550/6984 4476/5580/7041 4480/5581/7028
f 4485/5551/7043 4481/5550/6984 4480/5581/7028
f 4485/5551/7043 4480/5581/7028 4484/5582/7044
f 4489/5552/7045 4485/5551/7043 4484/5582/7046
f 4489/5552/7045 4484/5582/7046 4488/5583/7047
f 4493/5553/7048 4489/5552/7049 4488/5583/7047
f 4493/5553/7048 4488/5583/7047 4492/5584/7050
f 4497/5554/6994 4493/5553/7051 4492/5584/7052
f 4497/5554/6994 4492/5584/7050 4496/5585/7053
f 4501/5555/6996 4497/5554/6994 4496/5585/7054
f 4501/5555/6995 4496/5585/7054 4500/5557/6998
f 4504/5444/6940 4509/5445/6940 4503/5446/6939
f 4503/5446/6939 4509/5445/6940 4510/5447/6940
f 4503/5446/6939 4510/5447/6940 4449/5448/6939
f 4449/5448/6939 4510/5447/6940 4450/5449/6940
f 4450/5449/6977 4510/5447/6977 4451/5450/6978
f 4451/5450/6978 4510/5447/6977 4512/5451/6978
f 4451/5450/7023 4512/5451/7023 4452/5452/7019
f 4452/5452/7019 4512/5451/7023 4514/5453/7019
f 4452/5452/7055 4514/5453/7055 4453/5434/7015
f 4453/5434/7015 4514/5453/7018 4516/5435/7015
f 4453/5434/7014 4516/5435/7014 4454/5436/6807
f 4454/5436/6807 4516/5435/7014 4515/5437/7014
f 4454/5436/6807 4515/5437/7014 4508/5438/6807
f 4508/5438/6807 4515/5437/7014 4507/5439/7014
f 4507/5439/7015 4515/5437/7015 4506/5440/7018
f 4506/5440/7055 4515/5437/7015 4513/5441/7055
f 4506/5440/7019 4513/5441/7019 4505/5442/7023
f 4505/5442/7023 4513/5441/7019 4511/5443/7023
f 4505/5442/6978 4511/5443/6978 4504/5444/6977
f 4504/5444/6977 4511/5443/6978 4509/5445/6977
f 4512/5451/6978 4510/5447/6977 4509/5445/6977
f 4512/5451/6978 4509/5445/6977 4511/5443/6978
f 4514/5453/7019 4512/5451/7023 4511/5443/7023
f 4514/5453/7019 4511/5443/7023 4513/5441/7019
f 4516/5435/7015 4514/5453/7055 4513/5441/7055
f 4516/5435/7015 4513/5441/7018 4515/5437/7015
f 4517/5586/7056 4518/5587/7057 4538/5588/7058
f 4538/5588/7059 4518/5587/7060 4542/5589/7061
f 4538/5588/7062 4542/5589/7063 4537/5590/7064
f 4537/5590/7064 4542/5589/7063 4546/5591/7065
f 4537/5590/7064 4546/5591/7065 4536/5592/7066
f 4536/5592/7066 4546/5591/7067 4550/5593/7068
f 4536/5592/7069 4550/5593/7070 4535/5594/7071
f 4535/5594/7071 4550/5593/7068 4554/5595/7072
f 4535/5594/7073 4554/5595/7074 4534/5596/7075
f 4534/5596/7075 4554/5595/7074 4558/5597/7076
f 4534/5596/7075 4558/5597/7077 4533/5598/7078
f 4533/5598/7079 4558/5597/7077 4562/5599/7080
f 4533/5598/7081 4562/5599/7080 4532/5600/7082
f 4532/5600/7083 4562/5599/7084 4566/5601/7085
f 4532/5600/7082 4566/5601/7085 4531/5602/7086
f 4531/5602/7086 4566/5601/7087 4570/5603/7088
f 4531/5602/7086 4570/5603/7089 4530/5604/7090
f 4530/5604/7091 4570/5603/7089 4504/5527/6940
f 4530/5604/7091 4504/5527/6940 4503/5526/6939
f 4518/5587/7092 4519/5605/7093 4542/5589/7061
f 4542/5589/7061 4519/5605/7093 4541/5606/7094
f 4542/5589/7061 4541/5606/7095 4546/5591/7067
f 4546/5591/7067 4541/5606/7095 4545/5607/7096
f 4546/5591/7067 4545/5607/7097 4550/5593/7068
f 4550/5593/7068 4545/5607/7096 4549/5608/7098
f 4550/5593/7068 4549/5608/7098 4554/5595/7099
f 4554/5595/7099 4549/5608/7098 4553/5609/7100
f 4554/5595/7099 4553/5609/7101 4558/5597/7077
f 4558/5597/7077 4553/5609/7101 4557/5610/7102
f 4558/5597/7077 4557/5610/7102 4562/5599/7084
f 4562/5599/7084 4557/5610/7103 4561/5611/7104
f 4562/5599/7084 4561/5611/7105 4566/5601/7085
f 4566/5601/7085 4561/5611/7105 4565/5612/7106
f 4566/5601/7085 4565/5612/7106 4570/5603/7107
f 4570/5603/7107 4565/5612/7106 4569/5613/7108
f 4570/5603/7109 4569/5613/7108 4504/5527/6977
f 4504/5527/6977 4569/5613/7108 4505/5547/6978
f 4505/5547/7023 4569/5613/7110 4568/5614/7111
f 4505/5547/7023 4568/5614/7112 4506/5579/7019
f 4506/5579/7018 4568/5614/7113 4567/5615/7114
f 4506/5579/7018 4567/5615/7114 4507/5577/7015
f 4507/5577/7014 4567/5615/7115 4508/5576/7010
f 4508/5576/7010 4567/5615/7115 4529/5616/7010
f 4529/5616/7010 4567/5615/7116 4563/5617/7117
f 4529/5616/7010 4563/5617/7118 4528/5618/7010
f 4528/5618/6807 4563/5617/7118 4559/5619/7119
f 4528/5618/6807 4559/5619/7119 4527/5620/6807
f 4527/5620/6807 4559/5619/7119 4555/5621/7120
f 4527/5620/6807 4555/5621/7120 4526/5622/6807
f 4526/5622/6807 4555/5621/7120 4551/5623/7121
f 4526/5622/6807 4551/5623/7121 4525/5624/6807
f 4525/5624/6807 4551/5623/7121 4547/5625/7122
f 4525/5624/6807 4547/5625/7122 4524/5626/6807
f 4524/5626/6807 4547/5625/7122 4543/5627/7123
f 4524/5626/7124 4543/5627/7123 4523/5628/7124
f 4523/5628/6807 4543/5627/7125 4539/5629/7126
f 4523/5628/7124 4539/5629/7126 4522/5630/7124
f 4522/5630/6807 4539/5629/7126 4521/5631/7127
f 4521/5631/7128 4539/5629/7129 4540/5632/7130
f 4521/5631/7128 4540/5632/7131 4520/5633/7132
f 4520/5633/7133 4540/5632/7134 4541/5606/7094
f 4520/5633/7133 4541/5606/7094 4519/5605/7093
f 4545/5607/7096 4541/5606/7095 4540/5632/7134
f 4540/5632/7131 4539/5629/7135 4544/5634/7136
f 4544/5634/7136 4539/5629/7135 4543/5627/7125
f 4544/5634/7136 4543/5627/7125 4548/5635/7137
f 4548/5635/7137 4543/5627/7125 4547/5625/7138
f 4548/5635/7137 4547/5625/7122 4552/5636/7139
f 4552/5636/7140 4547/5625/7122 4551/5623/7141
f 4552/5636/7139 4551/5623/7142 4556/5637/7143
f 4556/5637/7143 4551/5623/7142 4555/5621/7144
f 4556/5637/7143 4555/5621/7144 4560/5638/7145
f 4560/5638/7145 4555/5621/7146 4559/5619/7119
f 4560/5638/7145 4559/5619/7119 4564/5639/7147
f 4564/5639/7147 4559/5619/7119 4563/5617/7117
f 4564/5639/7147 4563/5617/7117 4568/5614/7148
f 4568/5614/7148 4563/5617/7117 4567/5615/7114
f 4549/5608/7098 4545/5607/7096 4544/5634/7149
f 4544/5634/7150 4545/5607/7096 4540/5632/7134
f 4549/5608/7151 4544/5634/7149 4548/5635/7152
f 4553/5609/7153 4549/5608/7151 4548/5635/7154
f 4553/5609/7153 4548/5635/7154 4552/5636/7155
f 4557/5610/7156 4553/5609/7157 4552/5636/7158
f 4557/5610/7156 4552/5636/7155 4556/5637/7159
f 4561/5611/7104 4557/5610/7156 4556/5637/7160
f 4561/5611/7104 4556/5637/7160 4560/5638/7161
f 4565/5612/7162 4561/5611/7104 4560/5638/7161
f 4565/5612/7162 4560/5638/7161 4564/5639/7163
f 4569/5613/7164 4565/5612/7162 4564/5639/7165
f 4569/5613/7164 4564/5639/7165 4568/5614/7112
f 4517/5514/7056 4571/5515/7056 4518/5516/7060
f 4518/5516/7057 4571/5515/7056 4572/5517/7057
f 4518/5516/7166 4572/5517/7166 4519/5518/7167
f 4519/5518/7167 4572/5517/7166 4573/5519/7167
f 4519/5518/7093 4573/5519/7093 4520/5520/7133
f 4520/5520/7133 4573/5519/7168 4574/5521/7133
f 4520/5520/7132 4574/5521/7132 4521/5522/7128
f 4521/5522/7169 4574/5521/7170 4575/5523/7169
f 4521/5522/7171 4575/5523/7171 4522/5524/6807
f 4522/5524/6807 4575/5523/7127 4576/5525/6807
f 4592/5640/6807 4576/5630/6807 4596/5641/7172
f 4596/5641/7173 4576/5630/6807 4575/5631/7171
f 4596/5641/7174 4575/5631/7175 4574/5633/7132
f 4596/5641/7174 4574/5633/7132 4595/5642/7176
f 4595/5642/7177 4574/5633/7133 4573/5605/7093
f 4595/5642/7177 4573/5605/7093 4594/5643/7178
f 4594/5643/7179 4573/5605/7093 4572/5587/7166
f 4594/5643/7179 4572/5587/7166 4593/5644/7180
f 4593/5644/7180 4572/5587/7060 4577/5645/7181
f 4593/5644/7182 4577/5645/7181 4578/5646/7183
f 4572/5587/7060 4571/5586/7056 4577/5645/7181
f 4593/5644/7184 4578/5646/7183 4597/5647/7185
f 4597/5647/7185 4578/5646/7186 4579/5648/7187
f 4597/5647/7185 4579/5648/7188 4601/5649/7189
f 4601/5649/7189 4579/5648/7187 4580/5650/7190
f 4601/5649/7191 4580/5650/7190 4605/5651/7192
f 4605/5651/7192 4580/5650/7193 4581/5652/7194
f 4605/5651/7195 4581/5652/7196 4609/5653/7197
f 4609/5653/7198 4581/5652/7196 4582/5654/7199
f 4609/5653/7197 4582/5654/7199 4613/5655/7200
f 4613/5655/7201 4582/5654/7199 4583/5656/7202
f 4613/5655/7200 4583/5656/7202 4617/5657/7203
f 4617/5657/7203 4583/5656/7202 4584/5658/7204
f 4617/5657/7203 4584/5658/7205 4621/5659/7206
f 4621/5659/7206 4584/5658/7205 4585/5660/7207
f 4621/5659/7208 4585/5660/7209 4373/5473/6814
f 4373/5473/6814 4585/5660/7209 4374/5474/6815
f 4373/5473/6813 4372/5484/6812 4621/5659/7210
f 4621/5659/7210 4372/5484/6812 4622/5661/7211
f 4621/5659/7212 4622/5661/7211 4617/5657/7203
f 4617/5657/7203 4622/5661/7211 4618/5662/7213
f 4617/5657/7203 4618/5662/7213 4613/5655/7214
f 4613/5655/7214 4618/5662/7213 4614/5663/7215
f 4613/5655/7216 4614/5663/7215 4609/5653/7197
f 4609/5653/7197 4614/5663/7215 4610/5664/7217
f 4609/5653/7197 4610/5664/7217 4605/5651/7195
f 4605/5651/7218 4610/5664/7217 4606/5665/7219
f 4605/5651/7195 4606/5665/7220 4601/5649/7191
f 4601/5649/7191 4606/5665/7220 4602/5666/7221
f 4601/5649/7191 4602/5666/7221 4597/5647/7222
f 4597/5647/7222 4602/5666/7221 4598/5667/7223
f 4597/5647/7222 4598/5667/7223 4593/5644/7182
f 4593/5644/7182 4598/5667/7223 4594/5643/7179
f 4372/5484/6811 4371/5486/6870 4622/5661/7224
f 4622/5661/7225 4371/5486/6870 4623/5668/7226
f 4622/5661/7224 4623/5668/7226 4618/5662/7227
f 4618/5662/7227 4623/5668/7226 4619/5669/7228
f 4618/5662/7227 4619/5669/7229 4614/5663/7230
f 4614/5663/7230 4619/5669/7229 4615/5670/7231
f 4614/5663/7230 4615/5670/7231 4610/5664/7217
f 4610/5664/7217 4615/5670/7231 4611/5671/7232
f 4610/5664/7217 4611/5671/7233 4606/5665/7234
f 4606/5665/7235 4611/5671/7233 4607/5672/7236
f 4606/5665/7234 4607/5672/7236 4602/5666/7221
f 4602/5666/7237 4607/5672/7236 4603/5673/7238
f 4602/5666/7239 4603/5673/7240 4598/5667/7241
f 4598/5667/7241 4603/5673/7240 4599/5674/7242
f 4598/5667/7241 4599/5674/7243 4594/5643/7178
f 4594/5643/7178 4599/5674/7243 4595/5642/7244
f 4371/5486/7245 4370/5488/6809 4623/5668/7246
f 4623/5668/7246 4370/5488/6809 4624/5675/7247
f 4623/5668/7246 4624/5675/7247 4619/5669/7248
f 4619/5669/7248 4624/5675/7247 4620/5676/7249
f 4619/5669/7248 4620/5676/7249 4615/5670/7231
f 4615/5670/7231 4620/5676/7250 4616/5677/7251
f 4615/5670/7231 4616/5677/7251 4611/5671/7252
f 4611/5671/7232 4616/5677/7251 4612/5678/7253
f 4611/5671/7252 4612/5678/7253 4607/5672/7254
f 4607/5672/7254 4612/5678/7253 4608/5679/7255
f 4607/5672/7256 4608/5679/7257 4603/5673/7258
f 4603/5673/7258 4608/5679/7257 4604/5680/7259
f 4603/5673/7260 4604/5680/7259 4599/5674/7261
f 4599/5674/7261 4604/5680/7262 4600/5681/7263
f 4599/5674/7264 4600/5681/7265 4595/5642/7176
f 4595/5642/7176 4600/5681/7265 4596/5641/7174
f 4370/5488/6806 4369/5489/6807 4624/5675/7266
f 4624/5675/7266 4369/5489/6807 4586/5682/6807
f 4624/5675/7266 4586/5682/6807 4620/5676/7250
f 4620/5676/7250 4586/5682/6807 4587/5683/6807
f 4620/5676/7250 4587/5683/6807 4616/5677/7251
f 4616/5677/7251 4587/5683/6807 4588/5684/6807
f 4616/5677/7251 4588/5684/6807 4612/5678/7267
f 4612/5678/7267 4588/5684/6807 4589/5685/6807
f 4612/5678/7267 4589/5685/6807 4608/5679/7255
f 4608/5679/7255 4589/5685/6807 4590/5686/6807
f 4608/5679/7255 4590/5686/6807 4604/5680/7259
f 4604/5680/7259 4590/5686/6807 4591/5687/6807
f 4604/5680/7259 4591/5687/6807 4600/5681/7268
f 4600/5681/7265 4591/5687/7124 4592/5640/7124
f 4600/5681/7269 4592/5640/6807 4596/5641/7270
f 4635/5688/6939 4449/5689/6939 4634/5690/6941
f 4634/5690/6941 4449/5689/6939 4470/5691/6941
f 4634/5690/6941 4470/5691/6941 4469/5692/7271
f 4634/5690/6941 4469/5692/7272 4633/5693/7272
f 4633/5693/7273 4469/5692/7273 4468/5694/6949
f 4633/5693/7273 4468/5694/6949 4632/5695/6949
f 4632/5695/6949 4468/5694/6949 4467/5696/6953
f 4632/5695/6949 4467/5696/6953 4631/5697/6953
f 4631/5697/6953 4467/5696/6957 4466/5698/6959
f 4631/5697/6957 4466/5698/6959 4630/5699/6959
f 4630/5699/6959 4466/5698/6959 4465/5700/6963
f 4630/5699/6959 4465/5700/6963 4629/5701/6963
f 4629/5701/6963 4465/5700/6963 4464/5702/6968
f 4629/5701/6964 4464/5702/6968 4628/5703/6968
f 4628/5703/6969 4464/5702/6969 4463/5704/6972
f 4628/5703/6969 4463/5704/6972 4627/5705/6972
f 4627/5705/6972 4463/5704/6972 4462/5706/6976
f 4627/5705/6972 4462/5706/6976 4626/5707/6976
f 4626/5707/7274 4462/5706/6976 4625/5708/6817
f 4625/5708/6817 4462/5706/6976 4443/5709/6817
f 4443/5710/6817 4389/5711/6817 4625/5712/6817
f 4625/5712/6817 4389/5711/6817 4636/5713/6817
f 4636/5714/6817 4389/5715/6817 4646/5716/6819
f 4646/5716/6819 4389/5715/6817 4410/5717/6819
f 4646/5716/6819 4410/5717/6819 4409/5718/7275
f 4646/5716/6819 4409/5718/7275 4645/5719/6822
f 4645/5719/7275 4409/5718/7275 4408/5720/7276
f 4645/5719/7275 4408/5720/7276 4644/5721/7276
f 4644/5721/6826 4408/5720/6826 4407/5722/6832
f 4644/5721/6826 4407/5722/6832 4643/5723/6832
f 4643/5723/6832 4407/5722/6832 4406/5724/7277
f 4643/5723/6832 4406/5724/7277 4642/5725/7277
f 4642/5725/7277 4406/5724/7277 4405/5726/7278
f 4642/5725/7277 4405/5726/7278 4641/5727/6839
f 4641/5727/6839 4405/5726/6839 4404/5728/6841
f 4641/5727/6839 4404/5728/6841 4640/5729/6841
f 4640/5729/6841 4404/5728/6841 4403/5730/6843
f 4640/5729/6841 4403/5730/6843 4639/5731/6843
f 4639/5731/7279 4403/5730/7279 4402/5732/7280
f 4639/5731/6844 4402/5732/7280 4638/5733/7280
f 4638/5733/6847 4402/5732/6847 4637/5734/6815
f 4637/5734/6815 4402/5732/6847 4375/5735/6815
f 4375/5710/6815 4374/5736/6815 4637/5712/6815
f 4637/5712/6815 4374/5736/6815 4647/5737/6815
f 4380/5738/6807 4576/5739/6807 4369/5740/6807
f 4369/5740/6807 4576/5739/6807 4592/5741/6807
f 4369/5740/6807 4592/5741/6807 4591/5742/6807
f 4401/5743/6807 4400/5744/6807 4380/5738/6807
f 4380/5738/6807 4400/5744/6807 4399/5745/6807
f 4380/5738/6807 4399/5745/6807 4398/5746/6807
f 4398/5746/6807 4397/5747/6807 4380/5738/6807
f 4380/5738/6807 4397/5747/6807 4396/5748/6807
f 4380/5738/6807 4396/5748/6807 4395/5749/6807
f 4395/5749/6807 4394/5750/6807 4380/5738/6807
f 4380/5738/6807 4394/5750/6807 4576/5739/6807
f 4576/5739/6807 4394/5750/6807 4522/5751/6807
f 4522/5751/6807 4394/5750/6807 4448/5752/6807
f 4522/5751/6807 4448/5752/6807 4508/5753/6807
f 4508/5753/6807 4448/5752/6807 4454/5754/6807
f 4454/5754/6807 4448/5752/6807 4461/5755/6807
f 4454/5754/6807 4461/5755/6807 4460/5756/6807
f 4460/5756/6807 4459/5757/6807 4454/5754/6807
f 4454/5754/6807 4459/5757/6807 4458/5758/6807
f 4454/5754/6807 4458/5758/6807 4457/5759/6807
f 4457/5759/6807 4456/5760/6807 4454/5754/6807
f 4454/5754/6807 4456/5760/6807 4455/5761/6807
f 4529/5762/6807 4528/5763/6807 4508/5753/6807
f 4508/5753/6807 4528/5763/6807 4527/5764/6807
f 4508/5753/6807 4527/5764/6807 4526/5765/6807
f 4526/5765/6807 4525/5766/6807 4508/5753/6807
f 4508/5753/6807 4525/5766/6807 4524/5767/6807
f 4508/5753/6807 4524/5767/6807 4523/5768/6807
f 4523/5768/6807 4522/5751/6807 4508/5753/6807
f 4591/5742/6807 4590/5769/6807 4369/5740/6807
f 4369/5740/6807 4590/5769/6807 4589/5770/6807
f 4369/5740/6807 4589/5770/6807 4588/5771/6807
f 4588/5771/6807 4587/5772/6807 4369/5740/6807
f 4369/5740/6807 4587/5772/6807 4586/5773/6807
f 4658/5688/7056 4517/5689/7056 4657/5690/7058
f 4657/5690/7058 4517/5689/7056 4538/5691/7058
f 4657/5690/7058 4538/5691/7058 4537/5692/7064
f 4657/5690/7058 4537/5692/7064 4656/5693/7064
f 4656/5693/7064 4537/5692/7064 4536/5694/7066
f 4656/5693/7064 4536/5694/7066 4655/5695/7066
f 4655/5695/7069 4536/5694/7069 4535/5696/7073
f 4655/5695/7069 4535/5696/7073 4654/5697/7073
f 4654/5697/7073 4535/5696/7073 4534/5698/7075
f 4654/5697/7073 4534/5698/7075 4653/5699/7075
f 4653/5699/7075 4534/5698/7075 4533/5700/7081
f 4653/5699/7075 4533/5700/7078 4652/5701/7078
f 4652/5701/7081 4533/5700/7081 4532/5702/7082
f 4652/5701/7081 4532/5702/7082 4651/5703/7082
f 4651/5703/7082 4532/5702/7082 4531/5704/7281
f 4651/5703/7082 4531/5704/7086 4650/5705/7086
f 4650/5705/7282 4531/5704/7282 4530/5706/7091
f 4650/5705/7283 4530/5706/7091 4649/5707/7091
f 4649/5707/7091 4530/5706/7091 4648/5708/6939
f 4648/5708/6939 4530/5706/7091 4503/5709/6939
f 4503/5710/6939 4449/5736/6939 4648/5712/6939
f 4648/5712/6939 4449/5736/6939 4635/5737/6939
f 4647/5688/6815 4374/5689/6815 4668/5690/7209
f 4668/5690/7209 4374/5689/6815 4585/5691/7209
f 4668/5690/7207 4585/5691/7207 4584/5692/7284
f 4668/5690/7207 4584/5692/7205 4667/5693/7205
f 4667/5693/7285 4584/5692/7285 4583/5694/7202
f 4667/5693/7204 4583/5694/7202 4666/5695/7202
f 4666/5695/7202 4583/5694/7202 4582/5696/7199
f 4666/5695/7202 4582/5696/7199 4665/5697/7199
f 4665/5697/7199 4582/5696/7199 4581/5698/7286
f 4665/5697/7287 4581/5698/7286 4664/5699/7286
f 4664/5699/7286 4581/5698/7286 4580/5700/7193
f 4664/5699/7286 4580/5700/7193 4663/5701/7193
f 4663/5701/7193 4580/5700/7193 4579/5702/7187
f 4663/5701/7193 4579/5702/7187 4662/5703/7187
f 4662/5703/7288 4579/5702/7288 4578/5704/7186
f 4662/5703/7288 4578/5704/7186 4661/5705/7186
f 4661/5705/7186 4578/5704/7183 4577/5706/7181
f 4661/5705/7186 4577/5706/7181 4660/5707/7181
f 4660/5707/7181 4577/5706/7181 4659/5708/7056
f 4659/5708/7056 4577/5706/7181 4571/5709/7056
f 4571/5710/7056 4517/5711/7056 4659/5712/7056
f 4659/5712/7056 4517/5711/7056 4658/5713/7056
f 4657/5774/7289 4648/5775/7289 4658/5776/7289
f 4658/5776/7289 4648/5775/7289 4635/5777/7289
f 4658/5776/7289 4635/5777/7289 4625/5778/7289
f 4625/5778/7289 4635/5777/7289 4626/5779/7289
f 4626/5779/7289 4635/5777/7289 4627/5780/7289
f 4627/5780/7289 4635/5777/7289 4628/5781/7289
f 4628/5781/7289 4635/5777/7289 4629/5782/7289
f 4629/5782/7289 4635/5777/7289 4630/5783/7289
f 4630/5783/7289 4635/5777/7289 4631/5784/7289
f 4631/5784/7289 4635/5777/7289 4632/5785/7289
f 4632/5785/7289 4635/5777/7289 4633/5786/7289
f 4633/5786/7289 4635/5777/7289 4634/5787/7289
f 4657/5774/7289 4656/5788/7289 4648/5775/7289
f 4648/5775/7289 4656/5788/7289 4655/5789/7289
f 4648/5775/7289 4655/5789/7289 4654/5790/7289
f 4654/5790/7289 4653/5791/7289 4648/5775/7289
f 4648/5775/7289 4653/5791/7289 4652/5792/7289
f 4648/5775/7289 4652/5792/7289 4651/5793/7289
f 4651/5793/7289 4650/5794/7289 4648/5775/7289
f 4648/5775/7289 4650/5794/7289 4649/5795/7289
f 4658/5776/7289 4625/5778/7289 4659/5796/7289
f 4659/5796/7289 4625/5778/7289 4636/5797/7289
f 4659/5796/7289 4636/5797/7289 4647/5798/7289
f 4647/5798/7289 4636/5797/7289 4637/5799/7289
f 4637/5799/7289 4636/5797/7289 4646/5800/7289
f 4637/5799/7289 4646/5800/7289 4645/5801/7289
f 4645/5801/7289 4644/5802/7289 4637/5799/7289
f 4637/5799/7289 4644/5802/7289 4643/5803/7289
f 4637/5799/7289 4643/5803/7289 4642/5804/7289
f 4642/5804/7289 4641/5805/7289 4637/5799/7289
f 4637/5799/7289 4641/5805/7289 4640/5806/7289
f 4637/5799/7289 4640/5806/7289 4639/5807/7289
f 4639/5807/7289 4638/5808/7289 4637/5799/7289
f 4668/5809/7289 4667/5810/7289 4647/5798/7289
f 4647/5798/7289 4667/5810/7289 4666/5811/7289
f 4647/5798/7289 4666/5811/7289 4665/5812/7289
f 4665/5812/7289 4664/5813/7289 4647/5798/7289
f 4647/5798/7289 4664/5813/7289 4663/5814/7289
f 4647/5798/7289 4663/5814/7289 4662/5815/7289
f 4662/5815/7289 4661/5816/7289 4647/5798/7289
f 4647/5798/7289 4661/5816/7289 4660/5817/7289
f 4647/5798/7289 4660/5817/7289 4659/5796/7289
